Shipment_ID,Tracking_Code,Carrier_Name,Origin_Facility,Destination_Facility,Cargo_Type,Cargo_Value_USD,Route_Distance_KM,Route_Type,Ambient_Avg_Temp_C,Ambient_Peak_Temp_C,Reefer_Set_Point_C,Reefer_Internal_Temp_C,Reefer_Max_Internal_Temp_C,Compressor_Age_Years,Compressor_Run_Hours,Compressor_Vibration_RMS,Door_Open_Events,Door_Open_Total_Mins,Insulation_Seal_Score,Thermal_Excursion_Minutes,Mean_Kinetic_Temp_C,Quality_Degradation_Score,Spoilage_Flag,Predicted_Spoilage_Risk,Risk_Category,Prescriptive_Action
SHP-1000,AB-REEFER-8000,ColdFleet Express,Haryana Bottling Facility,Kolkata Eastern Terminal,Pasteurized Keg Beer / Premium Lager,35374.98,715,Long Haul,27.6,32.4,3.5,4.61,9.49,3.2,17.53,0.223,12,48,88.7,28,6.46,5.62,0,0.002,Low Risk (Safe),OPTIMAL: Thermal Profile Compliant; Clear for Immediate Inbound Put-away
SHP-1001,AB-REEFER-8001,ColdFleet Express,Punjab Regional Cold Hub,Kolkata Eastern Terminal,Pharma Biologics & Vaccines,277508.52,288,Short Haul,38.36,41.85,4.0,4.51,6.26,0.5,5.37,0.741,1,7,90.5,0,5.17,12.18,0,0.002,Low Risk (Safe),OPTIMAL: Thermal Profile Compliant; Clear for Immediate Inbound Put-away
SHP-1002,AB-REEFER-8002,PolarTrans Logistics,Gujarat BioPharma Park,Goa Coastal Transit Hub,Pharma Biologics & Vaccines,110909.87,509,Mid Haul,29.65,34.29,4.0,5.65,7.97,7.0,7.02,0.573,1,5,77.4,0,6.53,8.23,0,0.0016,Low Risk (Safe),OPTIMAL: Thermal Profile Compliant; Clear for Immediate Inbound Put-away
SHP-1003,AB-REEFER-8003,PolarTrans Logistics,Haryana Bottling Facility,Delhi NCR Mega Fulfillment,Pasteurized Keg Beer / Premium Lager,24885.3,530,Mid Haul,41.05,45.54,3.5,5.16,10.67,4.6,9.69,0.746,3,32,69.7,75,7.25,31.8,0,0.0174,Low Risk (Safe),OPTIMAL: Thermal Profile Compliant; Clear for Immediate Inbound Put-away
SHP-1004,AB-REEFER-8004,ThermoHaul Freight,Haryana Bottling Facility,Goa Coastal Transit Hub,Pasteurized Keg Beer / Premium Lager,38276.21,502,Mid Haul,34.14,39.82,3.5,5.37,9.64,2.5,11.22,0.555,2,15,95.5,39,6.99,11.36,0,0.0017,Low Risk (Safe),OPTIMAL: Thermal Profile Compliant; Clear for Immediate Inbound Put-away
SHP-1005,AB-REEFER-8005,PolarTrans Logistics,Punjab Regional Cold Hub,Mumbai Urban Distribution Center,Pasteurized Keg Beer / Premium Lager,29507.54,997,Long Haul,26.62,30.64,3.5,4.21,9.26,4.8,23.78,0.389,3,37,97.7,28,6.13,0.82,0,0.0014,Low Risk (Safe),OPTIMAL: Thermal Profile Compliant; Clear for Immediate Inbound Put-away
SHP-1006,AB-REEFER-8006,ThermoHaul Freight,Punjab Regional Cold Hub,Goa Coastal Transit Hub,Pasteurized Keg Beer / Premium Lager,51385.32,505,Mid Haul,28.81,31.4,3.5,4.49,6.44,6.6,8.24,0.538,1,13,86.0,5,5.23,9.59,0,0.0017,Low Risk (Safe),OPTIMAL: Thermal Profile Compliant; Clear for Immediate Inbound Put-away
SHP-1007,AB-REEFER-8007,ColdFleet Express,AB InBev Brewery - Bengaluru Hub,Hyderabad Metro Depot,Pharma Biologics & Vaccines,232616.8,401,Mid Haul,38.91,46.36,4.0,5.84,10.94,3.8,9.21,0.442,8,66,96.4,141,7.78,47.55,0,0.1525,Low Risk (Safe),OPTIMAL: Thermal Profile Compliant; Clear for Immediate Inbound Put-away
SHP-1008,AB-REEFER-8008,ColdFleet Express,Maharashtra Distribution Center,Delhi NCR Mega Fulfillment,Pasteurized Keg Beer / Premium Lager,24440.46,815,Long Haul,27.36,34.79,3.5,3.67,9.32,3.5,18.96,0.909,5,38,98.5,28,5.82,14.37,0,0.002,Low Risk (Safe),OPTIMAL: Thermal Profile Compliant; Clear for Immediate Inbound Put-away
SHP-1009,AB-REEFER-8009,ThermoHaul Freight,Haryana Bottling Facility,Goa Coastal Transit Hub,Pasteurized Keg Beer / Premium Lager,34336.2,483,Mid Haul,35.64,39.49,3.5,5.13,9.89,1.6,13.54,0.501,12,57,83.5,54,6.94,33.03,0,0.0028,Low Risk (Safe),OPTIMAL: Thermal Profile Compliant; Clear for Immediate Inbound Put-away
SHP-1010,AB-REEFER-8010,PolarTrans Logistics,Gujarat BioPharma Park,Kolkata Eastern Terminal,Frozen Foods & Confectionery,36587.26,306,Mid Haul,35.44,40.34,-20.0,-17.71,-12.81,3.9,5.63,0.8,3,41,95.4,25,-15.85,13.31,0,0.0024,Low Risk (Safe),OPTIMAL: Thermal Profile Compliant; Clear for Immediate Inbound Put-away
SHP-1011,AB-REEFER-8011,ColdFleet Express,Punjab Regional Cold Hub,Goa Coastal Transit Hub,Pasteurized Keg Beer / Premium Lager,48826.52,535,Mid Haul,28.06,32.21,3.5,4.97,9.12,3.1,12.64,0.71,1,7,80.9,49,6.55,24.99,0,0.0016,Low Risk (Safe),OPTIMAL: Thermal Profile Compliant; Clear for Immediate Inbound Put-away
SHP-1012,AB-REEFER-8012,PolarTrans Logistics,Gujarat BioPharma Park,Delhi NCR Mega Fulfillment,Pasteurized Keg Beer / Premium Lager,46175.95,305,Mid Haul,26.89,33.6,3.5,5.86,11.34,0.9,8.12,0.948,3,39,95.2,108,7.94,47.41,0,0.0219,Low Risk (Safe),OPTIMAL: Thermal Profile Compliant; Clear for Immediate Inbound Put-away
SHP-1013,AB-REEFER-8013,ColdFleet Express,Punjab Regional Cold Hub,Kolkata Eastern Terminal,Pasteurized Keg Beer / Premium Lager,41012.76,449,Mid Haul,40.53,44.61,3.5,5.97,9.63,5.2,8.02,0.73,3,28,95.3,48,7.36,22.15,0,0.0019,Low Risk (Safe),OPTIMAL: Thermal Profile Compliant; Clear for Immediate Inbound Put-away
SHP-1014,AB-REEFER-8014,ArcticLogistics Global,Haryana Bottling Facility,Kolkata Eastern Terminal,Pharma Biologics & Vaccines,272224.21,951,Long Haul,31.48,35.12,4.0,6.19,7.99,3.9,21.44,0.882,1,6,67.1,5,6.87,18.01,0,0.0026,Low Risk (Safe),OPTIMAL: Thermal Profile Compliant; Clear for Immediate Inbound Put-away
SHP-1015,AB-REEFER-8015,ThermoHaul Freight,AB InBev Brewery - Bengaluru Hub,Hyderabad Metro Depot,Pasteurized Keg Beer / Premium Lager,49445.38,578,Mid Haul,31.8,37.2,3.5,5.76,7.57,5.6,15.24,0.317,1,8,97.6,0,6.45,4.89,0,0.0013,Low Risk (Safe),OPTIMAL: Thermal Profile Compliant; Clear for Immediate Inbound Put-away
SHP-1016,AB-REEFER-8016,ThermoHaul Freight,Punjab Regional Cold Hub,Delhi NCR Mega Fulfillment,Fresh Dairy & Perishables,21271.34,704,Long Haul,40.28,46.87,2.5,3.22,6.51,3.2,14.7,0.635,3,24,71.9,130,4.47,54.71,1,0.2893,Low Risk (Safe),OPTIMAL: Thermal Profile Compliant; Clear for Immediate Inbound Put-away
SHP-1017,AB-REEFER-8017,ColdFleet Express,Maharashtra Distribution Center,Kolkata Eastern Terminal,Pharma Biologics & Vaccines,188594.36,553,Mid Haul,26.75,30.08,4.0,4.73,8.23,6.4,13.75,0.369,2,15,76.4,28,6.06,11.45,0,0.0016,Low Risk (Safe),OPTIMAL: Thermal Profile Compliant; Clear for Immediate Inbound Put-away
SHP-1018,AB-REEFER-8018,ArcticLogistics Global,AB InBev Brewery - Bengaluru Hub,Delhi NCR Mega Fulfillment,Pasteurized Keg Beer / Premium Lager,51131.75,1103,Cross-Country,41.11,45.98,3.5,5.05,9.12,7.4,17.56,0.818,3,18,63.4,22,6.6,21.31,0,0.0056,Low Risk (Safe),OPTIMAL: Thermal Profile Compliant; Clear for Immediate Inbound Put-away
SHP-1019,AB-REEFER-8019,ThermoHaul Freight,Haryana Bottling Facility,Kolkata Eastern Terminal,Pasteurized Keg Beer / Premium Lager,44300.58,1287,Cross-Country,27.04,31.55,3.5,5.28,7.48,7.2,32.17,0.273,2,8,63.7,0,6.12,15.02,0,0.0014,Low Risk (Safe),OPTIMAL: Thermal Profile Compliant; Clear for Immediate Inbound Put-away
SHP-1020,AB-REEFER-8020,ThermoHaul Freight,Gujarat BioPharma Park,Goa Coastal Transit Hub,Pharma Biologics & Vaccines,120476.02,382,Mid Haul,31.34,35.03,4.0,5.21,16.36,7.9,9.71,0.326,16,138,94.6,150,9.45,99.98,1,0.9915,Critical Risk (Immediate Action),CRITICAL: Quash for Biologics Potency & Cold-Chain Excursion Audit; Do Not Release to Cold-Room
SHP-1021,AB-REEFER-8021,ArcticLogistics Global,Punjab Regional Cold Hub,Delhi NCR Mega Fulfillment,Fresh Dairy & Perishables,20180.34,944,Long Haul,39.1,42.86,2.5,4.54,11.99,0.5,21.45,0.907,8,74,65.8,173,7.37,100.0,1,0.9934,Critical Risk (Immediate Action),CRITICAL: High Quality Degradation Detected; Expedite Destination QA Inspection
SHP-1022,AB-REEFER-8022,ThermoHaul Freight,Gujarat BioPharma Park,Goa Coastal Transit Hub,Pharma Biologics & Vaccines,183402.96,421,Mid Haul,27.03,32.44,4.0,7.05,9.39,2.7,6.8,0.531,1,7,62.4,70,7.94,45.56,0,0.0782,Low Risk (Safe),OPTIMAL: Thermal Profile Compliant; Clear for Immediate Inbound Put-away
SHP-1023,AB-REEFER-8023,ThermoHaul Freight,Maharashtra Distribution Center,Hyderabad Metro Depot,Frozen Foods & Confectionery,24825.71,920,Long Haul,39.04,41.94,-20.0,-18.91,-13.63,7.7,19.83,0.528,3,33,85.8,16,-16.9,7.51,0,0.0015,Low Risk (Safe),OPTIMAL: Thermal Profile Compliant; Clear for Immediate Inbound Put-away
SHP-1024,AB-REEFER-8024,ThermoHaul Freight,Maharashtra Distribution Center,Hyderabad Metro Depot,Fresh Dairy & Perishables,23277.53,546,Mid Haul,32.61,35.46,2.5,3.18,6.74,4.0,12.49,0.637,5,24,83.4,96,4.53,48.68,0,0.0254,Low Risk (Safe),OPTIMAL: Thermal Profile Compliant; Clear for Immediate Inbound Put-away
SHP-1025,AB-REEFER-8025,ArcticLogistics Global,Punjab Regional Cold Hub,Hyderabad Metro Depot,Pasteurized Keg Beer / Premium Lager,41200.09,253,Short Haul,29.6,33.0,3.5,5.14,8.76,1.2,6.18,0.71,3,32,76.7,41,6.52,31.28,0,0.0023,Low Risk (Safe),OPTIMAL: Thermal Profile Compliant; Clear for Immediate Inbound Put-away
SHP-1026,AB-REEFER-8026,PolarTrans Logistics,Haryana Bottling Facility,Mumbai Urban Distribution Center,Pasteurized Keg Beer / Premium Lager,45934.41,874,Long Haul,32.97,39.56,3.5,4.47,7.44,1.5,13.66,0.43,2,21,75.6,0,5.6,3.53,0,0.0016,Low Risk (Safe),OPTIMAL: Thermal Profile Compliant; Clear for Immediate Inbound Put-away
SHP-1027,AB-REEFER-8027,ColdFleet Express,Haryana Bottling Facility,Hyderabad Metro Depot,Pharma Biologics & Vaccines,189781.04,404,Mid Haul,37.34,40.37,4.0,5.46,8.94,5.0,10.42,0.552,3,13,91.8,81,6.78,43.63,0,0.0085,Low Risk (Safe),OPTIMAL: Thermal Profile Compliant; Clear for Immediate Inbound Put-away
SHP-1028,AB-REEFER-8028,ColdFleet Express,AB InBev Brewery - Bengaluru Hub,Delhi NCR Mega Fulfillment,Pharma Biologics & Vaccines,114394.91,1299,Cross-Country,27.67,33.79,4.0,4.44,6.21,5.1,23.71,0.246,1,7,95.1,0,5.11,0.0,0,0.0014,Low Risk (Safe),OPTIMAL: Thermal Profile Compliant; Clear for Immediate Inbound Put-away
SHP-1029,AB-REEFER-8029,ThermoHaul Freight,Maharashtra Distribution Center,Kolkata Eastern Terminal,Pharma Biologics & Vaccines,147594.39,224,Short Haul,30.21,34.51,4.0,5.85,9.44,1.2,3.78,0.415,2,20,76.7,210,7.21,44.89,0,0.0621,Low Risk (Safe),OPTIMAL: Thermal Profile Compliant; Clear for Immediate Inbound Put-away
SHP-1030,AB-REEFER-8030,ThermoHaul Freight,Gujarat BioPharma Park,Kolkata Eastern Terminal,Pasteurized Keg Beer / Premium Lager,48283.16,1128,Cross-Country,30.44,37.2,3.5,4.92,9.02,0.5,29.02,0.461,3,17,76.3,55,6.48,23.35,0,0.0014,Low Risk (Safe),OPTIMAL: Thermal Profile Compliant; Clear for Immediate Inbound Put-away
SHP-1031,AB-REEFER-8031,ArcticLogistics Global,Punjab Regional Cold Hub,Hyderabad Metro Depot,Pharma Biologics & Vaccines,118355.18,473,Mid Haul,28.04,34.86,4.0,5.44,10.23,2.4,9.75,0.653,2,27,93.8,43,7.26,7.63,0,0.0019,Low Risk (Safe),OPTIMAL: Thermal Profile Compliant; Clear for Immediate Inbound Put-away
SHP-1032,AB-REEFER-8032,PolarTrans Logistics,Gujarat BioPharma Park,Goa Coastal Transit Hub,Pasteurized Keg Beer / Premium Lager,45076.69,494,Mid Haul,35.99,40.4,3.5,5.77,9.63,2.1,12.09,0.776,3,13,85.8,92,7.24,54.92,1,0.561,Moderate Risk (Monitor),WARNING: Schedule Reefer Compressor Inspection & Door Seal Re-calibration at Hub
SHP-1033,AB-REEFER-8033,ArcticLogistics Global,Gujarat BioPharma Park,Kolkata Eastern Terminal,Pasteurized Keg Beer / Premium Lager,44745.55,574,Mid Haul,37.89,43.45,3.5,5.45,9.18,1.3,11.2,0.624,2,11,94.5,102,6.87,47.14,0,0.0158,Low Risk (Safe),OPTIMAL: Thermal Profile Compliant; Clear for Immediate Inbound Put-away
SHP-1034,AB-REEFER-8034,PolarTrans Logistics,Punjab Regional Cold Hub,Hyderabad Metro Depot,Pasteurized Keg Beer / Premium Lager,43230.43,900,Long Haul,38.62,43.71,3.5,5.42,8.21,4.0,19.46,0.514,1,9,65.3,42,6.48,33.92,0,0.0016,Low Risk (Safe),OPTIMAL: Thermal Profile Compliant; Clear for Immediate Inbound Put-away
SHP-1035,AB-REEFER-8035,ThermoHaul Freight,Haryana Bottling Facility,Hyderabad Metro Depot,Pharma Biologics & Vaccines,196778.64,735,Long Haul,31.53,35.61,4.0,6.08,9.99,6.7,15.79,0.744,1,12,82.3,73,7.57,43.9,0,0.0129,Low Risk (Safe),OPTIMAL: Thermal Profile Compliant; Clear for Immediate Inbound Put-away
SHP-1036,AB-REEFER-8036,ThermoHaul Freight,Gujarat BioPharma Park,Delhi NCR Mega Fulfillment,Pasteurized Keg Beer / Premium Lager,23558.7,607,Mid Haul,38.58,42.09,3.5,4.93,9.35,2.6,13.02,0.763,1,12,81.2,80,6.61,24.3,0,0.015,Low Risk (Safe),OPTIMAL: Thermal Profile Compliant; Clear for Immediate Inbound Put-away
SHP-1037,AB-REEFER-8037,ThermoHaul Freight,Haryana Bottling Facility,Kolkata Eastern Terminal,Fresh Dairy & Perishables,23602.79,684,Long Haul,37.51,44.46,2.5,3.86,9.01,1.1,10.76,0.841,3,33,92.3,86,5.82,39.08,0,0.0195,Low Risk (Safe),OPTIMAL: Thermal Profile Compliant; Clear for Immediate Inbound Put-away
SHP-1038,AB-REEFER-8038,ArcticLogistics Global,Haryana Bottling Facility,Hyderabad Metro Depot,Frozen Foods & Confectionery,21603.78,1006,Cross-Country,31.77,34.61,-20.0,-17.95,-12.5,6.6,22.58,0.876,8,36,70.6,27,-15.88,15.59,0,0.0018,Low Risk (Safe),OPTIMAL: Thermal Profile Compliant; Clear for Immediate Inbound Put-away
SHP-1039,AB-REEFER-8039,ColdFleet Express,AB InBev Brewery - Bengaluru Hub,Hyderabad Metro Depot,Pasteurized Keg Beer / Premium Lager,51863.13,703,Long Haul,39.69,44.8,3.5,6.11,15.47,1.0,12.53,0.268,12,128,65.5,148,9.67,100.0,1,0.9972,Critical Risk (Immediate Action),CRITICAL: Inspect for Flavour Skunking & Colloidal Haze at Inbound Gate; Reroute to Priority Cross-Dock
SHP-1040,AB-REEFER-8040,PolarTrans Logistics,AB InBev Brewery - Bengaluru Hub,Delhi NCR Mega Fulfillment,Pasteurized Keg Beer / Premium Lager,30547.24,974,Long Haul,33.41,38.1,3.5,5.18,9.19,2.2,16.53,0.394,2,24,92.2,22,6.7,7.47,0,0.0015,Low Risk (Safe),OPTIMAL: Thermal Profile Compliant; Clear for Immediate Inbound Put-away
SHP-1041,AB-REEFER-8041,ArcticLogistics Global,Punjab Regional Cold Hub,Mumbai Urban Distribution Center,Pharma Biologics & Vaccines,243524.3,1076,Cross-Country,29.46,34.29,4.0,5.73,8.01,7.0,24.83,0.836,1,9,76.9,18,6.6,14.1,0,0.0014,Low Risk (Safe),OPTIMAL: Thermal Profile Compliant; Clear for Immediate Inbound Put-away
SHP-1042,AB-REEFER-8042,ThermoHaul Freight,AB InBev Brewery - Bengaluru Hub,Goa Coastal Transit Hub,Pharma Biologics & Vaccines,205306.69,306,Mid Haul,28.43,31.08,4.0,4.99,8.67,8.3,6.36,0.548,1,6,81.7,58,6.39,11.01,0,0.0016,Low Risk (Safe),OPTIMAL: Thermal Profile Compliant; Clear for Immediate Inbound Put-away
SHP-1043,AB-REEFER-8043,PolarTrans Logistics,Haryana Bottling Facility,Goa Coastal Transit Hub,Pasteurized Keg Beer / Premium Lager,35236.71,687,Long Haul,35.69,42.78,3.5,5.05,10.43,3.4,14.14,0.531,3,29,78.4,46,7.09,34.79,0,0.002,Low Risk (Safe),OPTIMAL: Thermal Profile Compliant; Clear for Immediate Inbound Put-away
SHP-1044,AB-REEFER-8044,ColdFleet Express,Punjab Regional Cold Hub,Kolkata Eastern Terminal,Fresh Dairy & Perishables,29802.03,945,Long Haul,40.15,46.15,2.5,4.93,8.02,1.3,21.04,0.396,1,7,87.4,90,6.1,46.52,0,0.0261,Low Risk (Safe),OPTIMAL: Thermal Profile Compliant; Clear for Immediate Inbound Put-away
SHP-1045,AB-REEFER-8045,ThermoHaul Freight,Gujarat BioPharma Park,Kolkata Eastern Terminal,Pasteurized Keg Beer / Premium Lager,38575.03,922,Long Haul,34.32,37.53,3.5,4.67,6.59,6.7,20.04,0.399,3,13,67.0,0,5.4,15.97,0,0.0012,Low Risk (Safe),OPTIMAL: Thermal Profile Compliant; Clear for Immediate Inbound Put-away
SHP-1046,AB-REEFER-8046,ThermoHaul Freight,Haryana Bottling Facility,Delhi NCR Mega Fulfillment,Pasteurized Keg Beer / Premium Lager,23445.58,757,Long Haul,31.76,39.04,3.5,4.65,8.48,4.5,15.05,0.341,2,9,75.6,80,6.11,33.0,0,0.015,Low Risk (Safe),OPTIMAL: Thermal Profile Compliant; Clear for Immediate Inbound Put-away
SHP-1047,AB-REEFER-8047,ArcticLogistics Global,AB InBev Brewery - Bengaluru Hub,Hyderabad Metro Depot,Pasteurized Keg Beer / Premium Lager,33929.43,235,Short Haul,38.2,42.97,3.5,4.46,7.18,2.6,4.51,0.84,1,7,83.3,0,5.49,10.04,0,0.002,Low Risk (Safe),OPTIMAL: Thermal Profile Compliant; Clear for Immediate Inbound Put-away
SHP-1048,AB-REEFER-8048,PolarTrans Logistics,AB InBev Brewery - Bengaluru Hub,Mumbai Urban Distribution Center,Pasteurized Keg Beer / Premium Lager,30287.12,507,Mid Haul,41.71,46.85,3.5,4.5,8.7,7.8,12.26,0.804,2,22,97.1,57,6.1,28.02,0,0.0021,Low Risk (Safe),OPTIMAL: Thermal Profile Compliant; Clear for Immediate Inbound Put-away
SHP-1049,AB-REEFER-8049,ArcticLogistics Global,Haryana Bottling Facility,Kolkata Eastern Terminal,Frozen Foods & Confectionery,41143.37,1166,Cross-Country,32.28,39.05,-20.0,-17.81,-4.21,6.7,22.38,0.533,16,186,90.9,234,-12.64,100.0,1,0.9318,Critical Risk (Immediate Action),CRITICAL: High Quality Degradation Detected; Expedite Destination QA Inspection
SHP-1050,AB-REEFER-8050,ColdFleet Express,AB InBev Brewery - Bengaluru Hub,Kolkata Eastern Terminal,Fresh Dairy & Perishables,15854.88,224,Short Haul,39.87,43.78,2.5,4.58,10.11,8.1,4.14,0.627,5,34,81.1,167,6.68,97.9,1,0.8696,Critical Risk (Immediate Action),CRITICAL: High Quality Degradation Detected; Expedite Destination QA Inspection
SHP-1051,AB-REEFER-8051,ColdFleet Express,AB InBev Brewery - Bengaluru Hub,Kolkata Eastern Terminal,Pharma Biologics & Vaccines,189276.93,576,Mid Haul,26.87,34.24,4.0,6.29,13.16,2.3,11.42,0.357,5,68,62.1,164,8.9,97.17,1,0.9891,Critical Risk (Immediate Action),CRITICAL: Quash for Biologics Potency & Cold-Chain Excursion Audit; Do Not Release to Cold-Room
SHP-1052,AB-REEFER-8052,ThermoHaul Freight,Gujarat BioPharma Park,Kolkata Eastern Terminal,Pasteurized Keg Beer / Premium Lager,43035.1,991,Long Haul,37.63,42.94,3.5,4.7,8.66,8.1,18.59,0.306,5,39,91.1,58,6.2,27.96,0,0.0021,Low Risk (Safe),OPTIMAL: Thermal Profile Compliant; Clear for Immediate Inbound Put-away
SHP-1053,AB-REEFER-8053,PolarTrans Logistics,Gujarat BioPharma Park,Goa Coastal Transit Hub,Pasteurized Keg Beer / Premium Lager,42144.37,754,Long Haul,36.12,39.61,3.5,5.12,8.27,3.8,11.33,0.394,2,27,72.2,138,6.32,47.22,0,0.1129,Low Risk (Safe),OPTIMAL: Thermal Profile Compliant; Clear for Immediate Inbound Put-away
SHP-1054,AB-REEFER-8054,ArcticLogistics Global,Maharashtra Distribution Center,Goa Coastal Transit Hub,Pasteurized Keg Beer / Premium Lager,50342.09,379,Mid Haul,37.78,44.69,3.5,5.0,9.18,2.1,7.72,0.704,1,9,77.1,40,6.59,6.92,0,0.0022,Low Risk (Safe),OPTIMAL: Thermal Profile Compliant; Clear for Immediate Inbound Put-away
SHP-1055,AB-REEFER-8055,PolarTrans Logistics,Maharashtra Distribution Center,Mumbai Urban Distribution Center,Pharma Biologics & Vaccines,246366.92,924,Long Haul,40.92,46.14,4.0,5.71,8.69,2.1,18.87,0.748,1,7,81.3,24,6.84,13.43,0,0.0016,Low Risk (Safe),OPTIMAL: Thermal Profile Compliant; Clear for Immediate Inbound Put-away
SHP-1056,AB-REEFER-8056,ArcticLogistics Global,Gujarat BioPharma Park,Kolkata Eastern Terminal,Fresh Dairy & Perishables,32340.34,148,Short Haul,33.09,38.36,2.5,4.14,6.97,2.5,2.21,0.852,1,12,92.6,38,5.22,12.51,0,0.0033,Low Risk (Safe),OPTIMAL: Thermal Profile Compliant; Clear for Immediate Inbound Put-away
SHP-1057,AB-REEFER-8057,ArcticLogistics Global,Haryana Bottling Facility,Hyderabad Metro Depot,Pasteurized Keg Beer / Premium Lager,51587.4,694,Long Haul,32.64,38.91,3.5,5.13,9.78,7.5,12.22,0.76,2,18,69.5,77,6.9,32.24,0,0.0122,Low Risk (Safe),OPTIMAL: Thermal Profile Compliant; Clear for Immediate Inbound Put-away
SHP-1058,AB-REEFER-8058,ThermoHaul Freight,Maharashtra Distribution Center,Delhi NCR Mega Fulfillment,Pasteurized Keg Beer / Premium Lager,28238.69,483,Mid Haul,26.67,31.57,3.5,4.08,8.66,2.0,9.72,0.6,3,27,98.3,47,5.82,23.79,0,0.0021,Low Risk (Safe),OPTIMAL: Thermal Profile Compliant; Clear for Immediate Inbound Put-away
SHP-1059,AB-REEFER-8059,ThermoHaul Freight,Maharashtra Distribution Center,Hyderabad Metro Depot,Pharma Biologics & Vaccines,196006.21,856,Long Haul,35.35,38.52,4.0,5.0,9.28,4.1,20.16,0.512,3,31,82.3,89,6.63,47.79,0,0.0073,Low Risk (Safe),OPTIMAL: Thermal Profile Compliant; Clear for Immediate Inbound Put-away
SHP-1060,AB-REEFER-8060,ArcticLogistics Global,AB InBev Brewery - Bengaluru Hub,Kolkata Eastern Terminal,Fresh Dairy & Perishables,14088.19,277,Short Haul,41.98,46.11,2.5,5.16,8.27,6.5,5.46,0.948,1,8,70.9,64,6.34,47.71,0,0.1868,Low Risk (Safe),OPTIMAL: Thermal Profile Compliant; Clear for Immediate Inbound Put-away
SHP-1061,AB-REEFER-8061,ArcticLogistics Global,Maharashtra Distribution Center,Delhi NCR Mega Fulfillment,Fresh Dairy & Perishables,23007.91,391,Mid Haul,37.05,43.04,2.5,5.07,9.05,5.7,7.38,0.67,1,11,84.2,70,6.58,43.65,0,0.0421,Low Risk (Safe),OPTIMAL: Thermal Profile Compliant; Clear for Immediate Inbound Put-away
SHP-1062,AB-REEFER-8062,ColdFleet Express,AB InBev Brewery - Bengaluru Hub,Mumbai Urban Distribution Center,Frozen Foods & Confectionery,18212.69,1131,Cross-Country,32.17,35.03,-20.0,-18.47,-16.27,2.2,24.82,0.387,1,5,65.7,0,-17.63,11.89,0,0.0012,Low Risk (Safe),OPTIMAL: Thermal Profile Compliant; Clear for Immediate Inbound Put-away
SHP-1063,AB-REEFER-8063,ThermoHaul Freight,Gujarat BioPharma Park,Mumbai Urban Distribution Center,Fresh Dairy & Perishables,22766.64,416,Mid Haul,37.87,42.83,2.5,4.0,6.65,4.4,6.75,0.842,2,17,77.1,135,5.01,49.17,0,0.0602,Low Risk (Safe),OPTIMAL: Thermal Profile Compliant; Clear for Immediate Inbound Put-away
SHP-1064,AB-REEFER-8064,ThermoHaul Freight,Punjab Regional Cold Hub,Kolkata Eastern Terminal,Pharma Biologics & Vaccines,240593.01,1012,Cross-Country,36.04,42.29,4.0,4.99,9.67,1.7,19.08,0.252,12,52,80.0,120,6.77,43.39,0,0.0884,Low Risk (Safe),OPTIMAL: Thermal Profile Compliant; Clear for Immediate Inbound Put-away
SHP-1065,AB-REEFER-8065,ThermoHaul Freight,Maharashtra Distribution Center,Kolkata Eastern Terminal,Frozen Foods & Confectionery,27208.92,860,Long Haul,27.4,31.31,-20.0,-18.93,-15.37,3.8,17.35,0.406,3,29,63.5,0,-17.58,13.08,0,0.0019,Low Risk (Safe),OPTIMAL: Thermal Profile Compliant; Clear for Immediate Inbound Put-away
SHP-1066,AB-REEFER-8066,PolarTrans Logistics,Haryana Bottling Facility,Mumbai Urban Distribution Center,Pharma Biologics & Vaccines,101418.32,134,Short Haul,40.48,46.22,4.0,4.94,10.37,2.7,2.81,0.268,5,43,96.8,116,7.0,44.8,0,0.1406,Low Risk (Safe),OPTIMAL: Thermal Profile Compliant; Clear for Immediate Inbound Put-away
SHP-1067,AB-REEFER-8067,ColdFleet Express,Punjab Regional Cold Hub,Mumbai Urban Distribution Center,Fresh Dairy & Perishables,22207.6,698,Long Haul,27.9,35.3,2.5,3.58,9.75,2.2,17.44,0.749,5,46,63.2,141,5.92,52.29,1,0.8027,Critical Risk (Immediate Action),CRITICAL: High Quality Degradation Detected; Expedite Destination QA Inspection
SHP-1068,AB-REEFER-8068,PolarTrans Logistics,AB InBev Brewery - Bengaluru Hub,Goa Coastal Transit Hub,Fresh Dairy & Perishables,32616.4,719,Long Haul,30.99,34.74,2.5,4.59,6.23,5.7,12.56,0.895,1,6,93.3,58,5.21,7.76,0,0.0028,Low Risk (Safe),OPTIMAL: Thermal Profile Compliant; Clear for Immediate Inbound Put-away
SHP-1069,AB-REEFER-8069,ThermoHaul Freight,AB InBev Brewery - Bengaluru Hub,Kolkata Eastern Terminal,Pharma Biologics & Vaccines,130888.85,1061,Cross-Country,40.15,45.45,4.0,5.56,7.76,7.1,20.51,0.43,1,12,70.7,0,6.4,15.76,0,0.0013,Low Risk (Safe),OPTIMAL: Thermal Profile Compliant; Clear for Immediate Inbound Put-away
SHP-1070,AB-REEFER-8070,ArcticLogistics Global,Gujarat BioPharma Park,Hyderabad Metro Depot,Pasteurized Keg Beer / Premium Lager,26900.1,572,Mid Haul,29.55,33.64,3.5,4.6,8.62,2.6,11.51,0.329,3,20,63.9,88,6.13,25.73,0,0.0341,Low Risk (Safe),OPTIMAL: Thermal Profile Compliant; Clear for Immediate Inbound Put-away
SHP-1071,AB-REEFER-8071,ThermoHaul Freight,Maharashtra Distribution Center,Mumbai Urban Distribution Center,Fresh Dairy & Perishables,26440.49,242,Short Haul,34.56,37.47,2.5,4.53,7.32,0.8,3.22,0.522,1,5,80.7,71,5.59,41.92,0,0.0664,Low Risk (Safe),OPTIMAL: Thermal Profile Compliant; Clear for Immediate Inbound Put-away
SHP-1072,AB-REEFER-8072,PolarTrans Logistics,AB InBev Brewery - Bengaluru Hub,Mumbai Urban Distribution Center,Pasteurized Keg Beer / Premium Lager,25791.59,573,Mid Haul,26.45,32.06,3.5,5.6,10.25,7.0,9.74,0.779,5,44,86.9,102,7.37,50.25,1,0.0841,Low Risk (Safe),OPTIMAL: Thermal Profile Compliant; Clear for Immediate Inbound Put-away
SHP-1073,AB-REEFER-8073,ColdFleet Express,Punjab Regional Cold Hub,Hyderabad Metro Depot,Pasteurized Keg Beer / Premium Lager,35820.09,1103,Cross-Country,33.98,38.07,3.5,3.84,5.66,7.7,18.73,0.41,1,7,95.0,0,4.53,6.5,0,0.0013,Low Risk (Safe),OPTIMAL: Thermal Profile Compliant; Clear for Immediate Inbound Put-away
SHP-1074,AB-REEFER-8074,PolarTrans Logistics,Haryana Bottling Facility,Delhi NCR Mega Fulfillment,Frozen Foods & Confectionery,20852.64,734,Long Haul,26.41,30.33,-20.0,-16.8,-9.74,4.0,15.54,0.331,16,81,66.6,80,-14.12,45.91,0,0.2502,Low Risk (Safe),OPTIMAL: Thermal Profile Compliant; Clear for Immediate Inbound Put-away
SHP-1075,AB-REEFER-8075,ColdFleet Express,Gujarat BioPharma Park,Delhi NCR Mega Fulfillment,Pharma Biologics & Vaccines,279572.38,769,Long Haul,33.23,37.5,4.0,5.32,10.95,3.7,20.73,0.499,5,42,76.3,160,7.46,47.23,0,0.1101,Low Risk (Safe),OPTIMAL: Thermal Profile Compliant; Clear for Immediate Inbound Put-away
SHP-1076,AB-REEFER-8076,PolarTrans Logistics,Haryana Bottling Facility,Mumbai Urban Distribution Center,Pasteurized Keg Beer / Premium Lager,46859.59,744,Long Haul,38.54,42.43,3.5,5.77,9.69,8.0,19.9,0.928,5,22,68.6,134,7.26,45.09,0,0.1317,Low Risk (Safe),OPTIMAL: Thermal Profile Compliant; Clear for Immediate Inbound Put-away
SHP-1077,AB-REEFER-8077,ColdFleet Express,Haryana Bottling Facility,Hyderabad Metro Depot,Pharma Biologics & Vaccines,92722.87,575,Mid Haul,33.65,36.26,4.0,5.29,8.39,7.1,10.99,0.398,3,23,93.0,41,6.47,3.71,0,0.0018,Low Risk (Safe),OPTIMAL: Thermal Profile Compliant; Clear for Immediate Inbound Put-away
SHP-1078,AB-REEFER-8078,ColdFleet Express,Gujarat BioPharma Park,Hyderabad Metro Depot,Fresh Dairy & Perishables,15895.81,521,Mid Haul,27.57,34.85,2.5,4.34,7.24,5.3,8.66,0.483,1,5,70.8,55,5.44,13.34,0,0.0037,Low Risk (Safe),OPTIMAL: Thermal Profile Compliant; Clear for Immediate Inbound Put-away
SHP-1079,AB-REEFER-8079,ThermoHaul Freight,Maharashtra Distribution Center,Delhi NCR Mega Fulfillment,Pasteurized Keg Beer / Premium Lager,29636.22,952,Long Haul,33.57,36.29,3.5,4.1,8.5,6.1,22.03,0.498,3,15,69.2,11,5.77,9.92,0,0.0015,Low Risk (Safe),OPTIMAL: Thermal Profile Compliant; Clear for Immediate Inbound Put-away
SHP-1080,AB-REEFER-8080,ThermoHaul Freight,Gujarat BioPharma Park,Mumbai Urban Distribution Center,Pasteurized Keg Beer / Premium Lager,38654.01,501,Mid Haul,35.41,40.04,3.5,5.44,7.01,5.4,10.11,0.312,1,6,81.2,0,6.04,7.18,0,0.0014,Low Risk (Safe),OPTIMAL: Thermal Profile Compliant; Clear for Immediate Inbound Put-away
SHP-1081,AB-REEFER-8081,ColdFleet Express,AB InBev Brewery - Bengaluru Hub,Mumbai Urban Distribution Center,Pasteurized Keg Beer / Premium Lager,23633.98,516,Mid Haul,28.92,36.25,3.5,4.42,6.02,3.9,10.41,0.463,1,7,67.4,0,5.03,17.68,0,0.0019,Low Risk (Safe),OPTIMAL: Thermal Profile Compliant; Clear for Immediate Inbound Put-away
SHP-1082,AB-REEFER-8082,ColdFleet Express,Punjab Regional Cold Hub,Goa Coastal Transit Hub,Frozen Foods & Confectionery,18131.11,716,Long Haul,36.35,41.97,-20.0,-17.8,-14.67,5.6,17.42,0.919,1,5,70.1,0,-16.61,16.52,0,0.0023,Low Risk (Safe),OPTIMAL: Thermal Profile Compliant; Clear for Immediate Inbound Put-away
SHP-1083,AB-REEFER-8083,PolarTrans Logistics,Punjab Regional Cold Hub,Kolkata Eastern Terminal,Pharma Biologics & Vaccines,101994.68,576,Mid Haul,32.35,37.22,4.0,6.14,13.36,4.1,9.87,0.54,8,103,77.2,108,8.88,100.0,1,0.9613,Critical Risk (Immediate Action),CRITICAL: Quash for Biologics Potency & Cold-Chain Excursion Audit; Do Not Release to Cold-Room
SHP-1084,AB-REEFER-8084,PolarTrans Logistics,Gujarat BioPharma Park,Delhi NCR Mega Fulfillment,Fresh Dairy & Perishables,19055.94,927,Long Haul,35.0,38.9,2.5,4.59,8.14,6.8,15.0,0.844,3,37,71.9,48,5.94,12.8,0,0.0052,Low Risk (Safe),OPTIMAL: Thermal Profile Compliant; Clear for Immediate Inbound Put-away
SHP-1085,AB-REEFER-8085,ArcticLogistics Global,Gujarat BioPharma Park,Mumbai Urban Distribution Center,Pasteurized Keg Beer / Premium Lager,33799.62,549,Mid Haul,34.71,38.01,3.5,4.95,9.24,6.0,11.66,0.568,5,52,91.5,40,6.58,5.4,0,0.0023,Low Risk (Safe),OPTIMAL: Thermal Profile Compliant; Clear for Immediate Inbound Put-away
SHP-1086,AB-REEFER-8086,PolarTrans Logistics,Maharashtra Distribution Center,Mumbai Urban Distribution Center,Fresh Dairy & Perishables,29916.45,715,Long Haul,32.11,35.27,2.5,3.71,8.22,2.1,14.61,0.675,5,38,84.2,110,5.42,47.38,0,0.0166,Low Risk (Safe),OPTIMAL: Thermal Profile Compliant; Clear for Immediate Inbound Put-away
SHP-1087,AB-REEFER-8087,ThermoHaul Freight,Maharashtra Distribution Center,Delhi NCR Mega Fulfillment,Pasteurized Keg Beer / Premium Lager,39922.88,848,Long Haul,40.09,42.84,3.5,4.74,7.98,2.6,15.14,0.753,2,14,96.0,0,5.97,10.61,0,0.0016,Low Risk (Safe),OPTIMAL: Thermal Profile Compliant; Clear for Immediate Inbound Put-away
SHP-1088,AB-REEFER-8088,ThermoHaul Freight,Maharashtra Distribution Center,Mumbai Urban Distribution Center,Pharma Biologics & Vaccines,136047.2,1237,Cross-Country,36.61,43.31,4.0,4.61,11.24,4.9,31.01,0.642,5,68,89.1,61,7.13,49.8,0,0.0537,Low Risk (Safe),OPTIMAL: Thermal Profile Compliant; Clear for Immediate Inbound Put-away
SHP-1089,AB-REEFER-8089,ArcticLogistics Global,Gujarat BioPharma Park,Mumbai Urban Distribution Center,Pharma Biologics & Vaccines,162150.11,390,Mid Haul,35.88,43.23,4.0,5.86,11.24,6.3,7.12,0.636,5,51,69.1,73,7.9,58.64,1,0.721,Critical Risk (Immediate Action),CRITICAL: Quash for Biologics Potency & Cold-Chain Excursion Audit; Do Not Release to Cold-Room
SHP-1090,AB-REEFER-8090,ColdFleet Express,Haryana Bottling Facility,Mumbai Urban Distribution Center,Pharma Biologics & Vaccines,110170.47,288,Short Haul,39.4,43.1,4.0,5.85,7.95,2.1,6.22,0.228,1,4,83.3,0,6.65,6.4,0,0.0017,Low Risk (Safe),OPTIMAL: Thermal Profile Compliant; Clear for Immediate Inbound Put-away
SHP-1091,AB-REEFER-8091,ArcticLogistics Global,Gujarat BioPharma Park,Goa Coastal Transit Hub,Pasteurized Keg Beer / Premium Lager,48395.13,569,Mid Haul,36.38,43.38,3.5,4.22,10.3,5.5,12.31,0.335,5,53,95.6,65,6.53,24.26,0,0.0065,Low Risk (Safe),OPTIMAL: Thermal Profile Compliant; Clear for Immediate Inbound Put-away
SHP-1092,AB-REEFER-8092,ThermoHaul Freight,AB InBev Brewery - Bengaluru Hub,Hyderabad Metro Depot,Pasteurized Keg Beer / Premium Lager,40866.19,452,Mid Haul,36.25,43.0,3.5,4.4,8.88,6.4,9.22,0.391,3,16,83.9,25,6.1,5.88,0,0.0016,Low Risk (Safe),OPTIMAL: Thermal Profile Compliant; Clear for Immediate Inbound Put-away
SHP-1093,AB-REEFER-8093,ColdFleet Express,Gujarat BioPharma Park,Kolkata Eastern Terminal,Pharma Biologics & Vaccines,256772.39,577,Mid Haul,29.26,35.89,4.0,5.16,8.73,5.0,16.52,0.575,3,37,72.8,26,6.52,9.12,0,0.0017,Low Risk (Safe),OPTIMAL: Thermal Profile Compliant; Clear for Immediate Inbound Put-away
SHP-1094,AB-REEFER-8094,ThermoHaul Freight,Punjab Regional Cold Hub,Kolkata Eastern Terminal,Pasteurized Keg Beer / Premium Lager,30476.51,701,Long Haul,30.46,34.98,3.5,4.52,6.94,8.5,17.52,0.244,2,18,67.7,0,5.44,6.88,0,0.0021,Low Risk (Safe),OPTIMAL: Thermal Profile Compliant; Clear for Immediate Inbound Put-away
SHP-1095,AB-REEFER-8095,ArcticLogistics Global,Gujarat BioPharma Park,Mumbai Urban Distribution Center,Pasteurized Keg Beer / Premium Lager,24388.15,975,Long Haul,37.31,43.08,3.5,5.36,8.98,7.5,21.09,0.893,2,10,86.4,22,6.74,5.97,0,0.0015,Low Risk (Safe),OPTIMAL: Thermal Profile Compliant; Clear for Immediate Inbound Put-away
SHP-1096,AB-REEFER-8096,PolarTrans Logistics,Haryana Bottling Facility,Kolkata Eastern Terminal,Pasteurized Keg Beer / Premium Lager,22221.76,832,Long Haul,34.15,37.35,3.5,4.91,8.38,7.4,13.64,0.522,5,37,73.2,59,6.23,24.76,0,0.002,Low Risk (Safe),OPTIMAL: Thermal Profile Compliant; Clear for Immediate Inbound Put-away
SHP-1097,AB-REEFER-8097,ArcticLogistics Global,Punjab Regional Cold Hub,Mumbai Urban Distribution Center,Pharma Biologics & Vaccines,188562.09,745,Long Haul,26.82,30.48,4.0,5.69,8.1,4.4,13.99,0.568,2,17,73.9,58,6.61,11.9,0,0.0013,Low Risk (Safe),OPTIMAL: Thermal Profile Compliant; Clear for Immediate Inbound Put-away
SHP-1098,AB-REEFER-8098,PolarTrans Logistics,Punjab Regional Cold Hub,Mumbai Urban Distribution Center,Frozen Foods & Confectionery,41939.48,525,Mid Haul,30.22,34.12,-20.0,-17.09,-3.46,7.9,13.92,0.739,16,220,92.9,229,-11.91,100.0,1,0.7464,Critical Risk (Immediate Action),CRITICAL: High Quality Degradation Detected; Expedite Destination QA Inspection
SHP-1099,AB-REEFER-8099,ThermoHaul Freight,Haryana Bottling Facility,Kolkata Eastern Terminal,Pasteurized Keg Beer / Premium Lager,23462.99,872,Long Haul,39.5,44.19,3.5,5.67,7.19,3.2,14.17,0.763,1,5,83.6,0,6.25,12.31,0,0.0017,Low Risk (Safe),OPTIMAL: Thermal Profile Compliant; Clear for Immediate Inbound Put-away
SHP-1100,AB-REEFER-8100,ColdFleet Express,AB InBev Brewery - Bengaluru Hub,Mumbai Urban Distribution Center,Pasteurized Keg Beer / Premium Lager,37018.59,870,Long Haul,40.59,43.82,3.5,3.94,9.62,5.7,16.77,0.706,5,35,84.0,42,6.1,25.99,0,0.002,Low Risk (Safe),OPTIMAL: Thermal Profile Compliant; Clear for Immediate Inbound Put-away
SHP-1101,AB-REEFER-8101,ColdFleet Express,Punjab Regional Cold Hub,Mumbai Urban Distribution Center,Pharma Biologics & Vaccines,218115.78,801,Long Haul,41.68,49.11,4.0,5.0,12.45,6.0,19.68,0.262,12,93,90.9,94,7.83,100.0,1,0.8926,Critical Risk (Immediate Action),CRITICAL: Quash for Biologics Potency & Cold-Chain Excursion Audit; Do Not Release to Cold-Room
SHP-1102,AB-REEFER-8102,ArcticLogistics Global,AB InBev Brewery - Bengaluru Hub,Hyderabad Metro Depot,Pasteurized Keg Beer / Premium Lager,24518.88,450,Mid Haul,38.32,43.97,3.5,4.75,6.8,8.4,7.89,0.745,1,11,81.3,0,5.53,9.06,0,0.0021,Low Risk (Safe),OPTIMAL: Thermal Profile Compliant; Clear for Immediate Inbound Put-away
SHP-1103,AB-REEFER-8103,ThermoHaul Freight,Maharashtra Distribution Center,Delhi NCR Mega Fulfillment,Pasteurized Keg Beer / Premium Lager,37540.46,604,Mid Haul,26.12,30.73,3.5,4.78,9.13,6.2,13.23,0.359,3,18,92.1,40,6.43,0.92,0,0.0017,Low Risk (Safe),OPTIMAL: Thermal Profile Compliant; Clear for Immediate Inbound Put-away
SHP-1104,AB-REEFER-8104,PolarTrans Logistics,Haryana Bottling Facility,Mumbai Urban Distribution Center,Frozen Foods & Confectionery,29449.08,578,Mid Haul,27.35,34.77,-20.0,-18.77,-15.0,5.8,12.91,0.264,1,10,97.7,0,-17.34,0.24,0,0.0012,Low Risk (Safe),OPTIMAL: Thermal Profile Compliant; Clear for Immediate Inbound Put-away
SHP-1105,AB-REEFER-8105,ArcticLogistics Global,AB InBev Brewery - Bengaluru Hub,Kolkata Eastern Terminal,Pasteurized Keg Beer / Premium Lager,38094.11,1258,Cross-Country,34.04,37.83,3.5,6.26,17.78,6.1,25.85,0.642,12,156,74.6,181,10.64,100.0,1,0.99,Critical Risk (Immediate Action),CRITICAL: Inspect for Flavour Skunking & Colloidal Haze at Inbound Gate; Reroute to Priority Cross-Dock
SHP-1106,AB-REEFER-8106,ThermoHaul Freight,Gujarat BioPharma Park,Goa Coastal Transit Hub,Pasteurized Keg Beer / Premium Lager,22477.61,323,Mid Haul,35.86,43.16,3.5,4.57,9.19,7.7,4.95,0.391,5,60,73.8,34,6.33,7.19,0,0.0032,Low Risk (Safe),OPTIMAL: Thermal Profile Compliant; Clear for Immediate Inbound Put-away
SHP-1107,AB-REEFER-8107,ThermoHaul Freight,Haryana Bottling Facility,Hyderabad Metro Depot,Pasteurized Keg Beer / Premium Lager,24298.67,841,Long Haul,36.62,40.31,3.5,5.18,8.23,4.4,19.72,0.908,3,25,95.9,69,6.34,31.1,0,0.0059,Low Risk (Safe),OPTIMAL: Thermal Profile Compliant; Clear for Immediate Inbound Put-away
SHP-1108,AB-REEFER-8108,ArcticLogistics Global,Maharashtra Distribution Center,Mumbai Urban Distribution Center,Fresh Dairy & Perishables,32816.11,740,Long Haul,35.28,40.48,2.5,3.45,6.86,0.9,15.75,0.205,5,26,89.5,35,4.75,7.29,0,0.0024,Low Risk (Safe),OPTIMAL: Thermal Profile Compliant; Clear for Immediate Inbound Put-away
SHP-1109,AB-REEFER-8109,ThermoHaul Freight,Haryana Bottling Facility,Goa Coastal Transit Hub,Pasteurized Keg Beer / Premium Lager,24808.99,1096,Cross-Country,41.28,46.83,3.5,5.75,14.55,0.5,18.55,0.382,12,106,90.4,201,9.09,48.33,0,0.2415,Low Risk (Safe),OPTIMAL: Thermal Profile Compliant; Clear for Immediate Inbound Put-away
SHP-1110,AB-REEFER-8110,PolarTrans Logistics,Maharashtra Distribution Center,Mumbai Urban Distribution Center,Frozen Foods & Confectionery,29007.55,839,Long Haul,32.64,35.99,-20.0,-19.05,-16.98,2.0,17.61,0.609,2,14,95.0,5,-18.26,3.06,0,0.0015,Low Risk (Safe),OPTIMAL: Thermal Profile Compliant; Clear for Immediate Inbound Put-away
SHP-1111,AB-REEFER-8111,ThermoHaul Freight,Gujarat BioPharma Park,Goa Coastal Transit Hub,Pasteurized Keg Beer / Premium Lager,36515.5,1040,Cross-Country,37.65,41.73,3.5,5.1,10.43,3.2,24.05,0.422,5,55,65.1,65,7.13,32.44,0,0.0381,Low Risk (Safe),OPTIMAL: Thermal Profile Compliant; Clear for Immediate Inbound Put-away
SHP-1112,AB-REEFER-8112,PolarTrans Logistics,Maharashtra Distribution Center,Goa Coastal Transit Hub,Pharma Biologics & Vaccines,269553.25,606,Mid Haul,36.78,39.6,4.0,6.06,9.59,4.2,13.23,0.531,2,11,83.5,44,7.4,8.49,0,0.0017,Low Risk (Safe),OPTIMAL: Thermal Profile Compliant; Clear for Immediate Inbound Put-away
SHP-1113,AB-REEFER-8113,ThermoHaul Freight,AB InBev Brewery - Bengaluru Hub,Mumbai Urban Distribution Center,Pharma Biologics & Vaccines,141189.4,914,Long Haul,40.2,43.39,4.0,6.18,10.46,3.2,14.68,0.742,5,44,76.3,69,7.81,46.06,0,0.0627,Low Risk (Safe),OPTIMAL: Thermal Profile Compliant; Clear for Immediate Inbound Put-away
SHP-1114,AB-REEFER-8114,ThermoHaul Freight,Maharashtra Distribution Center,Kolkata Eastern Terminal,Pasteurized Keg Beer / Premium Lager,24116.5,667,Long Haul,40.94,47.27,3.5,5.63,13.21,5.8,12.14,0.926,12,110,88.4,127,8.51,50.88,1,0.9511,Critical Risk (Immediate Action),CRITICAL: Inspect for Flavour Skunking & Colloidal Haze at Inbound Gate; Reroute to Priority Cross-Dock
SHP-1115,AB-REEFER-8115,ArcticLogistics Global,AB InBev Brewery - Bengaluru Hub,Delhi NCR Mega Fulfillment,Fresh Dairy & Perishables,25800.91,847,Long Haul,33.55,40.85,2.5,4.26,7.68,5.9,15.38,0.746,2,25,65.0,48,5.56,12.81,0,0.0118,Low Risk (Safe),OPTIMAL: Thermal Profile Compliant; Clear for Immediate Inbound Put-away
SHP-1116,AB-REEFER-8116,ColdFleet Express,Maharashtra Distribution Center,Hyderabad Metro Depot,Pasteurized Keg Beer / Premium Lager,27082.67,602,Mid Haul,36.19,43.56,3.5,5.47,11.38,7.1,13.88,0.893,5,65,80.6,76,7.72,37.08,0,0.0272,Low Risk (Safe),OPTIMAL: Thermal Profile Compliant; Clear for Immediate Inbound Put-away
SHP-1117,AB-REEFER-8117,ColdFleet Express,Maharashtra Distribution Center,Delhi NCR Mega Fulfillment,Pasteurized Keg Beer / Premium Lager,37735.02,501,Mid Haul,36.43,42.83,3.5,5.18,11.05,6.6,7.51,0.235,5,41,74.8,167,7.41,54.15,1,0.6131,Moderate Risk (Monitor),WARNING: Schedule Reefer Compressor Inspection & Door Seal Re-calibration at Hub
SHP-1118,AB-REEFER-8118,ArcticLogistics Global,Punjab Regional Cold Hub,Hyderabad Metro Depot,Fresh Dairy & Perishables,28377.73,519,Mid Haul,28.43,31.58,2.5,4.45,11.53,3.3,8.13,0.229,8,82,66.9,149,7.14,94.16,1,0.9949,Critical Risk (Immediate Action),CRITICAL: High Quality Degradation Detected; Expedite Destination QA Inspection
SHP-1119,AB-REEFER-8119,ColdFleet Express,Gujarat BioPharma Park,Goa Coastal Transit Hub,Pasteurized Keg Beer / Premium Lager,43267.0,447,Mid Haul,39.18,45.97,3.5,5.01,9.02,3.8,10.4,0.358,5,23,72.8,21,6.53,16.7,0,0.0022,Low Risk (Safe),OPTIMAL: Thermal Profile Compliant; Clear for Immediate Inbound Put-away
SHP-1120,AB-REEFER-8120,ThermoHaul Freight,Punjab Regional Cold Hub,Mumbai Urban Distribution Center,Pharma Biologics & Vaccines,262093.79,909,Long Haul,41.6,45.26,4.0,6.13,8.95,7.6,16.42,0.85,1,8,85.5,189,7.2,43.23,0,0.0858,Low Risk (Safe),OPTIMAL: Thermal Profile Compliant; Clear for Immediate Inbound Put-away
SHP-1121,AB-REEFER-8121,PolarTrans Logistics,Haryana Bottling Facility,Mumbai Urban Distribution Center,Fresh Dairy & Perishables,16735.92,1200,Cross-Country,38.98,42.47,2.5,5.42,9.18,2.2,21.1,0.897,3,39,65.3,197,6.85,46.06,0,0.1481,Low Risk (Safe),OPTIMAL: Thermal Profile Compliant; Clear for Immediate Inbound Put-away
SHP-1122,AB-REEFER-8122,ColdFleet Express,Gujarat BioPharma Park,Kolkata Eastern Terminal,Pasteurized Keg Beer / Premium Lager,24487.44,640,Mid Haul,35.92,40.12,3.5,4.29,7.97,7.3,11.41,0.327,2,23,90.4,5,5.69,3.79,0,0.0019,Low Risk (Safe),OPTIMAL: Thermal Profile Compliant; Clear for Immediate Inbound Put-away
SHP-1123,AB-REEFER-8123,ColdFleet Express,Maharashtra Distribution Center,Hyderabad Metro Depot,Pharma Biologics & Vaccines,184610.23,878,Long Haul,30.96,37.52,4.0,5.1,7.79,7.4,13.27,0.616,1,6,90.2,0,6.12,12.81,0,0.0014,Low Risk (Safe),OPTIMAL: Thermal Profile Compliant; Clear for Immediate Inbound Put-away
SHP-1124,AB-REEFER-8124,ColdFleet Express,AB InBev Brewery - Bengaluru Hub,Delhi NCR Mega Fulfillment,Frozen Foods & Confectionery,26191.95,772,Long Haul,31.9,37.85,-20.0,-18.76,-15.5,3.6,18.3,0.258,1,4,87.0,0,-17.52,1.85,0,0.0018,Low Risk (Safe),OPTIMAL: Thermal Profile Compliant; Clear for Immediate Inbound Put-away
SHP-1125,AB-REEFER-8125,ColdFleet Express,Punjab Regional Cold Hub,Goa Coastal Transit Hub,Pharma Biologics & Vaccines,181921.41,1114,Cross-Country,33.85,36.95,4.0,5.07,9.59,6.9,28.27,0.881,3,32,96.9,29,6.79,9.3,0,0.0017,Low Risk (Safe),OPTIMAL: Thermal Profile Compliant; Clear for Immediate Inbound Put-away
SHP-1126,AB-REEFER-8126,ArcticLogistics Global,Maharashtra Distribution Center,Hyderabad Metro Depot,Frozen Foods & Confectionery,28637.15,506,Mid Haul,36.63,41.77,-20.0,-19.47,-17.64,8.3,8.06,0.261,1,11,87.5,0,-18.77,2.38,0,0.0014,Low Risk (Safe),OPTIMAL: Thermal Profile Compliant; Clear for Immediate Inbound Put-away
SHP-1127,AB-REEFER-8127,ColdFleet Express,Haryana Bottling Facility,Hyderabad Metro Depot,Pasteurized Keg Beer / Premium Lager,46232.18,528,Mid Haul,31.7,34.7,3.5,5.23,12.35,8.2,9.56,0.486,16,85,74.0,102,7.94,44.92,0,0.1788,Low Risk (Safe),OPTIMAL: Thermal Profile Compliant; Clear for Immediate Inbound Put-away
SHP-1128,AB-REEFER-8128,ColdFleet Express,Maharashtra Distribution Center,Hyderabad Metro Depot,Pasteurized Keg Beer / Premium Lager,47779.75,1219,Cross-Country,27.76,35.0,3.5,5.18,9.04,3.9,29.66,0.215,2,17,82.1,40,6.65,8.55,0,0.0015,Low Risk (Safe),OPTIMAL: Thermal Profile Compliant; Clear for Immediate Inbound Put-away
SHP-1129,AB-REEFER-8129,ColdFleet Express,Punjab Regional Cold Hub,Goa Coastal Transit Hub,Pasteurized Keg Beer / Premium Lager,38346.45,641,Mid Haul,30.54,37.78,3.5,4.72,7.58,7.2,9.64,0.262,1,13,80.2,0,5.81,4.13,0,0.0014,Low Risk (Safe),OPTIMAL: Thermal Profile Compliant; Clear for Immediate Inbound Put-away
SHP-1130,AB-REEFER-8130,PolarTrans Logistics,Gujarat BioPharma Park,Delhi NCR Mega Fulfillment,Pasteurized Keg Beer / Premium Lager,50817.06,416,Mid Haul,28.28,33.33,3.5,5.25,9.89,7.1,8.48,0.279,3,32,66.5,34,7.01,16.82,0,0.0018,Low Risk (Safe),OPTIMAL: Thermal Profile Compliant; Clear for Immediate Inbound Put-away
SHP-1131,AB-REEFER-8131,PolarTrans Logistics,Punjab Regional Cold Hub,Mumbai Urban Distribution Center,Pasteurized Keg Beer / Premium Lager,31762.55,797,Long Haul,27.52,34.9,3.5,4.59,7.54,2.8,17.1,0.199,3,20,92.0,0,5.71,7.72,0,0.0013,Low Risk (Safe),OPTIMAL: Thermal Profile Compliant; Clear for Immediate Inbound Put-away
SHP-1132,AB-REEFER-8132,ArcticLogistics Global,Punjab Regional Cold Hub,Goa Coastal Transit Hub,Fresh Dairy & Perishables,26318.21,465,Mid Haul,27.86,33.04,2.5,3.24,7.01,4.0,10.54,0.851,3,24,99.0,44,4.67,3.76,0,0.0035,Low Risk (Safe),OPTIMAL: Thermal Profile Compliant; Clear for Immediate Inbound Put-away
SHP-1133,AB-REEFER-8133,ColdFleet Express,Punjab Regional Cold Hub,Hyderabad Metro Depot,Frozen Foods & Confectionery,18036.79,998,Long Haul,27.16,33.91,-20.0,-18.26,-15.71,2.2,18.56,0.821,1,9,66.6,0,-17.29,14.39,0,0.0023,Low Risk (Safe),OPTIMAL: Thermal Profile Compliant; Clear for Immediate Inbound Put-away
SHP-1134,AB-REEFER-8134,ColdFleet Express,Maharashtra Distribution Center,Kolkata Eastern Terminal,Pharma Biologics & Vaccines,238111.02,244,Short Haul,30.04,36.69,4.0,5.58,9.53,6.1,3.88,0.69,3,25,79.2,90,7.08,41.41,0,0.0313,Low Risk (Safe),OPTIMAL: Thermal Profile Compliant; Clear for Immediate Inbound Put-away
SHP-1135,AB-REEFER-8135,ArcticLogistics Global,Maharashtra Distribution Center,Goa Coastal Transit Hub,Pasteurized Keg Beer / Premium Lager,31137.26,845,Long Haul,28.82,35.25,3.5,4.34,13.13,3.0,15.9,0.833,8,96,90.5,162,7.68,53.67,1,0.9353,Critical Risk (Immediate Action),CRITICAL: Inspect for Flavour Skunking & Colloidal Haze at Inbound Gate; Reroute to Priority Cross-Dock
SHP-1136,AB-REEFER-8136,PolarTrans Logistics,Maharashtra Distribution Center,Kolkata Eastern Terminal,Pasteurized Keg Beer / Premium Lager,39078.44,1043,Cross-Country,38.99,45.53,3.5,4.25,10.61,2.0,26.66,0.3,5,62,93.4,48,6.67,23.27,0,0.0025,Low Risk (Safe),OPTIMAL: Thermal Profile Compliant; Clear for Immediate Inbound Put-away
SHP-1137,AB-REEFER-8137,ColdFleet Express,Haryana Bottling Facility,Delhi NCR Mega Fulfillment,Frozen Foods & Confectionery,39336.62,975,Long Haul,30.23,36.29,-20.0,-18.98,-17.1,1.3,24.49,0.715,2,8,91.4,0,-18.27,7.21,0,0.0015,Low Risk (Safe),OPTIMAL: Thermal Profile Compliant; Clear for Immediate Inbound Put-away
SHP-1138,AB-REEFER-8138,ArcticLogistics Global,Haryana Bottling Facility,Hyderabad Metro Depot,Pasteurized Keg Beer / Premium Lager,51477.37,1006,Cross-Country,34.45,40.89,3.5,5.13,9.4,7.2,17.42,0.542,2,26,93.7,77,6.75,23.39,0,0.0045,Low Risk (Safe),OPTIMAL: Thermal Profile Compliant; Clear for Immediate Inbound Put-away
SHP-1139,AB-REEFER-8139,ColdFleet Express,AB InBev Brewery - Bengaluru Hub,Kolkata Eastern Terminal,Pasteurized Keg Beer / Premium Lager,40731.18,707,Long Haul,36.45,39.3,3.5,5.3,13.35,5.5,11.79,0.731,8,106,82.6,116,8.36,48.57,0,0.2024,Low Risk (Safe),OPTIMAL: Thermal Profile Compliant; Clear for Immediate Inbound Put-away
SHP-1140,AB-REEFER-8140,ThermoHaul Freight,AB InBev Brewery - Bengaluru Hub,Mumbai Urban Distribution Center,Pharma Biologics & Vaccines,96078.95,967,Long Haul,41.04,48.0,4.0,6.56,10.29,4.8,19.72,0.478,1,4,85.9,45,7.98,2.11,0,0.0022,Low Risk (Safe),OPTIMAL: Thermal Profile Compliant; Clear for Immediate Inbound Put-away
SHP-1141,AB-REEFER-8141,ColdFleet Express,AB InBev Brewery - Bengaluru Hub,Hyderabad Metro Depot,Pasteurized Keg Beer / Premium Lager,45077.52,945,Long Haul,35.55,39.74,3.5,5.57,8.41,2.6,22.23,0.631,3,22,75.3,25,6.65,13.29,0,0.0017,Low Risk (Safe),OPTIMAL: Thermal Profile Compliant; Clear for Immediate Inbound Put-away
SHP-1142,AB-REEFER-8142,ColdFleet Express,AB InBev Brewery - Bengaluru Hub,Goa Coastal Transit Hub,Pharma Biologics & Vaccines,93490.61,572,Mid Haul,30.33,36.85,4.0,5.94,8.82,5.4,9.92,0.418,2,24,79.9,58,7.03,4.21,0,0.002,Low Risk (Safe),OPTIMAL: Thermal Profile Compliant; Clear for Immediate Inbound Put-away
SHP-1143,AB-REEFER-8143,ColdFleet Express,Gujarat BioPharma Park,Kolkata Eastern Terminal,Pharma Biologics & Vaccines,246113.37,890,Long Haul,26.95,32.5,4.0,4.95,8.66,3.5,17.72,0.835,2,24,90.8,120,6.36,44.27,0,0.0086,Low Risk (Safe),OPTIMAL: Thermal Profile Compliant; Clear for Immediate Inbound Put-away
SHP-1144,AB-REEFER-8144,ThermoHaul Freight,Gujarat BioPharma Park,Delhi NCR Mega Fulfillment,Pasteurized Keg Beer / Premium Lager,43890.35,1160,Cross-Country,26.83,33.75,3.5,5.12,10.98,7.4,24.1,0.932,12,57,81.7,118,7.35,46.66,0,0.0749,Low Risk (Safe),OPTIMAL: Thermal Profile Compliant; Clear for Immediate Inbound Put-away
SHP-1145,AB-REEFER-8145,ArcticLogistics Global,Maharashtra Distribution Center,Mumbai Urban Distribution Center,Fresh Dairy & Perishables,20861.07,576,Mid Haul,26.58,31.84,2.5,4.1,6.12,6.2,12.55,0.782,1,10,75.5,57,4.87,9.86,0,0.0025,Low Risk (Safe),OPTIMAL: Thermal Profile Compliant; Clear for Immediate Inbound Put-away
SHP-1146,AB-REEFER-8146,ThermoHaul Freight,AB InBev Brewery - Bengaluru Hub,Goa Coastal Transit Hub,Pasteurized Keg Beer / Premium Lager,26729.83,501,Mid Haul,28.78,35.08,3.5,5.16,7.58,0.6,9.15,0.57,2,13,82.8,0,6.08,10.57,0,0.0016,Low Risk (Safe),OPTIMAL: Thermal Profile Compliant; Clear for Immediate Inbound Put-away
SHP-1147,AB-REEFER-8147,ColdFleet Express,AB InBev Brewery - Bengaluru Hub,Hyderabad Metro Depot,Pasteurized Keg Beer / Premium Lager,37292.07,852,Long Haul,32.76,37.25,3.5,5.16,8.59,0.7,21.26,0.853,3,37,74.2,37,6.46,14.01,0,0.0024,Low Risk (Safe),OPTIMAL: Thermal Profile Compliant; Clear for Immediate Inbound Put-away
SHP-1148,AB-REEFER-8148,ColdFleet Express,Gujarat BioPharma Park,Kolkata Eastern Terminal,Pasteurized Keg Beer / Premium Lager,35937.48,1002,Cross-Country,37.91,43.51,3.5,5.01,9.03,6.9,22.47,0.536,3,25,96.8,26,6.54,9.72,0,0.0015,Low Risk (Safe),OPTIMAL: Thermal Profile Compliant; Clear for Immediate Inbound Put-away
SHP-1149,AB-REEFER-8149,ThermoHaul Freight,Punjab Regional Cold Hub,Goa Coastal Transit Hub,Fresh Dairy & Perishables,33037.41,615,Mid Haul,38.27,45.62,2.5,3.47,8.2,6.5,11.7,0.625,2,24,75.2,119,5.27,44.24,0,0.0939,Low Risk (Safe),OPTIMAL: Thermal Profile Compliant; Clear for Immediate Inbound Put-away
SHP-1150,AB-REEFER-8150,PolarTrans Logistics,AB InBev Brewery - Bengaluru Hub,Mumbai Urban Distribution Center,Fresh Dairy & Perishables,14530.24,784,Long Haul,37.12,41.83,2.5,3.46,8.23,8.1,19.18,0.474,2,27,97.4,255,5.27,44.14,0,0.0169,Low Risk (Safe),OPTIMAL: Thermal Profile Compliant; Clear for Immediate Inbound Put-away
SHP-1151,AB-REEFER-8151,ThermoHaul Freight,Punjab Regional Cold Hub,Goa Coastal Transit Hub,Pasteurized Keg Beer / Premium Lager,41550.39,408,Mid Haul,37.4,43.34,3.5,4.88,10.93,3.1,10.52,0.891,8,68,78.9,82,7.18,32.87,0,0.0652,Low Risk (Safe),OPTIMAL: Thermal Profile Compliant; Clear for Immediate Inbound Put-away
SHP-1152,AB-REEFER-8152,PolarTrans Logistics,Gujarat BioPharma Park,Delhi NCR Mega Fulfillment,Pharma Biologics & Vaccines,216189.03,466,Mid Haul,32.71,40.04,4.0,5.23,7.54,6.0,7.48,0.241,2,12,80.0,0,6.11,9.83,0,0.0016,Low Risk (Safe),OPTIMAL: Thermal Profile Compliant; Clear for Immediate Inbound Put-away
SHP-1153,AB-REEFER-8153,ThermoHaul Freight,Maharashtra Distribution Center,Delhi NCR Mega Fulfillment,Frozen Foods & Confectionery,32744.69,646,Mid Haul,27.64,34.36,-20.0,-19.38,-16.84,5.2,11.03,0.822,2,13,91.6,5,-18.41,0.0,0,0.0018,Low Risk (Safe),OPTIMAL: Thermal Profile Compliant; Clear for Immediate Inbound Put-away
SHP-1154,AB-REEFER-8154,ThermoHaul Freight,Maharashtra Distribution Center,Delhi NCR Mega Fulfillment,Pasteurized Keg Beer / Premium Lager,38011.76,819,Long Haul,28.3,30.85,3.5,4.28,7.09,7.0,19.43,0.439,2,9,83.7,0,5.35,5.43,0,0.0013,Low Risk (Safe),OPTIMAL: Thermal Profile Compliant; Clear for Immediate Inbound Put-away
SHP-1155,AB-REEFER-8155,ArcticLogistics Global,Gujarat BioPharma Park,Mumbai Urban Distribution Center,Pasteurized Keg Beer / Premium Lager,24694.77,295,Short Haul,35.45,40.95,3.5,4.25,6.38,3.9,4.95,0.578,1,5,80.7,0,5.06,11.88,0,0.0014,Low Risk (Safe),OPTIMAL: Thermal Profile Compliant; Clear for Immediate Inbound Put-away
SHP-1156,AB-REEFER-8156,ThermoHaul Freight,Gujarat BioPharma Park,Kolkata Eastern Terminal,Pharma Biologics & Vaccines,119515.23,654,Long Haul,36.67,42.2,4.0,4.99,9.75,1.2,16.76,0.407,5,35,65.2,45,6.8,11.82,0,0.0023,Low Risk (Safe),OPTIMAL: Thermal Profile Compliant; Clear for Immediate Inbound Put-away
SHP-1157,AB-REEFER-8157,ArcticLogistics Global,Haryana Bottling Facility,Hyderabad Metro Depot,Fresh Dairy & Perishables,19705.21,761,Long Haul,40.67,43.84,2.5,4.42,7.6,5.9,22.05,0.267,2,15,65.5,39,5.63,6.49,0,0.0031,Low Risk (Safe),OPTIMAL: Thermal Profile Compliant; Clear for Immediate Inbound Put-away
SHP-1158,AB-REEFER-8158,PolarTrans Logistics,AB InBev Brewery - Bengaluru Hub,Hyderabad Metro Depot,Fresh Dairy & Perishables,21259.3,330,Mid Haul,37.63,40.67,2.5,4.19,7.35,2.1,8.5,0.228,2,23,87.4,42,5.39,4.73,0,0.0035,Low Risk (Safe),OPTIMAL: Thermal Profile Compliant; Clear for Immediate Inbound Put-away
SHP-1159,AB-REEFER-8159,ColdFleet Express,Maharashtra Distribution Center,Delhi NCR Mega Fulfillment,Fresh Dairy & Perishables,20217.43,728,Long Haul,37.23,43.91,2.5,3.72,8.03,6.0,13.99,0.675,3,30,87.2,47,5.36,14.19,0,0.0027,Low Risk (Safe),OPTIMAL: Thermal Profile Compliant; Clear for Immediate Inbound Put-away
SHP-1160,AB-REEFER-8160,ColdFleet Express,Punjab Regional Cold Hub,Hyderabad Metro Depot,Pasteurized Keg Beer / Premium Lager,26358.58,430,Mid Haul,31.06,38.44,3.5,5.4,12.76,2.6,7.06,0.486,12,110,83.1,100,8.2,56.23,1,0.4548,Moderate Risk (Monitor),WARNING: Schedule Reefer Compressor Inspection & Door Seal Re-calibration at Hub
SHP-1161,AB-REEFER-8161,ColdFleet Express,Haryana Bottling Facility,Hyderabad Metro Depot,Pharma Biologics & Vaccines,189311.82,884,Long Haul,28.53,31.65,4.0,6.05,8.92,2.0,21.58,0.796,3,19,78.0,18,7.14,12.22,0,0.0025,Low Risk (Safe),OPTIMAL: Thermal Profile Compliant; Clear for Immediate Inbound Put-away
SHP-1162,AB-REEFER-8162,ColdFleet Express,Maharashtra Distribution Center,Goa Coastal Transit Hub,Fresh Dairy & Perishables,32532.83,330,Mid Haul,31.34,34.93,2.5,4.88,8.38,4.5,7.26,0.448,2,16,66.9,85,6.21,52.5,1,0.6845,Moderate Risk (Monitor),WARNING: Schedule Reefer Compressor Inspection & Door Seal Re-calibration at Hub
SHP-1163,AB-REEFER-8163,ArcticLogistics Global,Haryana Bottling Facility,Delhi NCR Mega Fulfillment,Pasteurized Keg Beer / Premium Lager,38106.05,517,Mid Haul,40.57,47.3,3.5,6.24,14.27,1.5,12.72,0.59,8,106,71.9,163,9.29,55.12,1,0.9798,Critical Risk (Immediate Action),CRITICAL: Inspect for Flavour Skunking & Colloidal Haze at Inbound Gate; Reroute to Priority Cross-Dock
SHP-1164,AB-REEFER-8164,ArcticLogistics Global,Haryana Bottling Facility,Kolkata Eastern Terminal,Fresh Dairy & Perishables,18999.59,1177,Cross-Country,29.51,35.4,2.5,4.38,8.8,6.6,21.97,0.804,3,20,98.1,163,6.06,42.98,0,0.014,Low Risk (Safe),OPTIMAL: Thermal Profile Compliant; Clear for Immediate Inbound Put-away
SHP-1165,AB-REEFER-8165,ColdFleet Express,Maharashtra Distribution Center,Hyderabad Metro Depot,Fresh Dairy & Perishables,22846.4,720,Long Haul,38.57,45.81,2.5,3.01,7.34,3.3,16.53,0.564,3,14,98.6,61,4.66,37.43,0,0.0103,Low Risk (Safe),OPTIMAL: Thermal Profile Compliant; Clear for Immediate Inbound Put-away
SHP-1166,AB-REEFER-8166,ThermoHaul Freight,Gujarat BioPharma Park,Hyderabad Metro Depot,Fresh Dairy & Perishables,23689.28,641,Mid Haul,38.89,45.35,2.5,3.07,6.88,5.2,9.91,0.219,1,6,94.3,38,4.52,11.22,0,0.0021,Low Risk (Safe),OPTIMAL: Thermal Profile Compliant; Clear for Immediate Inbound Put-away
SHP-1167,AB-REEFER-8167,ThermoHaul Freight,Punjab Regional Cold Hub,Kolkata Eastern Terminal,Pasteurized Keg Beer / Premium Lager,29932.13,716,Long Haul,34.44,39.53,3.5,4.5,9.72,7.9,14.2,0.489,5,34,97.1,96,6.48,49.44,0,0.0211,Low Risk (Safe),OPTIMAL: Thermal Profile Compliant; Clear for Immediate Inbound Put-away
SHP-1168,AB-REEFER-8168,ArcticLogistics Global,Punjab Regional Cold Hub,Delhi NCR Mega Fulfillment,Pasteurized Keg Beer / Premium Lager,33209.04,292,Short Haul,37.02,42.87,3.5,6.4,8.81,1.8,7.97,0.262,1,8,65.0,61,7.32,30.52,0,0.0193,Low Risk (Safe),OPTIMAL: Thermal Profile Compliant; Clear for Immediate Inbound Put-away
SHP-1169,AB-REEFER-8169,ThermoHaul Freight,Maharashtra Distribution Center,Kolkata Eastern Terminal,Frozen Foods & Confectionery,34965.08,536,Mid Haul,41.42,44.7,-20.0,-18.03,-15.65,2.3,9.75,0.645,3,14,86.8,0,-17.13,6.82,0,0.002,Low Risk (Safe),OPTIMAL: Thermal Profile Compliant; Clear for Immediate Inbound Put-away
SHP-1170,AB-REEFER-8170,ThermoHaul Freight,Maharashtra Distribution Center,Mumbai Urban Distribution Center,Pasteurized Keg Beer / Premium Lager,29568.07,382,Mid Haul,28.51,35.77,3.5,5.62,9.03,3.7,6.57,0.298,1,9,77.6,40,6.92,7.8,0,0.0015,Low Risk (Safe),OPTIMAL: Thermal Profile Compliant; Clear for Immediate Inbound Put-away
SHP-1171,AB-REEFER-8171,ArcticLogistics Global,Maharashtra Distribution Center,Delhi NCR Mega Fulfillment,Fresh Dairy & Perishables,32201.68,918,Long Haul,35.65,42.17,2.5,3.96,6.93,6.8,22.08,0.252,1,8,80.8,143,5.09,36.9,0,0.0178,Low Risk (Safe),OPTIMAL: Thermal Profile Compliant; Clear for Immediate Inbound Put-away
SHP-1172,AB-REEFER-8172,ArcticLogistics Global,Gujarat BioPharma Park,Hyderabad Metro Depot,Pasteurized Keg Beer / Premium Lager,34025.36,337,Mid Haul,29.31,32.81,3.5,4.47,14.54,4.6,7.12,0.567,12,151,97.7,157,8.3,49.91,0,0.1594,Low Risk (Safe),OPTIMAL: Thermal Profile Compliant; Clear for Immediate Inbound Put-away
SHP-1173,AB-REEFER-8173,ColdFleet Express,AB InBev Brewery - Bengaluru Hub,Hyderabad Metro Depot,Pasteurized Keg Beer / Premium Lager,25194.45,527,Mid Haul,33.87,40.21,3.5,5.89,11.21,2.3,10.36,0.944,3,39,69.3,220,7.91,50.01,1,0.8336,Critical Risk (Immediate Action),CRITICAL: Inspect for Flavour Skunking & Colloidal Haze at Inbound Gate; Reroute to Priority Cross-Dock
SHP-1174,AB-REEFER-8174,ThermoHaul Freight,Haryana Bottling Facility,Mumbai Urban Distribution Center,Pasteurized Keg Beer / Premium Lager,44946.58,1023,Cross-Country,26.35,31.36,3.5,6.1,20.43,2.7,20.46,0.844,16,220,79.6,240,11.55,100.0,1,0.9941,Critical Risk (Immediate Action),CRITICAL: Inspect for Flavour Skunking & Colloidal Haze at Inbound Gate; Reroute to Priority Cross-Dock
SHP-1175,AB-REEFER-8175,PolarTrans Logistics,AB InBev Brewery - Bengaluru Hub,Kolkata Eastern Terminal,Fresh Dairy & Perishables,16344.7,584,Mid Haul,40.57,43.94,2.5,4.54,7.4,2.8,10.35,0.342,1,4,84.2,55,5.63,4.8,0,0.0025,Low Risk (Safe),OPTIMAL: Thermal Profile Compliant; Clear for Immediate Inbound Put-away
SHP-1176,AB-REEFER-8176,ColdFleet Express,Maharashtra Distribution Center,Delhi NCR Mega Fulfillment,Pharma Biologics & Vaccines,174553.55,310,Mid Haul,41.99,48.67,4.0,6.98,11.0,7.6,4.53,0.355,2,10,62.1,106,8.51,47.83,0,0.0744,Low Risk (Safe),OPTIMAL: Thermal Profile Compliant; Clear for Immediate Inbound Put-away
SHP-1177,AB-REEFER-8177,ArcticLogistics Global,Gujarat BioPharma Park,Mumbai Urban Distribution Center,Fresh Dairy & Perishables,30263.9,626,Mid Haul,41.21,46.88,2.5,3.88,7.08,3.3,10.92,0.881,3,21,94.2,52,5.1,14.25,0,0.0029,Low Risk (Safe),OPTIMAL: Thermal Profile Compliant; Clear for Immediate Inbound Put-away
SHP-1178,AB-REEFER-8178,ArcticLogistics Global,Gujarat BioPharma Park,Mumbai Urban Distribution Center,Fresh Dairy & Perishables,27451.45,221,Short Haul,30.47,35.87,2.5,4.37,16.54,2.1,4.82,0.931,12,163,84.8,275,8.99,100.0,1,0.9952,Critical Risk (Immediate Action),CRITICAL: High Quality Degradation Detected; Expedite Destination QA Inspection
SHP-1179,AB-REEFER-8179,ArcticLogistics Global,Gujarat BioPharma Park,Mumbai Urban Distribution Center,Frozen Foods & Confectionery,17477.85,595,Mid Haul,41.66,47.1,-20.0,-19.04,-15.06,5.0,10.93,0.205,5,40,84.7,0,-17.53,11.36,0,0.0028,Low Risk (Safe),OPTIMAL: Thermal Profile Compliant; Clear for Immediate Inbound Put-away
SHP-1180,AB-REEFER-8180,PolarTrans Logistics,Haryana Bottling Facility,Kolkata Eastern Terminal,Fresh Dairy & Perishables,30421.26,370,Mid Haul,26.25,31.98,2.5,4.48,7.5,4.0,7.09,0.519,3,30,66.6,49,5.63,14.62,0,0.0037,Low Risk (Safe),OPTIMAL: Thermal Profile Compliant; Clear for Immediate Inbound Put-away
SHP-1181,AB-REEFER-8181,PolarTrans Logistics,AB InBev Brewery - Bengaluru Hub,Mumbai Urban Distribution Center,Pharma Biologics & Vaccines,133223.27,190,Short Haul,33.61,38.23,4.0,4.58,8.98,7.4,3.93,0.541,2,16,78.3,33,6.25,10.37,0,0.0016,Low Risk (Safe),OPTIMAL: Thermal Profile Compliant; Clear for Immediate Inbound Put-away
SHP-1182,AB-REEFER-8182,ArcticLogistics Global,Punjab Regional Cold Hub,Mumbai Urban Distribution Center,Pharma Biologics & Vaccines,93215.06,578,Mid Haul,31.84,35.71,4.0,6.04,10.62,4.5,13.25,0.573,5,24,66.8,144,7.78,47.06,0,0.1147,Low Risk (Safe),OPTIMAL: Thermal Profile Compliant; Clear for Immediate Inbound Put-away
SHP-1183,AB-REEFER-8183,ThermoHaul Freight,AB InBev Brewery - Bengaluru Hub,Kolkata Eastern Terminal,Frozen Foods & Confectionery,34543.69,1300,Cross-Country,28.62,35.9,-20.0,-18.32,-15.4,5.8,33.37,0.86,2,24,83.4,0,-17.21,15.3,0,0.0018,Low Risk (Safe),OPTIMAL: Thermal Profile Compliant; Clear for Immediate Inbound Put-away
SHP-1184,AB-REEFER-8184,ThermoHaul Freight,AB InBev Brewery - Bengaluru Hub,Hyderabad Metro Depot,Pharma Biologics & Vaccines,246011.0,329,Mid Haul,32.97,35.83,4.0,6.22,14.31,6.8,5.78,0.668,8,108,94.6,148,9.29,96.87,1,0.9844,Critical Risk (Immediate Action),CRITICAL: Quash for Biologics Potency & Cold-Chain Excursion Audit; Do Not Release to Cold-Room
SHP-1185,AB-REEFER-8185,ThermoHaul Freight,AB InBev Brewery - Bengaluru Hub,Hyderabad Metro Depot,Pharma Biologics & Vaccines,165886.32,725,Long Haul,36.32,40.8,4.0,5.03,8.93,7.0,11.41,0.316,3,40,94.0,47,6.51,5.21,0,0.0021,Low Risk (Safe),OPTIMAL: Thermal Profile Compliant; Clear for Immediate Inbound Put-away
SHP-1186,AB-REEFER-8186,ArcticLogistics Global,AB InBev Brewery - Bengaluru Hub,Mumbai Urban Distribution Center,Pasteurized Keg Beer / Premium Lager,35774.77,935,Long Haul,30.03,34.38,3.5,4.13,9.95,0.7,18.2,0.584,12,67,98.0,95,6.34,39.76,0,0.0308,Low Risk (Safe),OPTIMAL: Thermal Profile Compliant; Clear for Immediate Inbound Put-away
SHP-1187,AB-REEFER-8187,ColdFleet Express,Punjab Regional Cold Hub,Goa Coastal Transit Hub,Pasteurized Keg Beer / Premium Lager,41186.86,1029,Cross-Country,27.08,30.85,3.5,4.9,9.59,7.0,25.35,0.781,2,19,74.2,63,6.68,31.6,0,0.01,Low Risk (Safe),OPTIMAL: Thermal Profile Compliant; Clear for Immediate Inbound Put-away
SHP-1188,AB-REEFER-8188,PolarTrans Logistics,Maharashtra Distribution Center,Hyderabad Metro Depot,Fresh Dairy & Perishables,31821.2,1069,Cross-Country,41.62,48.63,2.5,4.14,9.15,1.5,17.78,0.943,3,27,79.5,127,6.04,48.49,0,0.0726,Low Risk (Safe),OPTIMAL: Thermal Profile Compliant; Clear for Immediate Inbound Put-away
SHP-1189,AB-REEFER-8189,ThermoHaul Freight,Punjab Regional Cold Hub,Mumbai Urban Distribution Center,Pharma Biologics & Vaccines,272293.52,540,Mid Haul,33.1,39.38,4.0,6.18,13.55,6.5,12.11,0.869,12,73,79.6,170,8.98,100.0,1,0.9892,Critical Risk (Immediate Action),CRITICAL: Quash for Biologics Potency & Cold-Chain Excursion Audit; Do Not Release to Cold-Room
SHP-1190,AB-REEFER-8190,ThermoHaul Freight,Gujarat BioPharma Park,Hyderabad Metro Depot,Pasteurized Keg Beer / Premium Lager,25989.96,358,Mid Haul,26.36,29.11,3.5,4.42,8.89,2.6,8.21,0.821,5,24,74.1,21,6.12,15.99,0,0.0023,Low Risk (Safe),OPTIMAL: Thermal Profile Compliant; Clear for Immediate Inbound Put-away
SHP-1191,AB-REEFER-8191,PolarTrans Logistics,Punjab Regional Cold Hub,Delhi NCR Mega Fulfillment,Fresh Dairy & Perishables,30301.54,183,Short Haul,28.8,33.88,2.5,4.17,6.64,2.6,3.05,0.738,5,21,72.5,28,5.11,4.79,0,0.0045,Low Risk (Safe),OPTIMAL: Thermal Profile Compliant; Clear for Immediate Inbound Put-away
SHP-1192,AB-REEFER-8192,ArcticLogistics Global,AB InBev Brewery - Bengaluru Hub,Kolkata Eastern Terminal,Pasteurized Keg Beer / Premium Lager,43218.04,549,Mid Haul,36.75,40.23,3.5,5.02,8.92,5.9,9.85,0.718,2,18,85.9,19,6.5,12.52,0,0.002,Low Risk (Safe),OPTIMAL: Thermal Profile Compliant; Clear for Immediate Inbound Put-away
SHP-1193,AB-REEFER-8193,ThermoHaul Freight,Gujarat BioPharma Park,Delhi NCR Mega Fulfillment,Fresh Dairy & Perishables,32889.82,723,Long Haul,31.43,34.47,2.5,3.58,7.57,4.6,20.35,0.21,3,23,89.9,49,5.1,3.15,0,0.0031,Low Risk (Safe),OPTIMAL: Thermal Profile Compliant; Clear for Immediate Inbound Put-away
SHP-1194,AB-REEFER-8194,ThermoHaul Freight,AB InBev Brewery - Bengaluru Hub,Mumbai Urban Distribution Center,Pharma Biologics & Vaccines,191766.81,735,Long Haul,26.96,29.87,4.0,5.5,8.69,5.6,17.27,0.702,3,24,62.4,13,6.71,14.86,0,0.0036,Low Risk (Safe),OPTIMAL: Thermal Profile Compliant; Clear for Immediate Inbound Put-away
SHP-1195,AB-REEFER-8195,ThermoHaul Freight,Maharashtra Distribution Center,Mumbai Urban Distribution Center,Fresh Dairy & Perishables,28206.45,1130,Cross-Country,33.33,38.68,2.5,4.62,7.64,6.0,24.41,0.455,1,4,73.1,110,5.77,50.08,1,0.8965,Critical Risk (Immediate Action),CRITICAL: High Quality Degradation Detected; Expedite Destination QA Inspection
SHP-1196,AB-REEFER-8196,PolarTrans Logistics,Haryana Bottling Facility,Hyderabad Metro Depot,Pharma Biologics & Vaccines,90466.37,478,Mid Haul,32.65,38.79,4.0,5.39,11.08,6.9,8.2,0.376,5,48,96.2,72,7.55,43.35,0,0.0058,Low Risk (Safe),OPTIMAL: Thermal Profile Compliant; Clear for Immediate Inbound Put-away
SHP-1197,AB-REEFER-8197,ArcticLogistics Global,Gujarat BioPharma Park,Mumbai Urban Distribution Center,Pharma Biologics & Vaccines,142030.08,570,Mid Haul,28.1,34.7,4.0,4.34,8.65,8.5,11.53,0.656,2,26,88.6,127,5.98,51.36,1,0.706,Critical Risk (Immediate Action),CRITICAL: Quash for Biologics Potency & Cold-Chain Excursion Audit; Do Not Release to Cold-Room
SHP-1198,AB-REEFER-8198,ColdFleet Express,AB InBev Brewery - Bengaluru Hub,Goa Coastal Transit Hub,Frozen Foods & Confectionery,29217.03,1062,Cross-Country,32.57,39.4,-20.0,-17.85,-15.18,6.4,20.4,0.474,2,21,78.5,0,-16.84,7.45,0,0.0016,Low Risk (Safe),OPTIMAL: Thermal Profile Compliant; Clear for Immediate Inbound Put-away
SHP-1199,AB-REEFER-8199,ThermoHaul Freight,Haryana Bottling Facility,Mumbai Urban Distribution Center,Fresh Dairy & Perishables,26081.99,485,Mid Haul,35.72,38.99,2.5,4.4,8.5,2.2,7.76,0.384,2,17,92.9,142,5.96,36.56,0,0.057,Low Risk (Safe),OPTIMAL: Thermal Profile Compliant; Clear for Immediate Inbound Put-away
SHP-1200,AB-REEFER-8200,ColdFleet Express,AB InBev Brewery - Bengaluru Hub,Goa Coastal Transit Hub,Frozen Foods & Confectionery,39290.77,549,Mid Haul,30.39,34.26,-20.0,-18.85,-15.61,2.9,10.04,0.74,5,30,95.1,0,-17.62,8.03,0,0.0022,Low Risk (Safe),OPTIMAL: Thermal Profile Compliant; Clear for Immediate Inbound Put-away
SHP-1201,AB-REEFER-8201,ColdFleet Express,Gujarat BioPharma Park,Kolkata Eastern Terminal,Fresh Dairy & Perishables,28987.35,753,Long Haul,39.77,42.34,2.5,4.11,8.37,6.0,20.1,0.669,5,23,67.5,149,5.73,51.71,1,0.737,Critical Risk (Immediate Action),CRITICAL: High Quality Degradation Detected; Expedite Destination QA Inspection
SHP-1202,AB-REEFER-8202,ArcticLogistics Global,Haryana Bottling Facility,Delhi NCR Mega Fulfillment,Pharma Biologics & Vaccines,228512.55,456,Mid Haul,32.71,40.12,4.0,6.05,9.89,3.3,8.83,0.366,2,26,91.5,43,7.51,5.57,0,0.0017,Low Risk (Safe),OPTIMAL: Thermal Profile Compliant; Clear for Immediate Inbound Put-away
SHP-1203,AB-REEFER-8203,PolarTrans Logistics,Haryana Bottling Facility,Hyderabad Metro Depot,Pasteurized Keg Beer / Premium Lager,24388.49,804,Long Haul,35.51,40.96,3.5,5.1,8.12,6.0,16.39,0.434,1,13,91.9,17,6.25,8.46,0,0.0015,Low Risk (Safe),OPTIMAL: Thermal Profile Compliant; Clear for Immediate Inbound Put-away
SHP-1204,AB-REEFER-8204,ThermoHaul Freight,Punjab Regional Cold Hub,Delhi NCR Mega Fulfillment,Pharma Biologics & Vaccines,258945.28,670,Long Haul,36.81,40.56,4.0,5.38,9.28,5.1,11.98,0.711,5,26,97.8,27,6.86,7.04,0,0.002,Low Risk (Safe),OPTIMAL: Thermal Profile Compliant; Clear for Immediate Inbound Put-away
SHP-1205,AB-REEFER-8205,PolarTrans Logistics,Maharashtra Distribution Center,Hyderabad Metro Depot,Pasteurized Keg Beer / Premium Lager,38403.61,758,Long Haul,37.9,42.1,3.5,6.09,10.19,4.1,15.03,0.536,3,13,73.2,63,7.65,32.12,0,0.0109,Low Risk (Safe),OPTIMAL: Thermal Profile Compliant; Clear for Immediate Inbound Put-away
SHP-1206,AB-REEFER-8206,PolarTrans Logistics,Punjab Regional Cold Hub,Goa Coastal Transit Hub,Fresh Dairy & Perishables,29724.01,1158,Cross-Country,32.04,38.48,2.5,3.14,4.77,3.3,21.81,0.477,1,6,95.4,5,3.76,9.24,0,0.0022,Low Risk (Safe),OPTIMAL: Thermal Profile Compliant; Clear for Immediate Inbound Put-away
SHP-1207,AB-REEFER-8207,PolarTrans Logistics,AB InBev Brewery - Bengaluru Hub,Kolkata Eastern Terminal,Pasteurized Keg Beer / Premium Lager,28989.17,369,Mid Haul,40.49,43.17,3.5,4.26,8.25,2.3,8.24,0.591,1,6,70.1,28,5.78,13.15,0,0.0019,Low Risk (Safe),OPTIMAL: Thermal Profile Compliant; Clear for Immediate Inbound Put-away
SHP-1208,AB-REEFER-8208,ColdFleet Express,Haryana Bottling Facility,Mumbai Urban Distribution Center,Pharma Biologics & Vaccines,167397.41,635,Mid Haul,37.18,44.2,4.0,4.51,10.22,6.9,15.79,0.822,3,35,96.4,41,6.68,11.92,0,0.0024,Low Risk (Safe),OPTIMAL: Thermal Profile Compliant; Clear for Immediate Inbound Put-away
SHP-1209,AB-REEFER-8209,PolarTrans Logistics,Punjab Regional Cold Hub,Hyderabad Metro Depot,Frozen Foods & Confectionery,38306.89,673,Long Haul,36.85,40.83,-20.0,-17.39,-9.77,5.0,13.14,0.693,8,78,94.2,76,-14.49,42.77,0,0.0166,Low Risk (Safe),OPTIMAL: Thermal Profile Compliant; Clear for Immediate Inbound Put-away
SHP-1210,AB-REEFER-8210,PolarTrans Logistics,Maharashtra Distribution Center,Mumbai Urban Distribution Center,Pasteurized Keg Beer / Premium Lager,51972.72,609,Mid Haul,39.43,45.63,3.5,5.85,9.36,7.5,12.78,0.381,3,25,65.6,61,7.18,23.15,0,0.0127,Low Risk (Safe),OPTIMAL: Thermal Profile Compliant; Clear for Immediate Inbound Put-away
SHP-1211,AB-REEFER-8211,ColdFleet Express,Haryana Bottling Facility,Goa Coastal Transit Hub,Pasteurized Keg Beer / Premium Lager,32108.94,637,Mid Haul,30.73,33.57,3.5,4.94,10.37,7.7,9.88,0.23,5,40,98.1,67,7.0,25.78,0,0.0052,Low Risk (Safe),OPTIMAL: Thermal Profile Compliant; Clear for Immediate Inbound Put-away
SHP-1212,AB-REEFER-8212,ColdFleet Express,Maharashtra Distribution Center,Mumbai Urban Distribution Center,Pharma Biologics & Vaccines,114498.09,309,Mid Haul,29.83,36.63,4.0,6.01,13.21,7.9,4.98,0.39,5,69,82.3,136,8.75,99.67,1,0.9673,Critical Risk (Immediate Action),CRITICAL: Quash for Biologics Potency & Cold-Chain Excursion Audit; Do Not Release to Cold-Room
SHP-1213,AB-REEFER-8213,ColdFleet Express,AB InBev Brewery - Bengaluru Hub,Hyderabad Metro Depot,Pasteurized Keg Beer / Premium Lager,25013.21,1151,Cross-Country,28.49,35.79,3.5,5.23,11.79,0.8,15.2,0.853,12,86,73.4,124,7.72,55.13,1,0.9307,Critical Risk (Immediate Action),CRITICAL: Inspect for Flavour Skunking & Colloidal Haze at Inbound Gate; Reroute to Priority Cross-Dock
SHP-1214,AB-REEFER-8214,PolarTrans Logistics,Punjab Regional Cold Hub,Mumbai Urban Distribution Center,Fresh Dairy & Perishables,31781.2,655,Long Haul,37.63,42.68,2.5,3.56,5.17,3.7,12.01,0.193,1,6,83.3,0,4.17,6.09,0,0.0026,Low Risk (Safe),OPTIMAL: Thermal Profile Compliant; Clear for Immediate Inbound Put-away
SHP-1215,AB-REEFER-8215,ArcticLogistics Global,Maharashtra Distribution Center,Delhi NCR Mega Fulfillment,Pharma Biologics & Vaccines,146948.6,1022,Cross-Country,39.18,42.45,4.0,4.66,7.07,3.2,17.83,0.626,1,11,83.4,5,5.58,13.02,0,0.0017,Low Risk (Safe),OPTIMAL: Thermal Profile Compliant; Clear for Immediate Inbound Put-away
SHP-1216,AB-REEFER-8216,ArcticLogistics Global,AB InBev Brewery - Bengaluru Hub,Hyderabad Metro Depot,Pasteurized Keg Beer / Premium Lager,37556.55,977,Long Haul,35.66,40.35,3.5,6.2,13.77,7.1,17.08,0.812,12,70,64.2,130,9.08,55.95,1,0.9847,Critical Risk (Immediate Action),CRITICAL: Inspect for Flavour Skunking & Colloidal Haze at Inbound Gate; Reroute to Priority Cross-Dock
SHP-1217,AB-REEFER-8217,ColdFleet Express,Haryana Bottling Facility,Hyderabad Metro Depot,Pharma Biologics & Vaccines,102835.05,512,Mid Haul,26.53,32.06,4.0,4.26,7.61,5.5,10.91,0.21,1,10,96.6,0,5.53,3.23,0,0.0012,Low Risk (Safe),OPTIMAL: Thermal Profile Compliant; Clear for Immediate Inbound Put-away
SHP-1218,AB-REEFER-8218,ThermoHaul Freight,Haryana Bottling Facility,Delhi NCR Mega Fulfillment,Pasteurized Keg Beer / Premium Lager,51675.38,614,Mid Haul,40.22,44.36,3.5,4.93,10.58,3.9,9.17,0.812,8,62,94.6,69,7.08,29.73,0,0.01,Low Risk (Safe),OPTIMAL: Thermal Profile Compliant; Clear for Immediate Inbound Put-away
SHP-1219,AB-REEFER-8219,ColdFleet Express,Gujarat BioPharma Park,Hyderabad Metro Depot,Fresh Dairy & Perishables,13712.12,515,Mid Haul,33.96,37.2,2.5,4.85,12.47,7.0,11.52,0.915,12,116,93.4,177,7.75,100.0,1,0.9917,Critical Risk (Immediate Action),CRITICAL: High Quality Degradation Detected; Expedite Destination QA Inspection
SHP-1220,AB-REEFER-8220,ThermoHaul Freight,Haryana Bottling Facility,Hyderabad Metro Depot,Frozen Foods & Confectionery,41273.09,432,Mid Haul,28.28,31.29,-20.0,-18.08,-14.11,1.4,9.1,0.462,2,11,98.2,0,-16.57,2.75,0,0.0016,Low Risk (Safe),OPTIMAL: Thermal Profile Compliant; Clear for Immediate Inbound Put-away
SHP-1221,AB-REEFER-8221,ArcticLogistics Global,Haryana Bottling Facility,Mumbai Urban Distribution Center,Frozen Foods & Confectionery,19554.07,435,Mid Haul,34.82,40.35,-20.0,-19.55,-17.46,6.1,7.3,0.434,2,12,87.2,0,-18.76,4.65,0,0.0013,Low Risk (Safe),OPTIMAL: Thermal Profile Compliant; Clear for Immediate Inbound Put-away
SHP-1222,AB-REEFER-8222,ThermoHaul Freight,Punjab Regional Cold Hub,Mumbai Urban Distribution Center,Frozen Foods & Confectionery,41494.51,953,Long Haul,31.19,34.87,-20.0,-17.88,-15.95,3.1,14.65,0.615,2,11,76.9,5,-17.15,9.89,0,0.0016,Low Risk (Safe),OPTIMAL: Thermal Profile Compliant; Clear for Immediate Inbound Put-away
SHP-1223,AB-REEFER-8223,ThermoHaul Freight,Haryana Bottling Facility,Mumbai Urban Distribution Center,Fresh Dairy & Perishables,13973.57,558,Mid Haul,36.01,40.99,2.5,3.54,7.34,2.7,12.24,0.797,3,29,86.0,61,4.98,45.22,0,0.0351,Low Risk (Safe),OPTIMAL: Thermal Profile Compliant; Clear for Immediate Inbound Put-away
SHP-1224,AB-REEFER-8224,ArcticLogistics Global,AB InBev Brewery - Bengaluru Hub,Kolkata Eastern Terminal,Pasteurized Keg Beer / Premium Lager,43440.75,486,Mid Haul,35.09,42.48,3.5,4.83,6.54,2.7,9.27,0.366,1,6,87.3,0,5.48,11.78,0,0.0012,Low Risk (Safe),OPTIMAL: Thermal Profile Compliant; Clear for Immediate Inbound Put-away
SHP-1225,AB-REEFER-8225,PolarTrans Logistics,Haryana Bottling Facility,Hyderabad Metro Depot,Pharma Biologics & Vaccines,133246.01,826,Long Haul,41.8,47.1,4.0,5.71,8.24,6.1,17.55,0.288,2,22,76.4,12,6.67,8.51,0,0.0016,Low Risk (Safe),OPTIMAL: Thermal Profile Compliant; Clear for Immediate Inbound Put-away
SHP-1226,AB-REEFER-8226,ColdFleet Express,Punjab Regional Cold Hub,Hyderabad Metro Depot,Fresh Dairy & Perishables,26681.96,780,Long Haul,34.22,38.54,2.5,4.05,13.16,6.3,17.03,0.514,16,105,72.2,171,7.51,100.0,1,0.9947,Critical Risk (Immediate Action),CRITICAL: High Quality Degradation Detected; Expedite Destination QA Inspection
SHP-1227,AB-REEFER-8227,ColdFleet Express,Punjab Regional Cold Hub,Kolkata Eastern Terminal,Pasteurized Keg Beer / Premium Lager,27358.24,1330,Cross-Country,41.72,46.1,3.5,5.1,14.47,2.1,28.28,0.344,8,111,72.8,151,8.66,52.78,1,0.9809,Critical Risk (Immediate Action),CRITICAL: Inspect for Flavour Skunking & Colloidal Haze at Inbound Gate; Reroute to Priority Cross-Dock
SHP-1228,AB-REEFER-8228,ThermoHaul Freight,Punjab Regional Cold Hub,Kolkata Eastern Terminal,Pharma Biologics & Vaccines,201137.86,402,Mid Haul,36.64,42.7,4.0,5.08,9.95,7.6,7.0,0.918,3,31,78.1,96,6.93,49.49,0,0.1754,Low Risk (Safe),OPTIMAL: Thermal Profile Compliant; Clear for Immediate Inbound Put-away
SHP-1229,AB-REEFER-8229,ThermoHaul Freight,Gujarat BioPharma Park,Goa Coastal Transit Hub,Pasteurized Keg Beer / Premium Lager,25496.34,1333,Cross-Country,39.59,44.59,3.5,4.64,7.21,3.6,20.73,0.57,1,8,94.2,0,5.62,10.43,0,0.0014,Low Risk (Safe),OPTIMAL: Thermal Profile Compliant; Clear for Immediate Inbound Put-away
SHP-1230,AB-REEFER-8230,ArcticLogistics Global,AB InBev Brewery - Bengaluru Hub,Mumbai Urban Distribution Center,Pasteurized Keg Beer / Premium Lager,23958.1,395,Mid Haul,33.1,39.85,3.5,5.09,10.36,1.1,9.52,0.271,5,47,73.5,78,7.09,30.82,0,0.0375,Low Risk (Safe),OPTIMAL: Thermal Profile Compliant; Clear for Immediate Inbound Put-away
SHP-1231,AB-REEFER-8231,ColdFleet Express,Gujarat BioPharma Park,Goa Coastal Transit Hub,Fresh Dairy & Perishables,24331.49,400,Mid Haul,41.7,46.79,2.5,5.01,8.06,7.9,9.73,0.626,3,20,63.6,54,6.17,11.84,0,0.006,Low Risk (Safe),OPTIMAL: Thermal Profile Compliant; Clear for Immediate Inbound Put-away
SHP-1232,AB-REEFER-8232,ThermoHaul Freight,Haryana Bottling Facility,Kolkata Eastern Terminal,Pasteurized Keg Beer / Premium Lager,44655.62,352,Mid Haul,29.43,36.82,3.5,4.49,7.98,0.9,7.18,0.815,2,19,90.4,0,5.82,8.67,0,0.002,Low Risk (Safe),OPTIMAL: Thermal Profile Compliant; Clear for Immediate Inbound Put-away
SHP-1233,AB-REEFER-8233,ArcticLogistics Global,Gujarat BioPharma Park,Hyderabad Metro Depot,Frozen Foods & Confectionery,25116.88,112,Short Haul,29.86,32.67,-20.0,-18.96,-16.09,1.9,3.04,0.288,3,28,81.9,0,-17.87,4.91,0,0.0015,Low Risk (Safe),OPTIMAL: Thermal Profile Compliant; Clear for Immediate Inbound Put-away
SHP-1234,AB-REEFER-8234,ArcticLogistics Global,AB InBev Brewery - Bengaluru Hub,Goa Coastal Transit Hub,Pasteurized Keg Beer / Premium Lager,49795.02,411,Mid Haul,26.52,31.33,3.5,5.57,17.77,3.0,8.51,0.457,16,189,77.8,196,10.21,100.0,1,0.9703,Critical Risk (Immediate Action),CRITICAL: Inspect for Flavour Skunking & Colloidal Haze at Inbound Gate; Reroute to Priority Cross-Dock
SHP-1235,AB-REEFER-8235,ThermoHaul Freight,AB InBev Brewery - Bengaluru Hub,Mumbai Urban Distribution Center,Pharma Biologics & Vaccines,267138.08,982,Long Haul,35.62,38.84,4.0,6.52,12.18,7.7,21.15,0.469,5,60,78.5,185,8.67,100.0,1,0.8327,Critical Risk (Immediate Action),CRITICAL: Quash for Biologics Potency & Cold-Chain Excursion Audit; Do Not Release to Cold-Room
SHP-1236,AB-REEFER-8236,ThermoHaul Freight,Punjab Regional Cold Hub,Goa Coastal Transit Hub,Fresh Dairy & Perishables,19844.24,560,Mid Haul,39.33,42.05,2.5,4.42,6.74,3.0,10.46,0.516,1,8,82.0,99,5.3,44.89,0,0.0203,Low Risk (Safe),OPTIMAL: Thermal Profile Compliant; Clear for Immediate Inbound Put-away
SHP-1237,AB-REEFER-8237,ArcticLogistics Global,Punjab Regional Cold Hub,Mumbai Urban Distribution Center,Pasteurized Keg Beer / Premium Lager,31910.73,272,Short Haul,29.7,36.64,3.5,4.61,7.75,0.9,6.32,0.55,1,13,63.7,0,5.8,18.49,0,0.002,Low Risk (Safe),OPTIMAL: Thermal Profile Compliant; Clear for Immediate Inbound Put-away
SHP-1238,AB-REEFER-8238,ColdFleet Express,Haryana Bottling Facility,Mumbai Urban Distribution Center,Fresh Dairy & Perishables,32083.71,858,Long Haul,38.08,41.72,2.5,5.24,9.19,7.6,18.21,0.82,5,49,69.0,70,6.74,49.54,0,0.1676,Low Risk (Safe),OPTIMAL: Thermal Profile Compliant; Clear for Immediate Inbound Put-away
SHP-1239,AB-REEFER-8239,PolarTrans Logistics,Haryana Bottling Facility,Goa Coastal Transit Hub,Fresh Dairy & Perishables,15683.3,991,Long Haul,30.25,34.98,2.5,3.33,6.38,6.2,23.89,0.253,5,31,75.7,20,4.49,10.27,0,0.003,Low Risk (Safe),OPTIMAL: Thermal Profile Compliant; Clear for Immediate Inbound Put-away
SHP-1240,AB-REEFER-8240,ColdFleet Express,Punjab Regional Cold Hub,Goa Coastal Transit Hub,Frozen Foods & Confectionery,36798.62,547,Mid Haul,39.35,43.37,-20.0,-17.28,-13.12,4.3,7.67,0.865,5,49,70.1,32,-15.7,15.38,0,0.0032,Low Risk (Safe),OPTIMAL: Thermal Profile Compliant; Clear for Immediate Inbound Put-away
SHP-1241,AB-REEFER-8241,ThermoHaul Freight,Punjab Regional Cold Hub,Mumbai Urban Distribution Center,Pharma Biologics & Vaccines,274646.64,887,Long Haul,31.74,36.27,4.0,6.11,12.26,7.7,16.73,0.88,16,73,92.4,78,8.45,100.0,1,0.923,Critical Risk (Immediate Action),CRITICAL: Quash for Biologics Potency & Cold-Chain Excursion Audit; Do Not Release to Cold-Room
SHP-1242,AB-REEFER-8242,ArcticLogistics Global,AB InBev Brewery - Bengaluru Hub,Delhi NCR Mega Fulfillment,Frozen Foods & Confectionery,40337.91,192,Short Haul,40.44,45.66,-20.0,-20.06,-17.94,5.1,3.15,0.351,1,8,86.9,0,-19.25,7.1,0,0.0014,Low Risk (Safe),OPTIMAL: Thermal Profile Compliant; Clear for Immediate Inbound Put-away
SHP-1243,AB-REEFER-8243,ArcticLogistics Global,Punjab Regional Cold Hub,Hyderabad Metro Depot,Pasteurized Keg Beer / Premium Lager,47955.07,285,Short Haul,32.88,38.29,3.5,5.15,9.8,6.6,7.14,0.934,12,48,80.3,42,6.92,34.29,0,0.002,Low Risk (Safe),OPTIMAL: Thermal Profile Compliant; Clear for Immediate Inbound Put-away
SHP-1244,AB-REEFER-8244,ColdFleet Express,AB InBev Brewery - Bengaluru Hub,Kolkata Eastern Terminal,Pharma Biologics & Vaccines,275767.47,260,Short Haul,38.65,43.6,4.0,5.85,14.6,1.2,5.39,0.327,8,93,83.0,138,9.18,100.0,1,0.9826,Critical Risk (Immediate Action),CRITICAL: Quash for Biologics Potency & Cold-Chain Excursion Audit; Do Not Release to Cold-Room
SHP-1245,AB-REEFER-8245,ThermoHaul Freight,AB InBev Brewery - Bengaluru Hub,Hyderabad Metro Depot,Fresh Dairy & Perishables,20737.35,1225,Cross-Country,35.58,39.29,2.5,4.22,8.13,4.4,24.21,0.541,1,10,76.8,71,5.71,46.06,0,0.0681,Low Risk (Safe),OPTIMAL: Thermal Profile Compliant; Clear for Immediate Inbound Put-away
SHP-1246,AB-REEFER-8246,ArcticLogistics Global,Haryana Bottling Facility,Kolkata Eastern Terminal,Fresh Dairy & Perishables,23353.12,276,Short Haul,31.54,37.4,2.5,4.73,9.35,8.1,5.38,0.684,2,26,65.8,138,6.49,45.32,0,0.5641,Moderate Risk (Monitor),WARNING: Schedule Reefer Compressor Inspection & Door Seal Re-calibration at Hub
SHP-1247,AB-REEFER-8247,ColdFleet Express,Punjab Regional Cold Hub,Kolkata Eastern Terminal,Frozen Foods & Confectionery,16595.46,853,Long Haul,41.34,45.56,-20.0,-18.16,-14.82,2.0,15.67,0.247,5,23,66.3,0,-16.89,12.79,0,0.0016,Low Risk (Safe),OPTIMAL: Thermal Profile Compliant; Clear for Immediate Inbound Put-away
SHP-1248,AB-REEFER-8248,ColdFleet Express,Punjab Regional Cold Hub,Goa Coastal Transit Hub,Pasteurized Keg Beer / Premium Lager,51427.53,917,Long Haul,40.91,47.09,3.5,5.85,13.06,6.1,16.44,0.622,12,101,83.3,125,8.59,59.53,1,0.9618,Critical Risk (Immediate Action),CRITICAL: Inspect for Flavour Skunking & Colloidal Haze at Inbound Gate; Reroute to Priority Cross-Dock
SHP-1249,AB-REEFER-8249,PolarTrans Logistics,Gujarat BioPharma Park,Kolkata Eastern Terminal,Fresh Dairy & Perishables,24095.72,600,Mid Haul,40.35,44.35,2.5,3.89,10.49,2.0,10.88,0.586,8,80,72.2,127,6.4,98.33,1,0.9905,Critical Risk (Immediate Action),CRITICAL: High Quality Degradation Detected; Expedite Destination QA Inspection
SHP-1250,AB-REEFER-8250,PolarTrans Logistics,Maharashtra Distribution Center,Kolkata Eastern Terminal,Pasteurized Keg Beer / Premium Lager,27262.34,613,Mid Haul,28.26,31.39,3.5,6.16,9.7,4.1,10.28,0.934,3,18,71.5,43,7.51,31.26,0,0.0039,Low Risk (Safe),OPTIMAL: Thermal Profile Compliant; Clear for Immediate Inbound Put-away
SHP-1251,AB-REEFER-8251,ThermoHaul Freight,Punjab Regional Cold Hub,Mumbai Urban Distribution Center,Pasteurized Keg Beer / Premium Lager,48922.21,793,Long Haul,31.32,38.54,3.5,5.14,16.25,0.6,14.31,0.277,12,141,92.2,150,9.36,93.89,1,0.9857,Critical Risk (Immediate Action),CRITICAL: Inspect for Flavour Skunking & Colloidal Haze at Inbound Gate; Reroute to Priority Cross-Dock
SHP-1252,AB-REEFER-8252,ArcticLogistics Global,Haryana Bottling Facility,Goa Coastal Transit Hub,Pharma Biologics & Vaccines,221059.72,717,Long Haul,37.01,43.03,4.0,5.85,12.04,3.1,14.12,0.423,5,49,74.9,96,8.2,98.74,1,0.9479,Critical Risk (Immediate Action),CRITICAL: Quash for Biologics Potency & Cold-Chain Excursion Audit; Do Not Release to Cold-Room
SHP-1253,AB-REEFER-8253,ThermoHaul Freight,Maharashtra Distribution Center,Mumbai Urban Distribution Center,Pasteurized Keg Beer / Premium Lager,24091.23,799,Long Haul,39.76,46.15,3.5,6.55,11.29,2.5,11.45,0.347,5,57,64.4,99,8.35,53.75,1,0.9478,Critical Risk (Immediate Action),CRITICAL: Inspect for Flavour Skunking & Colloidal Haze at Inbound Gate; Reroute to Priority Cross-Dock
SHP-1254,AB-REEFER-8254,ThermoHaul Freight,Maharashtra Distribution Center,Hyderabad Metro Depot,Pharma Biologics & Vaccines,243461.22,1257,Cross-Country,37.36,43.25,4.0,5.38,11.34,5.2,21.86,0.831,5,59,87.8,82,7.64,50.41,1,0.8233,Critical Risk (Immediate Action),CRITICAL: Quash for Biologics Potency & Cold-Chain Excursion Audit; Do Not Release to Cold-Room
SHP-1255,AB-REEFER-8255,ThermoHaul Freight,AB InBev Brewery - Bengaluru Hub,Goa Coastal Transit Hub,Pasteurized Keg Beer / Premium Lager,39805.51,1057,Cross-Country,29.32,33.13,3.5,4.46,7.19,4.0,20.79,0.704,5,25,77.1,0,5.5,18.81,0,0.0019,Low Risk (Safe),OPTIMAL: Thermal Profile Compliant; Clear for Immediate Inbound Put-away
SHP-1256,AB-REEFER-8256,ColdFleet Express,Haryana Bottling Facility,Mumbai Urban Distribution Center,Pasteurized Keg Beer / Premium Lager,38327.62,635,Mid Haul,41.3,48.23,3.5,5.58,9.57,1.9,14.87,0.467,1,5,75.7,84,7.1,32.58,0,0.0273,Low Risk (Safe),OPTIMAL: Thermal Profile Compliant; Clear for Immediate Inbound Put-away
SHP-1257,AB-REEFER-8257,PolarTrans Logistics,Maharashtra Distribution Center,Hyderabad Metro Depot,Pasteurized Keg Beer / Premium Lager,27103.21,561,Mid Haul,33.92,38.78,3.5,4.19,6.77,8.2,12.57,0.905,1,8,94.4,0,5.17,3.14,0,0.0017,Low Risk (Safe),OPTIMAL: Thermal Profile Compliant; Clear for Immediate Inbound Put-away
SHP-1258,AB-REEFER-8258,PolarTrans Logistics,Punjab Regional Cold Hub,Delhi NCR Mega Fulfillment,Pasteurized Keg Beer / Premium Lager,51712.05,753,Long Haul,40.07,42.8,3.5,6.4,16.57,3.9,11.02,0.833,12,153,83.9,158,10.26,100.0,1,0.9892,Critical Risk (Immediate Action),CRITICAL: Inspect for Flavour Skunking & Colloidal Haze at Inbound Gate; Reroute to Priority Cross-Dock
SHP-1259,AB-REEFER-8259,PolarTrans Logistics,AB InBev Brewery - Bengaluru Hub,Goa Coastal Transit Hub,Pharma Biologics & Vaccines,214119.01,241,Short Haul,31.03,34.49,4.0,6.24,10.62,5.8,4.26,0.575,8,57,71.1,59,7.9,9.3,0,0.0029,Low Risk (Safe),OPTIMAL: Thermal Profile Compliant; Clear for Immediate Inbound Put-away
SHP-1260,AB-REEFER-8260,ArcticLogistics Global,Gujarat BioPharma Park,Hyderabad Metro Depot,Pasteurized Keg Beer / Premium Lager,33143.02,1169,Cross-Country,39.27,42.72,3.5,5.23,8.58,7.0,18.97,0.413,2,12,66.9,103,6.5,49.94,0,0.0384,Low Risk (Safe),OPTIMAL: Thermal Profile Compliant; Clear for Immediate Inbound Put-away
SHP-1261,AB-REEFER-8261,PolarTrans Logistics,AB InBev Brewery - Bengaluru Hub,Goa Coastal Transit Hub,Pasteurized Keg Beer / Premium Lager,46177.17,712,Long Haul,32.84,35.91,3.5,5.63,8.25,4.0,14.51,0.261,1,5,98.7,60,6.63,28.1,0,0.0016,Low Risk (Safe),OPTIMAL: Thermal Profile Compliant; Clear for Immediate Inbound Put-away
SHP-1262,AB-REEFER-8262,PolarTrans Logistics,AB InBev Brewery - Bengaluru Hub,Kolkata Eastern Terminal,Pasteurized Keg Beer / Premium Lager,50210.45,929,Long Haul,28.25,31.11,3.5,3.62,7.29,5.0,22.54,0.697,2,17,97.9,0,5.01,6.26,0,0.0015,Low Risk (Safe),OPTIMAL: Thermal Profile Compliant; Clear for Immediate Inbound Put-away
SHP-1263,AB-REEFER-8263,ArcticLogistics Global,Punjab Regional Cold Hub,Kolkata Eastern Terminal,Fresh Dairy & Perishables,28103.29,800,Long Haul,26.69,32.57,2.5,4.09,6.56,3.8,18.16,0.33,2,22,77.4,120,5.03,48.76,0,0.0225,Low Risk (Safe),OPTIMAL: Thermal Profile Compliant; Clear for Immediate Inbound Put-away
SHP-1264,AB-REEFER-8264,PolarTrans Logistics,Punjab Regional Cold Hub,Hyderabad Metro Depot,Fresh Dairy & Perishables,32587.6,472,Mid Haul,33.33,36.47,2.5,4.38,7.25,4.0,11.04,0.612,1,13,74.5,85,5.47,47.84,0,0.0452,Low Risk (Safe),OPTIMAL: Thermal Profile Compliant; Clear for Immediate Inbound Put-away
SHP-1265,AB-REEFER-8265,ArcticLogistics Global,Gujarat BioPharma Park,Delhi NCR Mega Fulfillment,Pharma Biologics & Vaccines,193904.71,419,Mid Haul,41.95,47.28,4.0,6.01,9.35,0.9,7.01,0.298,1,13,93.9,35,7.28,5.07,0,0.0013,Low Risk (Safe),OPTIMAL: Thermal Profile Compliant; Clear for Immediate Inbound Put-away
SHP-1266,AB-REEFER-8266,ArcticLogistics Global,Gujarat BioPharma Park,Delhi NCR Mega Fulfillment,Pharma Biologics & Vaccines,99938.1,668,Long Haul,37.88,41.24,4.0,4.98,8.65,0.8,15.26,0.296,1,7,62.5,64,6.37,48.53,0,0.0516,Low Risk (Safe),OPTIMAL: Thermal Profile Compliant; Clear for Immediate Inbound Put-away
SHP-1267,AB-REEFER-8267,ArcticLogistics Global,Punjab Regional Cold Hub,Goa Coastal Transit Hub,Pharma Biologics & Vaccines,244299.33,387,Mid Haul,29.61,34.74,4.0,5.94,9.66,1.5,7.85,0.523,3,26,64.6,105,7.35,47.32,0,0.1116,Low Risk (Safe),OPTIMAL: Thermal Profile Compliant; Clear for Immediate Inbound Put-away
SHP-1268,AB-REEFER-8268,PolarTrans Logistics,Haryana Bottling Facility,Hyderabad Metro Depot,Frozen Foods & Confectionery,27185.94,630,Mid Haul,32.51,37.17,-20.0,-18.73,-14.83,8.2,10.66,0.745,1,8,74.2,0,-17.25,15.65,0,0.0018,Low Risk (Safe),OPTIMAL: Thermal Profile Compliant; Clear for Immediate Inbound Put-away
SHP-1269,AB-REEFER-8269,ColdFleet Express,Gujarat BioPharma Park,Goa Coastal Transit Hub,Pharma Biologics & Vaccines,272246.76,1308,Cross-Country,26.1,28.84,4.0,5.32,9.86,1.7,30.91,0.867,3,39,68.9,51,7.05,12.24,0,0.0018,Low Risk (Safe),OPTIMAL: Thermal Profile Compliant; Clear for Immediate Inbound Put-away
SHP-1270,AB-REEFER-8270,ColdFleet Express,Haryana Bottling Facility,Hyderabad Metro Depot,Pasteurized Keg Beer / Premium Lager,34281.19,912,Long Haul,32.33,39.6,3.5,5.76,8.54,7.8,22.38,0.659,2,11,67.7,28,6.82,8.34,0,0.0018,Low Risk (Safe),OPTIMAL: Thermal Profile Compliant; Clear for Immediate Inbound Put-away
SHP-1271,AB-REEFER-8271,ThermoHaul Freight,Haryana Bottling Facility,Goa Coastal Transit Hub,Pasteurized Keg Beer / Premium Lager,42070.33,626,Mid Haul,31.91,35.48,3.5,4.42,8.76,7.6,8.32,0.601,2,14,74.6,37,6.07,13.07,0,0.0022,Low Risk (Safe),OPTIMAL: Thermal Profile Compliant; Clear for Immediate Inbound Put-away
SHP-1272,AB-REEFER-8272,ColdFleet Express,Maharashtra Distribution Center,Delhi NCR Mega Fulfillment,Fresh Dairy & Perishables,27253.98,435,Mid Haul,37.32,44.43,2.5,4.19,6.61,6.2,9.5,0.818,1,7,88.5,25,5.11,17.4,0,0.0024,Low Risk (Safe),OPTIMAL: Thermal Profile Compliant; Clear for Immediate Inbound Put-away
SHP-1273,AB-REEFER-8273,ThermoHaul Freight,Haryana Bottling Facility,Hyderabad Metro Depot,Pasteurized Keg Beer / Premium Lager,48962.22,1176,Cross-Country,33.53,39.51,3.5,5.59,17.13,5.1,23.98,0.207,12,161,74.1,171,9.98,100.0,1,0.991,Critical Risk (Immediate Action),CRITICAL: Inspect for Flavour Skunking & Colloidal Haze at Inbound Gate; Reroute to Priority Cross-Dock
SHP-1274,AB-REEFER-8274,ArcticLogistics Global,Punjab Regional Cold Hub,Kolkata Eastern Terminal,Pharma Biologics & Vaccines,258983.45,583,Mid Haul,29.76,32.63,4.0,6.47,9.69,5.2,9.31,0.679,3,35,70.6,75,7.69,42.84,0,0.0287,Low Risk (Safe),OPTIMAL: Thermal Profile Compliant; Clear for Immediate Inbound Put-away
SHP-1275,AB-REEFER-8275,ArcticLogistics Global,AB InBev Brewery - Bengaluru Hub,Mumbai Urban Distribution Center,Pasteurized Keg Beer / Premium Lager,46142.11,530,Mid Haul,40.7,47.68,3.5,4.72,7.09,7.9,8.94,0.349,1,6,91.5,0,5.62,2.26,0,0.0014,Low Risk (Safe),OPTIMAL: Thermal Profile Compliant; Clear for Immediate Inbound Put-away
SHP-1276,AB-REEFER-8276,ThermoHaul Freight,Maharashtra Distribution Center,Mumbai Urban Distribution Center,Pasteurized Keg Beer / Premium Lager,42429.34,795,Long Haul,34.84,40.16,3.5,6.03,11.14,6.4,16.34,0.851,3,33,73.4,106,7.97,51.75,1,0.5027,Moderate Risk (Monitor),WARNING: Schedule Reefer Compressor Inspection & Door Seal Re-calibration at Hub
SHP-1277,AB-REEFER-8277,ArcticLogistics Global,Maharashtra Distribution Center,Delhi NCR Mega Fulfillment,Fresh Dairy & Perishables,33348.44,236,Short Haul,38.91,43.21,2.5,4.64,11.06,4.4,5.28,0.732,8,73,78.6,204,7.08,97.91,1,0.9808,Critical Risk (Immediate Action),CRITICAL: High Quality Degradation Detected; Expedite Destination QA Inspection
SHP-1278,AB-REEFER-8278,ThermoHaul Freight,Punjab Regional Cold Hub,Goa Coastal Transit Hub,Pharma Biologics & Vaccines,158721.25,869,Long Haul,37.81,42.32,4.0,5.44,10.43,1.1,12.8,0.89,3,33,63.9,102,7.34,49.57,0,0.1251,Low Risk (Safe),OPTIMAL: Thermal Profile Compliant; Clear for Immediate Inbound Put-away
SHP-1279,AB-REEFER-8279,ThermoHaul Freight,AB InBev Brewery - Bengaluru Hub,Delhi NCR Mega Fulfillment,Frozen Foods & Confectionery,32711.29,1089,Cross-Country,26.53,34.01,-20.0,-19.49,-15.08,1.3,17.95,0.482,2,13,85.9,0,-17.81,2.53,0,0.0012,Low Risk (Safe),OPTIMAL: Thermal Profile Compliant; Clear for Immediate Inbound Put-away
SHP-1280,AB-REEFER-8280,ColdFleet Express,Gujarat BioPharma Park,Kolkata Eastern Terminal,Pasteurized Keg Beer / Premium Lager,39676.03,242,Short Haul,37.55,43.92,3.5,6.11,12.63,1.7,4.27,0.69,12,75,67.8,84,8.59,33.8,0,0.8047,Critical Risk (Immediate Action),CRITICAL: Inspect for Flavour Skunking & Colloidal Haze at Inbound Gate; Reroute to Priority Cross-Dock
SHP-1281,AB-REEFER-8281,ColdFleet Express,Punjab Regional Cold Hub,Goa Coastal Transit Hub,Pharma Biologics & Vaccines,136934.16,740,Long Haul,29.9,37.18,4.0,5.71,8.96,4.2,17.1,0.63,1,8,74.2,18,6.95,7.3,0,0.0016,Low Risk (Safe),OPTIMAL: Thermal Profile Compliant; Clear for Immediate Inbound Put-away
SHP-1282,AB-REEFER-8282,ThermoHaul Freight,Punjab Regional Cold Hub,Hyderabad Metro Depot,Pasteurized Keg Beer / Premium Lager,47668.74,810,Long Haul,33.47,40.14,3.5,5.49,9.56,1.9,19.74,0.85,3,27,95.0,63,7.04,24.72,0,0.0065,Low Risk (Safe),OPTIMAL: Thermal Profile Compliant; Clear for Immediate Inbound Put-away
SHP-1283,AB-REEFER-8283,ThermoHaul Freight,Gujarat BioPharma Park,Goa Coastal Transit Hub,Pharma Biologics & Vaccines,274735.78,945,Long Haul,32.2,36.25,4.0,4.41,7.83,0.7,22.35,0.301,1,6,89.2,10,5.71,8.47,0,0.0014,Low Risk (Safe),OPTIMAL: Thermal Profile Compliant; Clear for Immediate Inbound Put-away
SHP-1284,AB-REEFER-8284,ArcticLogistics Global,Maharashtra Distribution Center,Hyderabad Metro Depot,Fresh Dairy & Perishables,21659.17,811,Long Haul,30.6,33.86,2.5,4.23,8.0,4.7,15.7,0.27,1,10,83.1,93,5.66,41.5,0,0.0164,Low Risk (Safe),OPTIMAL: Thermal Profile Compliant; Clear for Immediate Inbound Put-away
SHP-1285,AB-REEFER-8285,PolarTrans Logistics,Gujarat BioPharma Park,Hyderabad Metro Depot,Pasteurized Keg Beer / Premium Lager,26841.88,515,Mid Haul,26.21,32.82,3.5,5.27,8.7,5.6,11.08,0.797,2,13,81.9,59,6.57,26.57,0,0.0019,Low Risk (Safe),OPTIMAL: Thermal Profile Compliant; Clear for Immediate Inbound Put-away
SHP-1286,AB-REEFER-8286,ThermoHaul Freight,AB InBev Brewery - Bengaluru Hub,Goa Coastal Transit Hub,Fresh Dairy & Perishables,21518.25,402,Mid Haul,31.48,38.75,2.5,3.42,6.26,2.4,9.32,0.788,3,22,97.7,60,4.5,10.33,0,0.004,Low Risk (Safe),OPTIMAL: Thermal Profile Compliant; Clear for Immediate Inbound Put-away
SHP-1287,AB-REEFER-8287,ArcticLogistics Global,Punjab Regional Cold Hub,Mumbai Urban Distribution Center,Pharma Biologics & Vaccines,189440.71,299,Short Haul,40.14,45.4,4.0,5.28,10.58,5.4,5.4,0.716,3,36,83.7,97,7.29,48.64,0,0.0655,Low Risk (Safe),OPTIMAL: Thermal Profile Compliant; Clear for Immediate Inbound Put-away
SHP-1288,AB-REEFER-8288,ThermoHaul Freight,Maharashtra Distribution Center,Kolkata Eastern Terminal,Pasteurized Keg Beer / Premium Lager,27927.43,449,Mid Haul,26.1,32.13,3.5,4.01,8.88,8.0,10.71,0.755,3,41,96.3,34,5.86,3.56,0,0.0019,Low Risk (Safe),OPTIMAL: Thermal Profile Compliant; Clear for Immediate Inbound Put-away
SHP-1289,AB-REEFER-8289,ArcticLogistics Global,Punjab Regional Cold Hub,Goa Coastal Transit Hub,Pasteurized Keg Beer / Premium Lager,50468.2,660,Long Haul,27.17,32.67,3.5,5.71,9.39,4.7,14.69,0.338,5,37,63.5,45,7.11,25.41,0,0.0027,Low Risk (Safe),OPTIMAL: Thermal Profile Compliant; Clear for Immediate Inbound Put-away
SHP-1290,AB-REEFER-8290,ColdFleet Express,AB InBev Brewery - Bengaluru Hub,Kolkata Eastern Terminal,Fresh Dairy & Perishables,29730.45,825,Long Haul,30.16,34.16,2.5,4.3,6.46,5.8,16.1,0.706,2,13,76.5,122,5.12,42.99,0,0.013,Low Risk (Safe),OPTIMAL: Thermal Profile Compliant; Clear for Immediate Inbound Put-away
SHP-1291,AB-REEFER-8291,ArcticLogistics Global,Punjab Regional Cold Hub,Mumbai Urban Distribution Center,Pasteurized Keg Beer / Premium Lager,31490.02,561,Mid Haul,27.55,32.21,3.5,4.52,9.43,3.2,12.12,0.863,5,50,73.2,59,6.39,30.74,0,0.0033,Low Risk (Safe),OPTIMAL: Thermal Profile Compliant; Clear for Immediate Inbound Put-away
SHP-1292,AB-REEFER-8292,ThermoHaul Freight,Gujarat BioPharma Park,Hyderabad Metro Depot,Pasteurized Keg Beer / Premium Lager,51756.24,650,Long Haul,26.87,31.83,3.5,4.91,13.07,1.2,14.28,0.3,12,88,97.7,128,8.01,52.94,1,0.8861,Critical Risk (Immediate Action),CRITICAL: Inspect for Flavour Skunking & Colloidal Haze at Inbound Gate; Reroute to Priority Cross-Dock
SHP-1293,AB-REEFER-8293,ArcticLogistics Global,Maharashtra Distribution Center,Delhi NCR Mega Fulfillment,Pasteurized Keg Beer / Premium Lager,28337.64,745,Long Haul,29.01,33.87,3.5,6.05,9.66,7.6,14.34,0.625,2,12,71.5,41,7.42,31.97,0,0.0013,Low Risk (Safe),OPTIMAL: Thermal Profile Compliant; Clear for Immediate Inbound Put-away
SHP-1294,AB-REEFER-8294,PolarTrans Logistics,Maharashtra Distribution Center,Goa Coastal Transit Hub,Frozen Foods & Confectionery,21603.03,138,Short Haul,26.4,32.67,-20.0,-18.88,-14.01,1.7,2.47,0.357,3,39,67.8,0,-17.03,15.27,0,0.0018,Low Risk (Safe),OPTIMAL: Thermal Profile Compliant; Clear for Immediate Inbound Put-away
SHP-1295,AB-REEFER-8295,PolarTrans Logistics,Gujarat BioPharma Park,Mumbai Urban Distribution Center,Fresh Dairy & Perishables,22587.36,723,Long Haul,37.86,42.0,2.5,3.34,5.84,4.4,14.13,0.894,1,6,71.7,42,4.29,10.66,0,0.0032,Low Risk (Safe),OPTIMAL: Thermal Profile Compliant; Clear for Immediate Inbound Put-away
SHP-1296,AB-REEFER-8296,ArcticLogistics Global,Punjab Regional Cold Hub,Delhi NCR Mega Fulfillment,Frozen Foods & Confectionery,17618.52,642,Mid Haul,40.75,44.14,-20.0,-17.35,-12.08,4.7,9.94,0.586,5,48,70.9,52,-15.35,16.32,0,0.0028,Low Risk (Safe),OPTIMAL: Thermal Profile Compliant; Clear for Immediate Inbound Put-away
SHP-1297,AB-REEFER-8297,ColdFleet Express,Punjab Regional Cold Hub,Hyderabad Metro Depot,Fresh Dairy & Perishables,12268.13,705,Long Haul,31.31,34.12,2.5,4.19,5.97,4.7,10.81,0.586,1,9,69.5,12,4.87,7.87,0,0.0039,Low Risk (Safe),OPTIMAL: Thermal Profile Compliant; Clear for Immediate Inbound Put-away
SHP-1298,AB-REEFER-8298,ArcticLogistics Global,Haryana Bottling Facility,Mumbai Urban Distribution Center,Frozen Foods & Confectionery,32153.85,654,Long Haul,27.46,32.12,-20.0,-18.43,-14.23,2.3,14.37,0.806,3,28,89.5,0,-16.83,8.08,0,0.002,Low Risk (Safe),OPTIMAL: Thermal Profile Compliant; Clear for Immediate Inbound Put-away
SHP-1299,AB-REEFER-8299,PolarTrans Logistics,Maharashtra Distribution Center,Hyderabad Metro Depot,Fresh Dairy & Perishables,33538.65,798,Long Haul,29.78,33.12,2.5,3.85,7.5,3.2,16.8,0.752,2,15,79.7,41,5.24,4.75,0,0.0028,Low Risk (Safe),OPTIMAL: Thermal Profile Compliant; Clear for Immediate Inbound Put-away
SHP-1300,AB-REEFER-8300,ColdFleet Express,Punjab Regional Cold Hub,Hyderabad Metro Depot,Frozen Foods & Confectionery,20510.01,518,Mid Haul,29.35,34.95,-20.0,-18.22,-11.85,2.5,7.43,0.205,8,84,65.3,70,-15.8,49.65,0,0.1205,Low Risk (Safe),OPTIMAL: Thermal Profile Compliant; Clear for Immediate Inbound Put-away
SHP-1301,AB-REEFER-8301,ColdFleet Express,Gujarat BioPharma Park,Delhi NCR Mega Fulfillment,Pasteurized Keg Beer / Premium Lager,24731.62,404,Mid Haul,30.02,33.94,3.5,4.64,8.42,5.7,10.8,0.607,2,19,80.2,29,6.08,10.31,0,0.0022,Low Risk (Safe),OPTIMAL: Thermal Profile Compliant; Clear for Immediate Inbound Put-away
SHP-1302,AB-REEFER-8302,ArcticLogistics Global,Haryana Bottling Facility,Hyderabad Metro Depot,Fresh Dairy & Perishables,30231.29,840,Long Haul,37.94,43.59,2.5,3.85,7.41,3.9,14.86,0.487,2,18,65.1,41,5.2,10.06,0,0.0038,Low Risk (Safe),OPTIMAL: Thermal Profile Compliant; Clear for Immediate Inbound Put-away
SHP-1303,AB-REEFER-8303,ThermoHaul Freight,AB InBev Brewery - Bengaluru Hub,Mumbai Urban Distribution Center,Pasteurized Keg Beer / Premium Lager,23187.13,584,Mid Haul,41.44,47.08,3.5,4.78,8.4,1.7,13.7,0.455,3,25,90.6,48,6.16,28.89,0,0.0019,Low Risk (Safe),OPTIMAL: Thermal Profile Compliant; Clear for Immediate Inbound Put-away
SHP-1304,AB-REEFER-8304,ArcticLogistics Global,Haryana Bottling Facility,Delhi NCR Mega Fulfillment,Pharma Biologics & Vaccines,255762.15,114,Short Haul,33.1,36.79,4.0,5.92,10.24,2.6,2.23,0.828,3,14,68.3,59,7.56,14.53,0,0.0021,Low Risk (Safe),OPTIMAL: Thermal Profile Compliant; Clear for Immediate Inbound Put-away
SHP-1305,AB-REEFER-8305,ColdFleet Express,Gujarat BioPharma Park,Hyderabad Metro Depot,Fresh Dairy & Perishables,20508.94,862,Long Haul,40.38,43.77,2.5,3.56,9.84,2.8,15.41,0.507,8,73,80.2,105,5.95,45.57,0,0.1104,Low Risk (Safe),OPTIMAL: Thermal Profile Compliant; Clear for Immediate Inbound Put-away
SHP-1306,AB-REEFER-8306,ColdFleet Express,Haryana Bottling Facility,Delhi NCR Mega Fulfillment,Pasteurized Keg Beer / Premium Lager,22893.16,729,Long Haul,34.07,40.59,3.5,4.23,6.4,4.9,17.61,0.388,3,17,89.1,0,5.05,5.64,0,0.0016,Low Risk (Safe),OPTIMAL: Thermal Profile Compliant; Clear for Immediate Inbound Put-away
SHP-1307,AB-REEFER-8307,ThermoHaul Freight,Maharashtra Distribution Center,Goa Coastal Transit Hub,Pasteurized Keg Beer / Premium Lager,44608.66,449,Mid Haul,39.85,46.74,3.5,5.46,7.55,6.8,10.86,0.472,1,13,85.6,0,6.25,12.82,0,0.0017,Low Risk (Safe),OPTIMAL: Thermal Profile Compliant; Clear for Immediate Inbound Put-away
SHP-1308,AB-REEFER-8308,ThermoHaul Freight,AB InBev Brewery - Bengaluru Hub,Kolkata Eastern Terminal,Pasteurized Keg Beer / Premium Lager,37866.82,141,Short Haul,32.68,39.16,3.5,4.89,7.93,4.8,2.06,0.942,3,27,73.0,0,6.05,13.5,0,0.0023,Low Risk (Safe),OPTIMAL: Thermal Profile Compliant; Clear for Immediate Inbound Put-away
SHP-1309,AB-REEFER-8309,PolarTrans Logistics,Punjab Regional Cold Hub,Kolkata Eastern Terminal,Frozen Foods & Confectionery,33413.39,673,Long Haul,41.06,47.26,-20.0,-18.29,-13.89,4.8,11.05,0.612,2,24,84.1,91,-16.62,41.75,0,0.0166,Low Risk (Safe),OPTIMAL: Thermal Profile Compliant; Clear for Immediate Inbound Put-away
SHP-1310,AB-REEFER-8310,PolarTrans Logistics,Haryana Bottling Facility,Hyderabad Metro Depot,Frozen Foods & Confectionery,38844.4,375,Mid Haul,26.65,33.19,-20.0,-19.5,-16.19,5.9,7.22,0.221,1,4,84.5,10,-18.24,5.04,0,0.0014,Low Risk (Safe),OPTIMAL: Thermal Profile Compliant; Clear for Immediate Inbound Put-away
SHP-1311,AB-REEFER-8311,ArcticLogistics Global,Punjab Regional Cold Hub,Kolkata Eastern Terminal,Frozen Foods & Confectionery,32629.65,609,Mid Haul,33.29,38.08,-20.0,-18.69,-13.69,0.6,13.84,0.813,3,22,72.3,19,-16.79,16.81,0,0.0021,Low Risk (Safe),OPTIMAL: Thermal Profile Compliant; Clear for Immediate Inbound Put-away
SHP-1312,AB-REEFER-8312,PolarTrans Logistics,AB InBev Brewery - Bengaluru Hub,Delhi NCR Mega Fulfillment,Pasteurized Keg Beer / Premium Lager,32532.29,463,Mid Haul,40.16,47.43,3.5,5.32,8.22,8.1,8.4,0.321,1,4,66.6,257,6.42,51.71,1,0.9169,Critical Risk (Immediate Action),CRITICAL: Inspect for Flavour Skunking & Colloidal Haze at Inbound Gate; Reroute to Priority Cross-Dock
SHP-1313,AB-REEFER-8313,ThermoHaul Freight,Gujarat BioPharma Park,Goa Coastal Transit Hub,Pasteurized Keg Beer / Premium Lager,42055.75,195,Short Haul,39.52,43.79,3.5,4.05,7.43,0.9,2.88,0.277,5,34,75.7,0,5.33,17.1,0,0.0013,Low Risk (Safe),OPTIMAL: Thermal Profile Compliant; Clear for Immediate Inbound Put-away
SHP-1314,AB-REEFER-8314,ThermoHaul Freight,Haryana Bottling Facility,Hyderabad Metro Depot,Fresh Dairy & Perishables,22723.05,439,Mid Haul,39.64,43.13,2.5,3.39,10.52,8.3,8.99,0.309,12,78,83.7,95,6.1,99.22,1,0.9329,Critical Risk (Immediate Action),CRITICAL: High Quality Degradation Detected; Expedite Destination QA Inspection
SHP-1315,AB-REEFER-8315,PolarTrans Logistics,Punjab Regional Cold Hub,Mumbai Urban Distribution Center,Fresh Dairy & Perishables,33930.16,695,Long Haul,39.74,42.28,2.5,4.17,6.22,0.9,13.65,0.856,1,8,85.3,39,4.95,4.52,0,0.0032,Low Risk (Safe),OPTIMAL: Thermal Profile Compliant; Clear for Immediate Inbound Put-away
SHP-1316,AB-REEFER-8316,ThermoHaul Freight,Punjab Regional Cold Hub,Delhi NCR Mega Fulfillment,Pasteurized Keg Beer / Premium Lager,32105.78,306,Mid Haul,32.36,39.41,3.5,5.8,8.33,8.1,6.14,0.9,1,4,72.9,33,6.76,9.72,0,0.0034,Low Risk (Safe),OPTIMAL: Thermal Profile Compliant; Clear for Immediate Inbound Put-away
SHP-1317,AB-REEFER-8317,PolarTrans Logistics,Haryana Bottling Facility,Delhi NCR Mega Fulfillment,Pasteurized Keg Beer / Premium Lager,23933.13,754,Long Haul,37.74,42.94,3.5,4.28,8.28,2.1,12.79,0.518,3,16,91.6,29,5.8,10.51,0,0.0018,Low Risk (Safe),OPTIMAL: Thermal Profile Compliant; Clear for Immediate Inbound Put-away
SHP-1318,AB-REEFER-8318,PolarTrans Logistics,Gujarat BioPharma Park,Hyderabad Metro Depot,Fresh Dairy & Perishables,27411.15,740,Long Haul,30.05,36.6,2.5,3.61,9.1,8.1,15.87,0.748,3,38,86.5,107,5.7,45.35,0,0.0116,Low Risk (Safe),OPTIMAL: Thermal Profile Compliant; Clear for Immediate Inbound Put-away
SHP-1319,AB-REEFER-8319,ColdFleet Express,Gujarat BioPharma Park,Hyderabad Metro Depot,Pharma Biologics & Vaccines,263205.49,579,Mid Haul,31.59,37.93,4.0,5.75,19.89,3.6,11.89,0.479,16,221,93.3,228,11.12,92.88,1,0.9859,Critical Risk (Immediate Action),CRITICAL: Quash for Biologics Potency & Cold-Chain Excursion Audit; Do Not Release to Cold-Room
SHP-1320,AB-REEFER-8320,ThermoHaul Freight,AB InBev Brewery - Bengaluru Hub,Delhi NCR Mega Fulfillment,Fresh Dairy & Perishables,23101.74,572,Mid Haul,31.87,38.11,2.5,4.13,7.51,7.5,8.64,0.87,2,22,74.6,84,5.41,47.67,0,0.0487,Low Risk (Safe),OPTIMAL: Thermal Profile Compliant; Clear for Immediate Inbound Put-away
SHP-1321,AB-REEFER-8321,ThermoHaul Freight,Maharashtra Distribution Center,Goa Coastal Transit Hub,Pasteurized Keg Beer / Premium Lager,51209.45,840,Long Haul,33.51,39.17,3.5,4.57,9.6,3.9,23.02,0.28,3,31,66.1,45,6.48,28.79,0,0.0016,Low Risk (Safe),OPTIMAL: Thermal Profile Compliant; Clear for Immediate Inbound Put-away
SHP-1322,AB-REEFER-8322,ColdFleet Express,Haryana Bottling Facility,Delhi NCR Mega Fulfillment,Pasteurized Keg Beer / Premium Lager,42514.69,481,Mid Haul,39.8,44.7,3.5,5.5,7.47,3.9,8.82,0.945,1,8,77.7,5,6.25,8.49,0,0.0022,Low Risk (Safe),OPTIMAL: Thermal Profile Compliant; Clear for Immediate Inbound Put-away
SHP-1323,AB-REEFER-8323,ColdFleet Express,Haryana Bottling Facility,Kolkata Eastern Terminal,Pasteurized Keg Beer / Premium Lager,34509.66,331,Mid Haul,38.23,42.7,3.5,5.63,9.8,5.7,5.45,0.794,2,12,74.5,42,7.21,28.65,0,0.0023,Low Risk (Safe),OPTIMAL: Thermal Profile Compliant; Clear for Immediate Inbound Put-away
SHP-1324,AB-REEFER-8324,ThermoHaul Freight,AB InBev Brewery - Bengaluru Hub,Hyderabad Metro Depot,Fresh Dairy & Perishables,14976.59,749,Long Haul,33.58,37.61,2.5,4.78,6.78,8.0,18.2,0.579,3,14,62.4,31,5.54,19.25,0,0.0048,Low Risk (Safe),OPTIMAL: Thermal Profile Compliant; Clear for Immediate Inbound Put-away
SHP-1325,AB-REEFER-8325,ColdFleet Express,Gujarat BioPharma Park,Goa Coastal Transit Hub,Pasteurized Keg Beer / Premium Lager,24555.02,694,Long Haul,35.56,41.49,3.5,5.45,7.39,2.3,14.81,0.468,1,13,75.9,0,6.19,14.17,0,0.0014,Low Risk (Safe),OPTIMAL: Thermal Profile Compliant; Clear for Immediate Inbound Put-away
SHP-1326,AB-REEFER-8326,ColdFleet Express,AB InBev Brewery - Bengaluru Hub,Hyderabad Metro Depot,Frozen Foods & Confectionery,30980.82,1068,Cross-Country,35.06,38.87,-20.0,-19.23,-14.71,5.4,19.5,0.943,5,46,94.6,0,-17.51,9.16,0,0.0022,Low Risk (Safe),OPTIMAL: Thermal Profile Compliant; Clear for Immediate Inbound Put-away
SHP-1327,AB-REEFER-8327,ColdFleet Express,AB InBev Brewery - Bengaluru Hub,Hyderabad Metro Depot,Pharma Biologics & Vaccines,133483.07,1063,Cross-Country,29.06,34.15,4.0,6.2,11.9,5.9,23.19,0.531,5,45,74.2,195,8.37,43.59,0,0.3088,Low Risk (Safe),OPTIMAL: Thermal Profile Compliant; Clear for Immediate Inbound Put-away
SHP-1328,AB-REEFER-8328,ColdFleet Express,Punjab Regional Cold Hub,Goa Coastal Transit Hub,Pharma Biologics & Vaccines,251229.57,768,Long Haul,30.73,36.44,4.0,5.63,8.12,0.9,13.86,0.473,1,8,75.1,5,6.58,15.04,0,0.0013,Low Risk (Safe),OPTIMAL: Thermal Profile Compliant; Clear for Immediate Inbound Put-away
SHP-1329,AB-REEFER-8329,ColdFleet Express,Maharashtra Distribution Center,Delhi NCR Mega Fulfillment,Frozen Foods & Confectionery,32312.79,677,Long Haul,33.7,40.34,-20.0,-18.14,-12.67,7.2,12.88,0.556,8,71,76.1,68,-16.06,42.76,0,0.0609,Low Risk (Safe),OPTIMAL: Thermal Profile Compliant; Clear for Immediate Inbound Put-away
SHP-1330,AB-REEFER-8330,ColdFleet Express,Gujarat BioPharma Park,Hyderabad Metro Depot,Fresh Dairy & Perishables,22290.11,366,Mid Haul,31.71,36.96,2.5,4.67,10.0,6.2,6.69,0.538,8,58,76.7,152,6.7,44.27,0,0.8287,Critical Risk (Immediate Action),CRITICAL: High Quality Degradation Detected; Expedite Destination QA Inspection
SHP-1331,AB-REEFER-8331,PolarTrans Logistics,Punjab Regional Cold Hub,Goa Coastal Transit Hub,Pasteurized Keg Beer / Premium Lager,44649.05,614,Mid Haul,40.83,47.05,3.5,4.44,8.69,3.0,13.58,0.526,3,15,87.2,40,6.05,10.89,0,0.0015,Low Risk (Safe),OPTIMAL: Thermal Profile Compliant; Clear for Immediate Inbound Put-away
SHP-1332,AB-REEFER-8332,ThermoHaul Freight,Maharashtra Distribution Center,Delhi NCR Mega Fulfillment,Frozen Foods & Confectionery,27109.32,956,Long Haul,32.76,36.53,-20.0,-19.04,-14.36,7.0,14.08,0.223,3,40,92.2,0,-17.26,5.58,0,0.0016,Low Risk (Safe),OPTIMAL: Thermal Profile Compliant; Clear for Immediate Inbound Put-away
SHP-1333,AB-REEFER-8333,ColdFleet Express,Gujarat BioPharma Park,Mumbai Urban Distribution Center,Pharma Biologics & Vaccines,231701.56,374,Mid Haul,28.98,32.66,4.0,5.02,7.55,6.8,8.68,0.198,5,24,74.8,0,5.98,7.07,0,0.0016,Low Risk (Safe),OPTIMAL: Thermal Profile Compliant; Clear for Immediate Inbound Put-away
SHP-1334,AB-REEFER-8334,PolarTrans Logistics,Haryana Bottling Facility,Delhi NCR Mega Fulfillment,Pharma Biologics & Vaccines,102920.05,605,Mid Haul,36.92,39.65,4.0,5.9,10.26,2.5,13.83,0.561,3,24,63.1,50,7.56,15.93,0,0.0052,Low Risk (Safe),OPTIMAL: Thermal Profile Compliant; Clear for Immediate Inbound Put-away
SHP-1335,AB-REEFER-8335,ThermoHaul Freight,Maharashtra Distribution Center,Hyderabad Metro Depot,Frozen Foods & Confectionery,37383.03,1004,Cross-Country,27.97,32.34,-20.0,-18.16,-16.42,5.8,21.03,0.288,1,7,77.9,0,-17.5,7.38,0,0.0017,Low Risk (Safe),OPTIMAL: Thermal Profile Compliant; Clear for Immediate Inbound Put-away
SHP-1336,AB-REEFER-8336,ArcticLogistics Global,Gujarat BioPharma Park,Kolkata Eastern Terminal,Pharma Biologics & Vaccines,224147.79,565,Mid Haul,35.05,42.18,4.0,5.13,8.27,0.7,9.52,0.319,3,16,80.9,19,6.32,3.83,0,0.0015,Low Risk (Safe),OPTIMAL: Thermal Profile Compliant; Clear for Immediate Inbound Put-away
SHP-1337,AB-REEFER-8337,ThermoHaul Freight,Punjab Regional Cold Hub,Kolkata Eastern Terminal,Pasteurized Keg Beer / Premium Lager,41840.45,472,Mid Haul,35.73,38.77,3.5,5.03,9.88,5.7,6.82,0.64,3,20,74.6,71,6.87,30.07,0,0.0228,Low Risk (Safe),OPTIMAL: Thermal Profile Compliant; Clear for Immediate Inbound Put-away
SHP-1338,AB-REEFER-8338,PolarTrans Logistics,Gujarat BioPharma Park,Delhi NCR Mega Fulfillment,Fresh Dairy & Perishables,14839.62,418,Mid Haul,29.73,35.44,2.5,4.0,6.2,4.1,6.86,0.798,1,7,91.0,35,4.84,8.53,0,0.0038,Low Risk (Safe),OPTIMAL: Thermal Profile Compliant; Clear for Immediate Inbound Put-away
SHP-1339,AB-REEFER-8339,ThermoHaul Freight,Haryana Bottling Facility,Kolkata Eastern Terminal,Pasteurized Keg Beer / Premium Lager,46346.59,600,Mid Haul,34.54,38.72,3.5,4.91,8.5,3.2,9.88,0.492,2,24,63.5,17,6.27,16.51,0,0.0025,Low Risk (Safe),OPTIMAL: Thermal Profile Compliant; Clear for Immediate Inbound Put-away
SHP-1340,AB-REEFER-8340,ColdFleet Express,Gujarat BioPharma Park,Delhi NCR Mega Fulfillment,Pasteurized Keg Beer / Premium Lager,33896.38,448,Mid Haul,33.2,40.31,3.5,5.15,9.71,5.0,10.55,0.501,3,31,97.7,41,6.88,27.93,0,0.0019,Low Risk (Safe),OPTIMAL: Thermal Profile Compliant; Clear for Immediate Inbound Put-away
SHP-1341,AB-REEFER-8341,ThermoHaul Freight,Gujarat BioPharma Park,Goa Coastal Transit Hub,Pasteurized Keg Beer / Premium Lager,37296.33,1216,Cross-Country,36.22,41.6,3.5,5.07,8.58,4.4,21.92,0.797,1,10,91.1,234,6.4,43.02,0,0.019,Low Risk (Safe),OPTIMAL: Thermal Profile Compliant; Clear for Immediate Inbound Put-away
SHP-1342,AB-REEFER-8342,ColdFleet Express,Maharashtra Distribution Center,Mumbai Urban Distribution Center,Pharma Biologics & Vaccines,225452.1,693,Long Haul,38.44,42.3,4.0,5.66,8.45,1.7,14.98,0.443,1,9,83.0,20,6.72,0.67,0,0.0015,Low Risk (Safe),OPTIMAL: Thermal Profile Compliant; Clear for Immediate Inbound Put-away
SHP-1343,AB-REEFER-8343,PolarTrans Logistics,AB InBev Brewery - Bengaluru Hub,Delhi NCR Mega Fulfillment,Fresh Dairy & Perishables,24424.03,559,Mid Haul,29.87,32.76,2.5,3.45,9.7,0.7,10.37,0.439,5,50,90.6,94,5.82,45.78,0,0.0158,Low Risk (Safe),OPTIMAL: Thermal Profile Compliant; Clear for Immediate Inbound Put-away
SHP-1344,AB-REEFER-8344,ThermoHaul Freight,Maharashtra Distribution Center,Goa Coastal Transit Hub,Pasteurized Keg Beer / Premium Lager,32602.44,617,Mid Haul,37.37,41.44,3.5,4.43,8.63,1.5,12.86,0.377,1,10,70.0,31,6.03,13.31,0,0.0018,Low Risk (Safe),OPTIMAL: Thermal Profile Compliant; Clear for Immediate Inbound Put-away
SHP-1345,AB-REEFER-8345,ColdFleet Express,Gujarat BioPharma Park,Delhi NCR Mega Fulfillment,Frozen Foods & Confectionery,41441.34,771,Long Haul,41.23,45.71,-20.0,-18.46,-14.95,5.4,14.59,0.549,1,8,71.7,0,-17.13,12.96,0,0.0014,Low Risk (Safe),OPTIMAL: Thermal Profile Compliant; Clear for Immediate Inbound Put-away
SHP-1346,AB-REEFER-8346,PolarTrans Logistics,Maharashtra Distribution Center,Hyderabad Metro Depot,Pasteurized Keg Beer / Premium Lager,28696.88,578,Mid Haul,28.61,33.4,3.5,5.84,9.41,6.9,12.52,0.644,1,13,78.7,262,7.2,49.92,0,0.0367,Low Risk (Safe),OPTIMAL: Thermal Profile Compliant; Clear for Immediate Inbound Put-away
SHP-1347,AB-REEFER-8347,ColdFleet Express,Maharashtra Distribution Center,Hyderabad Metro Depot,Pharma Biologics & Vaccines,248761.84,572,Mid Haul,32.09,34.91,4.0,6.15,10.89,1.0,13.49,0.733,3,32,69.5,75,7.95,43.17,0,0.0427,Low Risk (Safe),OPTIMAL: Thermal Profile Compliant; Clear for Immediate Inbound Put-away
SHP-1348,AB-REEFER-8348,ColdFleet Express,Punjab Regional Cold Hub,Goa Coastal Transit Hub,Pharma Biologics & Vaccines,168572.7,549,Mid Haul,31.98,37.16,4.0,6.21,19.04,4.1,9.92,0.872,16,165,88.2,219,11.09,100.0,1,0.9936,Critical Risk (Immediate Action),CRITICAL: Quash for Biologics Potency & Cold-Chain Excursion Audit; Do Not Release to Cold-Room
SHP-1349,AB-REEFER-8349,ArcticLogistics Global,Punjab Regional Cold Hub,Delhi NCR Mega Fulfillment,Pharma Biologics & Vaccines,208295.47,493,Mid Haul,29.01,32.6,4.0,4.94,10.02,1.0,8.77,0.363,2,24,82.6,39,6.87,7.37,0,0.0017,Low Risk (Safe),OPTIMAL: Thermal Profile Compliant; Clear for Immediate Inbound Put-away
SHP-1350,AB-REEFER-8350,PolarTrans Logistics,AB InBev Brewery - Bengaluru Hub,Delhi NCR Mega Fulfillment,Pasteurized Keg Beer / Premium Lager,44786.67,535,Mid Haul,35.33,38.1,3.5,4.99,8.85,1.2,10.4,0.434,3,29,83.4,103,6.46,44.25,0,0.0132,Low Risk (Safe),OPTIMAL: Thermal Profile Compliant; Clear for Immediate Inbound Put-away
SHP-1351,AB-REEFER-8351,ArcticLogistics Global,Maharashtra Distribution Center,Mumbai Urban Distribution Center,Frozen Foods & Confectionery,18202.05,338,Mid Haul,39.45,44.09,-20.0,-18.03,-14.37,4.1,6.04,0.318,1,11,69.8,0,-16.64,10.55,0,0.0015,Low Risk (Safe),OPTIMAL: Thermal Profile Compliant; Clear for Immediate Inbound Put-away
SHP-1352,AB-REEFER-8352,ArcticLogistics Global,AB InBev Brewery - Bengaluru Hub,Mumbai Urban Distribution Center,Pasteurized Keg Beer / Premium Lager,46767.41,458,Mid Haul,31.0,34.85,3.5,4.71,12.88,7.7,11.84,0.213,8,103,91.6,99,7.81,46.68,0,0.1114,Low Risk (Safe),OPTIMAL: Thermal Profile Compliant; Clear for Immediate Inbound Put-away
SHP-1353,AB-REEFER-8353,ColdFleet Express,Haryana Bottling Facility,Delhi NCR Mega Fulfillment,Pharma Biologics & Vaccines,101822.31,355,Mid Haul,27.4,32.06,4.0,5.03,9.03,3.1,7.3,0.784,1,11,81.6,34,6.55,8.2,0,0.0021,Low Risk (Safe),OPTIMAL: Thermal Profile Compliant; Clear for Immediate Inbound Put-away
SHP-1354,AB-REEFER-8354,ArcticLogistics Global,Maharashtra Distribution Center,Hyderabad Metro Depot,Pasteurized Keg Beer / Premium Lager,40783.27,398,Mid Haul,32.19,34.97,3.5,5.38,14.46,7.9,8.43,0.862,8,105,76.9,204,8.83,52.24,1,0.9445,Critical Risk (Immediate Action),CRITICAL: Inspect for Flavour Skunking & Colloidal Haze at Inbound Gate; Reroute to Priority Cross-Dock
SHP-1355,AB-REEFER-8355,PolarTrans Logistics,Maharashtra Distribution Center,Mumbai Urban Distribution Center,Fresh Dairy & Perishables,33808.51,484,Mid Haul,31.37,34.92,2.5,3.08,6.27,1.4,10.76,0.358,1,8,90.5,74,4.29,42.86,0,0.0105,Low Risk (Safe),OPTIMAL: Thermal Profile Compliant; Clear for Immediate Inbound Put-away
SHP-1356,AB-REEFER-8356,ColdFleet Express,Punjab Regional Cold Hub,Delhi NCR Mega Fulfillment,Pharma Biologics & Vaccines,189195.92,639,Mid Haul,29.11,35.06,4.0,6.31,10.7,7.7,12.35,0.748,3,32,72.1,125,7.98,45.97,0,0.1298,Low Risk (Safe),OPTIMAL: Thermal Profile Compliant; Clear for Immediate Inbound Put-away
SHP-1357,AB-REEFER-8357,ArcticLogistics Global,Gujarat BioPharma Park,Mumbai Urban Distribution Center,Fresh Dairy & Perishables,13980.17,456,Mid Haul,33.07,40.02,2.5,4.43,7.13,4.2,7.27,0.441,2,23,95.1,55,5.46,7.81,0,0.0037,Low Risk (Safe),OPTIMAL: Thermal Profile Compliant; Clear for Immediate Inbound Put-away
SHP-1358,AB-REEFER-8358,PolarTrans Logistics,AB InBev Brewery - Bengaluru Hub,Delhi NCR Mega Fulfillment,Frozen Foods & Confectionery,29612.7,1242,Cross-Country,26.75,34.24,-20.0,-17.93,-13.33,6.5,18.96,0.261,5,51,81.1,53,-16.18,10.72,0,0.002,Low Risk (Safe),OPTIMAL: Thermal Profile Compliant; Clear for Immediate Inbound Put-away
SHP-1359,AB-REEFER-8359,ArcticLogistics Global,Punjab Regional Cold Hub,Goa Coastal Transit Hub,Pasteurized Keg Beer / Premium Lager,30484.65,1052,Cross-Country,29.05,31.68,3.5,5.49,8.46,8.1,22.47,0.845,1,8,74.6,21,6.62,7.74,0,0.0018,Low Risk (Safe),OPTIMAL: Thermal Profile Compliant; Clear for Immediate Inbound Put-away
SHP-1360,AB-REEFER-8360,ColdFleet Express,Haryana Bottling Facility,Goa Coastal Transit Hub,Pharma Biologics & Vaccines,200129.81,933,Long Haul,29.77,36.74,4.0,5.13,8.33,0.9,23.02,0.726,1,12,72.7,97,6.35,45.01,0,0.0683,Low Risk (Safe),OPTIMAL: Thermal Profile Compliant; Clear for Immediate Inbound Put-away
SHP-1361,AB-REEFER-8361,ThermoHaul Freight,Gujarat BioPharma Park,Mumbai Urban Distribution Center,Pasteurized Keg Beer / Premium Lager,46095.76,1321,Cross-Country,36.51,43.49,3.5,5.36,8.43,7.7,23.81,0.33,1,7,88.3,12,6.53,4.4,0,0.0012,Low Risk (Safe),OPTIMAL: Thermal Profile Compliant; Clear for Immediate Inbound Put-away
SHP-1362,AB-REEFER-8362,ArcticLogistics Global,Maharashtra Distribution Center,Delhi NCR Mega Fulfillment,Pharma Biologics & Vaccines,221544.78,494,Mid Haul,26.55,30.07,4.0,4.27,7.49,2.2,8.3,0.642,5,36,97.7,0,5.49,5.46,0,0.0021,Low Risk (Safe),OPTIMAL: Thermal Profile Compliant; Clear for Immediate Inbound Put-away
SHP-1363,AB-REEFER-8363,ArcticLogistics Global,Gujarat BioPharma Park,Hyderabad Metro Depot,Pasteurized Keg Beer / Premium Lager,43833.74,855,Long Haul,32.55,38.21,3.5,4.98,10.78,5.1,18.01,0.909,12,54,69.1,55,7.18,31.0,0,0.0055,Low Risk (Safe),OPTIMAL: Thermal Profile Compliant; Clear for Immediate Inbound Put-away
SHP-1364,AB-REEFER-8364,ArcticLogistics Global,Gujarat BioPharma Park,Goa Coastal Transit Hub,Frozen Foods & Confectionery,41660.0,948,Long Haul,30.8,33.89,-20.0,-19.49,-12.24,6.4,13.18,0.512,5,67,64.3,37,-16.73,13.37,0,0.0071,Low Risk (Safe),OPTIMAL: Thermal Profile Compliant; Clear for Immediate Inbound Put-away
SHP-1365,AB-REEFER-8365,ThermoHaul Freight,Punjab Regional Cold Hub,Kolkata Eastern Terminal,Frozen Foods & Confectionery,32015.46,659,Long Haul,41.07,48.33,-20.0,-18.59,-12.85,7.1,13.97,0.556,3,41,95.5,292,-16.41,45.5,0,0.0277,Low Risk (Safe),OPTIMAL: Thermal Profile Compliant; Clear for Immediate Inbound Put-away
SHP-1366,AB-REEFER-8366,PolarTrans Logistics,Gujarat BioPharma Park,Delhi NCR Mega Fulfillment,Fresh Dairy & Perishables,25224.85,764,Long Haul,40.8,44.44,2.5,3.98,7.82,4.4,10.8,0.223,3,19,70.6,52,5.44,5.6,0,0.0023,Low Risk (Safe),OPTIMAL: Thermal Profile Compliant; Clear for Immediate Inbound Put-away
SHP-1367,AB-REEFER-8367,ThermoHaul Freight,Haryana Bottling Facility,Kolkata Eastern Terminal,Pasteurized Keg Beer / Premium Lager,33004.3,897,Long Haul,30.36,35.13,3.5,4.89,8.63,7.0,20.31,0.941,1,5,64.7,12,6.31,13.85,0,0.0058,Low Risk (Safe),OPTIMAL: Thermal Profile Compliant; Clear for Immediate Inbound Put-away
SHP-1368,AB-REEFER-8368,ArcticLogistics Global,Maharashtra Distribution Center,Hyderabad Metro Depot,Pasteurized Keg Beer / Premium Lager,48644.82,576,Mid Haul,31.87,38.67,3.5,4.04,6.97,3.0,9.64,0.815,3,12,89.2,5,5.15,9.42,0,0.0017,Low Risk (Safe),OPTIMAL: Thermal Profile Compliant; Clear for Immediate Inbound Put-away
SHP-1369,AB-REEFER-8369,PolarTrans Logistics,AB InBev Brewery - Bengaluru Hub,Delhi NCR Mega Fulfillment,Fresh Dairy & Perishables,13320.8,1166,Cross-Country,32.26,37.2,2.5,3.52,7.82,1.7,18.14,0.783,3,17,86.8,59,5.15,4.72,0,0.0027,Low Risk (Safe),OPTIMAL: Thermal Profile Compliant; Clear for Immediate Inbound Put-away
SHP-1370,AB-REEFER-8370,ArcticLogistics Global,Maharashtra Distribution Center,Hyderabad Metro Depot,Fresh Dairy & Perishables,17276.51,1233,Cross-Country,39.8,45.41,2.5,3.95,9.56,7.0,22.06,0.356,3,41,64.6,128,6.08,53.35,1,0.8998,Critical Risk (Immediate Action),CRITICAL: High Quality Degradation Detected; Expedite Destination QA Inspection
SHP-1371,AB-REEFER-8371,PolarTrans Logistics,Haryana Bottling Facility,Hyderabad Metro Depot,Pasteurized Keg Beer / Premium Lager,47096.89,1022,Cross-Country,30.72,34.65,3.5,4.91,9.32,6.8,18.68,0.646,3,19,71.0,42,6.59,34.68,0,0.0017,Low Risk (Safe),OPTIMAL: Thermal Profile Compliant; Clear for Immediate Inbound Put-away
SHP-1372,AB-REEFER-8372,ThermoHaul Freight,AB InBev Brewery - Bengaluru Hub,Hyderabad Metro Depot,Fresh Dairy & Perishables,17598.62,746,Long Haul,39.79,44.84,2.5,2.89,7.56,3.5,15.08,0.637,3,38,96.0,40,4.66,11.55,0,0.003,Low Risk (Safe),OPTIMAL: Thermal Profile Compliant; Clear for Immediate Inbound Put-away
SHP-1373,AB-REEFER-8373,ArcticLogistics Global,Punjab Regional Cold Hub,Mumbai Urban Distribution Center,Pasteurized Keg Beer / Premium Lager,26259.77,592,Mid Haul,39.69,42.74,3.5,5.85,12.48,5.7,10.99,0.394,8,92,76.9,84,8.37,35.27,0,0.0456,Low Risk (Safe),OPTIMAL: Thermal Profile Compliant; Clear for Immediate Inbound Put-away
SHP-1374,AB-REEFER-8374,ThermoHaul Freight,Gujarat BioPharma Park,Kolkata Eastern Terminal,Frozen Foods & Confectionery,29478.35,935,Long Haul,40.58,44.71,-20.0,-17.92,-12.11,1.8,17.09,0.838,8,55,65.0,82,-15.71,52.46,1,0.8762,Critical Risk (Immediate Action),CRITICAL: High Quality Degradation Detected; Expedite Destination QA Inspection
SHP-1375,AB-REEFER-8375,PolarTrans Logistics,Gujarat BioPharma Park,Goa Coastal Transit Hub,Pasteurized Keg Beer / Premium Lager,31706.42,959,Long Haul,30.04,33.93,3.5,4.83,7.74,8.1,16.25,0.782,1,13,87.9,5,5.94,17.82,0,0.0015,Low Risk (Safe),OPTIMAL: Thermal Profile Compliant; Clear for Immediate Inbound Put-away
SHP-1376,AB-REEFER-8376,ColdFleet Express,Haryana Bottling Facility,Hyderabad Metro Depot,Pasteurized Keg Beer / Premium Lager,39866.48,871,Long Haul,35.75,39.34,3.5,5.51,10.42,5.7,14.51,0.797,5,21,74.9,56,7.38,31.47,0,0.0021,Low Risk (Safe),OPTIMAL: Thermal Profile Compliant; Clear for Immediate Inbound Put-away
SHP-1377,AB-REEFER-8377,ArcticLogistics Global,Maharashtra Distribution Center,Goa Coastal Transit Hub,Pharma Biologics & Vaccines,117684.0,402,Mid Haul,26.07,33.27,4.0,4.69,8.64,7.1,10.01,0.359,8,41,71.8,34,6.19,15.74,0,0.0022,Low Risk (Safe),OPTIMAL: Thermal Profile Compliant; Clear for Immediate Inbound Put-away
SHP-1378,AB-REEFER-8378,ColdFleet Express,Haryana Bottling Facility,Hyderabad Metro Depot,Frozen Foods & Confectionery,35773.88,358,Mid Haul,40.97,46.03,-20.0,-17.56,-13.25,0.5,6.33,0.5,2,16,91.2,27,-15.92,13.0,0,0.0016,Low Risk (Safe),OPTIMAL: Thermal Profile Compliant; Clear for Immediate Inbound Put-away
SHP-1379,AB-REEFER-8379,PolarTrans Logistics,Gujarat BioPharma Park,Hyderabad Metro Depot,Fresh Dairy & Perishables,14202.72,537,Mid Haul,26.66,30.49,2.5,3.72,9.06,1.9,11.21,0.421,5,39,83.4,89,5.75,43.27,0,0.0135,Low Risk (Safe),OPTIMAL: Thermal Profile Compliant; Clear for Immediate Inbound Put-away
SHP-1380,AB-REEFER-8380,PolarTrans Logistics,AB InBev Brewery - Bengaluru Hub,Mumbai Urban Distribution Center,Fresh Dairy & Perishables,14488.14,683,Long Haul,31.78,37.58,2.5,3.89,7.62,3.1,11.34,0.735,5,26,75.3,59,5.31,3.79,0,0.0028,Low Risk (Safe),OPTIMAL: Thermal Profile Compliant; Clear for Immediate Inbound Put-away
SHP-1381,AB-REEFER-8381,PolarTrans Logistics,Punjab Regional Cold Hub,Hyderabad Metro Depot,Pharma Biologics & Vaccines,266061.97,675,Long Haul,34.58,39.65,4.0,6.68,10.69,0.8,13.21,0.883,3,37,77.1,116,8.2,53.88,1,0.8521,Critical Risk (Immediate Action),CRITICAL: Quash for Biologics Potency & Cold-Chain Excursion Audit; Do Not Release to Cold-Room
SHP-1382,AB-REEFER-8382,ThermoHaul Freight,Punjab Regional Cold Hub,Delhi NCR Mega Fulfillment,Pasteurized Keg Beer / Premium Lager,30469.33,474,Mid Haul,36.73,40.32,3.5,5.81,14.63,5.9,9.77,0.572,8,109,96.1,156,9.16,53.58,1,0.9444,Critical Risk (Immediate Action),CRITICAL: Inspect for Flavour Skunking & Colloidal Haze at Inbound Gate; Reroute to Priority Cross-Dock
SHP-1383,AB-REEFER-8383,ThermoHaul Freight,Punjab Regional Cold Hub,Mumbai Urban Distribution Center,Pasteurized Keg Beer / Premium Lager,37708.02,595,Mid Haul,28.05,32.35,3.5,3.9,6.5,1.0,8.27,0.379,3,16,95.0,0,4.89,4.24,0,0.0015,Low Risk (Safe),OPTIMAL: Thermal Profile Compliant; Clear for Immediate Inbound Put-away
SHP-1384,AB-REEFER-8384,PolarTrans Logistics,AB InBev Brewery - Bengaluru Hub,Delhi NCR Mega Fulfillment,Pharma Biologics & Vaccines,128110.97,723,Long Haul,31.5,38.23,4.0,5.41,10.4,1.2,12.22,0.825,2,23,73.8,46,7.31,14.59,0,0.0015,Low Risk (Safe),OPTIMAL: Thermal Profile Compliant; Clear for Immediate Inbound Put-away
SHP-1385,AB-REEFER-8385,ColdFleet Express,Haryana Bottling Facility,Goa Coastal Transit Hub,Pasteurized Keg Beer / Premium Lager,34148.37,1186,Cross-Country,26.4,31.91,3.5,4.07,7.02,2.8,23.86,0.23,2,22,80.0,0,5.19,9.55,0,0.0017,Low Risk (Safe),OPTIMAL: Thermal Profile Compliant; Clear for Immediate Inbound Put-away
SHP-1386,AB-REEFER-8386,PolarTrans Logistics,Punjab Regional Cold Hub,Hyderabad Metro Depot,Pasteurized Keg Beer / Premium Lager,40200.45,764,Long Haul,32.56,36.62,3.5,4.46,8.8,7.8,12.46,0.403,1,11,90.5,175,6.11,45.32,0,0.04,Low Risk (Safe),OPTIMAL: Thermal Profile Compliant; Clear for Immediate Inbound Put-away
SHP-1387,AB-REEFER-8387,PolarTrans Logistics,Punjab Regional Cold Hub,Delhi NCR Mega Fulfillment,Frozen Foods & Confectionery,26918.28,703,Long Haul,29.3,33.92,-20.0,-18.31,-14.35,5.8,15.84,0.194,3,13,89.7,0,-16.81,6.38,0,0.0012,Low Risk (Safe),OPTIMAL: Thermal Profile Compliant; Clear for Immediate Inbound Put-away
SHP-1388,AB-REEFER-8388,ThermoHaul Freight,AB InBev Brewery - Bengaluru Hub,Mumbai Urban Distribution Center,Frozen Foods & Confectionery,40788.04,773,Long Haul,29.97,33.7,-20.0,-19.51,-15.41,2.0,13.06,0.941,2,10,88.4,0,-17.95,11.27,0,0.0016,Low Risk (Safe),OPTIMAL: Thermal Profile Compliant; Clear for Immediate Inbound Put-away
SHP-1389,AB-REEFER-8389,ColdFleet Express,Haryana Bottling Facility,Hyderabad Metro Depot,Pasteurized Keg Beer / Premium Lager,23683.34,686,Long Haul,35.71,40.86,3.5,5.37,9.87,4.7,10.31,0.534,3,41,78.4,60,7.08,27.39,0,0.0023,Low Risk (Safe),OPTIMAL: Thermal Profile Compliant; Clear for Immediate Inbound Put-away
SHP-1390,AB-REEFER-8390,ArcticLogistics Global,Maharashtra Distribution Center,Goa Coastal Transit Hub,Fresh Dairy & Perishables,30928.08,547,Mid Haul,34.25,39.43,2.5,3.8,8.44,7.4,11.52,0.246,2,17,68.6,97,5.56,49.04,0,0.3168,Low Risk (Safe),OPTIMAL: Thermal Profile Compliant; Clear for Immediate Inbound Put-away
SHP-1391,AB-REEFER-8391,ArcticLogistics Global,Punjab Regional Cold Hub,Delhi NCR Mega Fulfillment,Pasteurized Keg Beer / Premium Lager,26774.77,559,Mid Haul,38.77,43.06,3.5,5.51,7.67,8.0,11.05,0.407,2,13,83.2,0,6.33,10.9,0,0.0017,Low Risk (Safe),OPTIMAL: Thermal Profile Compliant; Clear for Immediate Inbound Put-away
SHP-1392,AB-REEFER-8392,PolarTrans Logistics,Maharashtra Distribution Center,Kolkata Eastern Terminal,Pasteurized Keg Beer / Premium Lager,49929.19,209,Short Haul,41.19,48.44,3.5,5.11,8.95,8.0,3.87,0.83,1,7,84.2,20,6.57,13.03,0,0.0017,Low Risk (Safe),OPTIMAL: Thermal Profile Compliant; Clear for Immediate Inbound Put-away
SHP-1393,AB-REEFER-8393,ArcticLogistics Global,Punjab Regional Cold Hub,Kolkata Eastern Terminal,Pasteurized Keg Beer / Premium Lager,34460.44,315,Mid Haul,38.25,41.16,3.5,5.33,11.7,0.8,7.25,0.582,8,93,77.4,73,7.75,38.23,0,0.0226,Low Risk (Safe),OPTIMAL: Thermal Profile Compliant; Clear for Immediate Inbound Put-away
SHP-1394,AB-REEFER-8394,ColdFleet Express,Haryana Bottling Facility,Goa Coastal Transit Hub,Fresh Dairy & Perishables,14704.39,412,Mid Haul,28.22,31.64,2.5,3.1,6.6,4.7,6.94,0.582,1,12,86.9,54,4.43,8.57,0,0.0035,Low Risk (Safe),OPTIMAL: Thermal Profile Compliant; Clear for Immediate Inbound Put-away
SHP-1395,AB-REEFER-8395,ColdFleet Express,AB InBev Brewery - Bengaluru Hub,Delhi NCR Mega Fulfillment,Pasteurized Keg Beer / Premium Lager,23189.84,568,Mid Haul,30.36,34.86,3.5,3.84,8.82,4.3,10.0,0.583,2,24,80.8,85,5.73,30.09,0,0.011,Low Risk (Safe),OPTIMAL: Thermal Profile Compliant; Clear for Immediate Inbound Put-away
SHP-1396,AB-REEFER-8396,ArcticLogistics Global,Gujarat BioPharma Park,Goa Coastal Transit Hub,Frozen Foods & Confectionery,30721.78,258,Short Haul,40.72,44.66,-20.0,-18.81,-15.67,1.7,6.01,0.245,1,8,84.2,0,-17.62,5.77,0,0.0016,Low Risk (Safe),OPTIMAL: Thermal Profile Compliant; Clear for Immediate Inbound Put-away
SHP-1397,AB-REEFER-8397,PolarTrans Logistics,Punjab Regional Cold Hub,Delhi NCR Mega Fulfillment,Pharma Biologics & Vaccines,242878.26,568,Mid Haul,33.48,40.19,4.0,5.02,10.4,3.2,8.28,0.209,5,31,94.3,69,7.06,42.84,0,0.0103,Low Risk (Safe),OPTIMAL: Thermal Profile Compliant; Clear for Immediate Inbound Put-away
SHP-1398,AB-REEFER-8398,ThermoHaul Freight,Gujarat BioPharma Park,Hyderabad Metro Depot,Pharma Biologics & Vaccines,189283.52,552,Mid Haul,30.66,34.77,4.0,5.79,13.31,0.6,10.65,0.684,12,114,94.5,125,8.65,99.89,1,0.9028,Critical Risk (Immediate Action),CRITICAL: Quash for Biologics Potency & Cold-Chain Excursion Audit; Do Not Release to Cold-Room
SHP-1399,AB-REEFER-8399,ColdFleet Express,Maharashtra Distribution Center,Hyderabad Metro Depot,Frozen Foods & Confectionery,25254.45,518,Mid Haul,26.67,30.57,-20.0,-18.54,-15.39,2.9,8.29,0.524,1,13,76.1,0,-17.34,13.1,0,0.0016,Low Risk (Safe),OPTIMAL: Thermal Profile Compliant; Clear for Immediate Inbound Put-away
SHP-1400,AB-REEFER-8400,PolarTrans Logistics,Gujarat BioPharma Park,Hyderabad Metro Depot,Pasteurized Keg Beer / Premium Lager,27470.4,1263,Cross-Country,34.44,36.98,3.5,6.01,7.97,1.5,22.05,0.877,1,9,77.0,5,6.75,12.48,0,0.0021,Low Risk (Safe),OPTIMAL: Thermal Profile Compliant; Clear for Immediate Inbound Put-away
SHP-1401,AB-REEFER-8401,ColdFleet Express,AB InBev Brewery - Bengaluru Hub,Delhi NCR Mega Fulfillment,Pasteurized Keg Beer / Premium Lager,45470.97,830,Long Haul,40.94,45.28,3.5,5.49,9.8,6.0,15.75,0.866,2,18,62.1,55,7.13,42.89,0,0.0139,Low Risk (Safe),OPTIMAL: Thermal Profile Compliant; Clear for Immediate Inbound Put-away
SHP-1402,AB-REEFER-8402,PolarTrans Logistics,Gujarat BioPharma Park,Mumbai Urban Distribution Center,Pharma Biologics & Vaccines,181015.12,799,Long Haul,30.83,35.67,4.0,5.64,10.57,2.2,11.01,0.846,3,21,80.9,92,7.51,49.99,0,0.0547,Low Risk (Safe),OPTIMAL: Thermal Profile Compliant; Clear for Immediate Inbound Put-away
SHP-1403,AB-REEFER-8403,ArcticLogistics Global,Maharashtra Distribution Center,Kolkata Eastern Terminal,Pasteurized Keg Beer / Premium Lager,38015.53,514,Mid Haul,36.45,39.96,3.5,4.25,7.5,7.8,9.91,0.876,1,5,95.6,0,5.49,14.75,0,0.0017,Low Risk (Safe),OPTIMAL: Thermal Profile Compliant; Clear for Immediate Inbound Put-away
SHP-1404,AB-REEFER-8404,ThermoHaul Freight,AB InBev Brewery - Bengaluru Hub,Goa Coastal Transit Hub,Frozen Foods & Confectionery,24727.82,1111,Cross-Country,38.17,45.43,-20.0,-19.4,-16.86,5.7,17.19,0.545,1,11,94.8,0,-18.43,9.61,0,0.0014,Low Risk (Safe),OPTIMAL: Thermal Profile Compliant; Clear for Immediate Inbound Put-away
SHP-1405,AB-REEFER-8405,ArcticLogistics Global,Haryana Bottling Facility,Kolkata Eastern Terminal,Pasteurized Keg Beer / Premium Lager,31121.36,1119,Cross-Country,41.04,44.79,3.5,4.84,7.8,3.0,22.89,0.566,1,13,94.6,0,5.96,7.6,0,0.0014,Low Risk (Safe),OPTIMAL: Thermal Profile Compliant; Clear for Immediate Inbound Put-away
SHP-1406,AB-REEFER-8406,ThermoHaul Freight,Gujarat BioPharma Park,Hyderabad Metro Depot,Fresh Dairy & Perishables,19388.7,201,Short Haul,26.72,32.68,2.5,4.59,7.73,7.1,3.44,0.909,1,6,62.2,58,5.78,14.07,0,0.0613,Low Risk (Safe),OPTIMAL: Thermal Profile Compliant; Clear for Immediate Inbound Put-away
SHP-1407,AB-REEFER-8407,ArcticLogistics Global,Haryana Bottling Facility,Delhi NCR Mega Fulfillment,Fresh Dairy & Perishables,14307.17,643,Mid Haul,26.54,32.79,2.5,3.56,6.41,4.8,13.28,0.917,1,8,76.2,30,4.64,5.03,0,0.0029,Low Risk (Safe),OPTIMAL: Thermal Profile Compliant; Clear for Immediate Inbound Put-away
SHP-1408,AB-REEFER-8408,ThermoHaul Freight,Punjab Regional Cold Hub,Goa Coastal Transit Hub,Fresh Dairy & Perishables,25944.21,705,Long Haul,37.48,40.08,2.5,4.32,12.49,1.3,12.79,0.238,8,92,85.7,137,7.42,100.0,1,0.9875,Critical Risk (Immediate Action),CRITICAL: High Quality Degradation Detected; Expedite Destination QA Inspection
SHP-1409,AB-REEFER-8409,PolarTrans Logistics,Punjab Regional Cold Hub,Goa Coastal Transit Hub,Frozen Foods & Confectionery,37154.22,963,Long Haul,27.14,30.08,-20.0,-18.37,-14.31,5.8,22.35,0.291,1,6,76.7,5,-16.83,6.17,0,0.0016,Low Risk (Safe),OPTIMAL: Thermal Profile Compliant; Clear for Immediate Inbound Put-away
SHP-1410,AB-REEFER-8410,ThermoHaul Freight,Gujarat BioPharma Park,Delhi NCR Mega Fulfillment,Pharma Biologics & Vaccines,137750.6,801,Long Haul,40.55,44.52,4.0,6.48,17.97,3.5,21.85,0.4,12,144,71.6,182,10.85,100.0,1,0.9929,Critical Risk (Immediate Action),CRITICAL: Quash for Biologics Potency & Cold-Chain Excursion Audit; Do Not Release to Cold-Room
SHP-1411,AB-REEFER-8411,ThermoHaul Freight,Maharashtra Distribution Center,Kolkata Eastern Terminal,Fresh Dairy & Perishables,27351.67,632,Mid Haul,26.55,32.86,2.5,4.14,8.71,0.8,10.97,0.814,3,24,73.6,60,5.88,16.77,0,0.0036,Low Risk (Safe),OPTIMAL: Thermal Profile Compliant; Clear for Immediate Inbound Put-away
SHP-1412,AB-REEFER-8412,ThermoHaul Freight,Haryana Bottling Facility,Kolkata Eastern Terminal,Pasteurized Keg Beer / Premium Lager,32115.09,388,Mid Haul,35.68,42.71,3.5,4.74,9.27,2.5,7.39,0.303,3,21,79.7,28,6.46,7.17,0,0.002,Low Risk (Safe),OPTIMAL: Thermal Profile Compliant; Clear for Immediate Inbound Put-away
SHP-1413,AB-REEFER-8413,ColdFleet Express,Maharashtra Distribution Center,Hyderabad Metro Depot,Pasteurized Keg Beer / Premium Lager,22444.1,435,Mid Haul,30.3,33.76,3.5,4.36,9.77,4.6,10.76,0.366,3,41,88.2,151,6.42,50.77,1,0.2256,Low Risk (Safe),OPTIMAL: Thermal Profile Compliant; Clear for Immediate Inbound Put-away
SHP-1414,AB-REEFER-8414,ArcticLogistics Global,AB InBev Brewery - Bengaluru Hub,Mumbai Urban Distribution Center,Pasteurized Keg Beer / Premium Lager,39179.62,1010,Cross-Country,32.94,40.31,3.5,5.23,7.76,2.3,18.58,0.931,1,11,88.1,0,6.19,10.61,0,0.0016,Low Risk (Safe),OPTIMAL: Thermal Profile Compliant; Clear for Immediate Inbound Put-away
SHP-1415,AB-REEFER-8415,PolarTrans Logistics,Punjab Regional Cold Hub,Hyderabad Metro Depot,Pharma Biologics & Vaccines,209876.25,889,Long Haul,27.55,34.93,4.0,5.63,8.33,2.4,18.41,0.903,2,24,84.3,38,6.66,13.01,0,0.0018,Low Risk (Safe),OPTIMAL: Thermal Profile Compliant; Clear for Immediate Inbound Put-away
SHP-1416,AB-REEFER-8416,PolarTrans Logistics,Gujarat BioPharma Park,Delhi NCR Mega Fulfillment,Pasteurized Keg Beer / Premium Lager,22299.81,1079,Cross-Country,38.52,41.31,3.5,5.05,8.32,4.3,21.41,0.225,3,13,77.5,12,6.29,6.37,0,0.0017,Low Risk (Safe),OPTIMAL: Thermal Profile Compliant; Clear for Immediate Inbound Put-away
SHP-1417,AB-REEFER-8417,ArcticLogistics Global,AB InBev Brewery - Bengaluru Hub,Hyderabad Metro Depot,Pharma Biologics & Vaccines,279798.9,168,Short Haul,35.31,38.72,4.0,5.06,8.9,2.8,2.71,0.209,5,35,91.5,35,6.52,3.63,0,0.0015,Low Risk (Safe),OPTIMAL: Thermal Profile Compliant; Clear for Immediate Inbound Put-away
SHP-1418,AB-REEFER-8418,ThermoHaul Freight,Haryana Bottling Facility,Kolkata Eastern Terminal,Pasteurized Keg Beer / Premium Lager,29986.84,1198,Cross-Country,31.38,35.53,3.5,5.53,10.43,4.3,19.72,0.801,8,46,66.3,91,7.39,48.85,0,0.0205,Low Risk (Safe),OPTIMAL: Thermal Profile Compliant; Clear for Immediate Inbound Put-away
SHP-1419,AB-REEFER-8419,ArcticLogistics Global,AB InBev Brewery - Bengaluru Hub,Kolkata Eastern Terminal,Pasteurized Keg Beer / Premium Lager,23048.04,239,Short Haul,32.84,39.4,3.5,5.62,8.81,5.9,5.2,0.355,3,18,77.7,20,6.83,3.67,0,0.0018,Low Risk (Safe),OPTIMAL: Thermal Profile Compliant; Clear for Immediate Inbound Put-away
SHP-1420,AB-REEFER-8420,ColdFleet Express,Maharashtra Distribution Center,Mumbai Urban Distribution Center,Pharma Biologics & Vaccines,269467.02,706,Long Haul,35.19,38.31,4.0,5.19,7.33,1.9,12.43,0.218,2,14,88.0,0,6.0,5.03,0,0.0011,Low Risk (Safe),OPTIMAL: Thermal Profile Compliant; Clear for Immediate Inbound Put-away
SHP-1421,AB-REEFER-8421,ThermoHaul Freight,Haryana Bottling Facility,Hyderabad Metro Depot,Pasteurized Keg Beer / Premium Lager,31029.27,162,Short Haul,40.94,44.99,3.5,5.59,11.91,3.4,3.29,0.803,8,92,69.0,104,7.99,57.59,1,0.8224,Critical Risk (Immediate Action),CRITICAL: Inspect for Flavour Skunking & Colloidal Haze at Inbound Gate; Reroute to Priority Cross-Dock
SHP-1422,AB-REEFER-8422,PolarTrans Logistics,Punjab Regional Cold Hub,Kolkata Eastern Terminal,Frozen Foods & Confectionery,17079.92,394,Mid Haul,32.62,38.92,-20.0,-18.86,-10.21,7.5,9.44,0.383,12,90,75.9,91,-15.57,46.28,0,0.0354,Low Risk (Safe),OPTIMAL: Thermal Profile Compliant; Clear for Immediate Inbound Put-away
SHP-1423,AB-REEFER-8423,ArcticLogistics Global,Gujarat BioPharma Park,Mumbai Urban Distribution Center,Pharma Biologics & Vaccines,95409.53,930,Long Haul,37.04,42.51,4.0,5.64,8.66,1.7,22.61,0.42,1,11,71.8,40,6.79,10.8,0,0.0013,Low Risk (Safe),OPTIMAL: Thermal Profile Compliant; Clear for Immediate Inbound Put-away
SHP-1424,AB-REEFER-8424,ThermoHaul Freight,Maharashtra Distribution Center,Kolkata Eastern Terminal,Pasteurized Keg Beer / Premium Lager,45320.79,916,Long Haul,33.41,40.23,3.5,6.46,12.24,7.9,17.37,0.537,8,59,68.6,82,8.66,38.25,0,0.1384,Low Risk (Safe),OPTIMAL: Thermal Profile Compliant; Clear for Immediate Inbound Put-away
SHP-1425,AB-REEFER-8425,ColdFleet Express,Maharashtra Distribution Center,Goa Coastal Transit Hub,Frozen Foods & Confectionery,41460.07,646,Mid Haul,27.99,32.35,-20.0,-18.04,-12.61,8.0,10.47,0.718,5,68,65.3,63,-15.98,61.41,1,0.7897,Critical Risk (Immediate Action),CRITICAL: High Quality Degradation Detected; Expedite Destination QA Inspection
SHP-1426,AB-REEFER-8426,ColdFleet Express,Gujarat BioPharma Park,Goa Coastal Transit Hub,Pharma Biologics & Vaccines,262224.96,621,Mid Haul,26.04,29.87,4.0,5.78,10.2,6.9,12.56,0.65,5,58,91.2,53,7.46,6.99,0,0.002,Low Risk (Safe),OPTIMAL: Thermal Profile Compliant; Clear for Immediate Inbound Put-away
SHP-1427,AB-REEFER-8427,ColdFleet Express,Haryana Bottling Facility,Goa Coastal Transit Hub,Pasteurized Keg Beer / Premium Lager,46205.52,411,Mid Haul,30.41,34.56,3.5,5.03,11.77,3.8,8.02,0.568,8,95,92.1,72,7.59,28.6,0,0.0087,Low Risk (Safe),OPTIMAL: Thermal Profile Compliant; Clear for Immediate Inbound Put-away
SHP-1428,AB-REEFER-8428,ThermoHaul Freight,AB InBev Brewery - Bengaluru Hub,Mumbai Urban Distribution Center,Frozen Foods & Confectionery,36918.09,627,Mid Haul,37.3,43.78,-20.0,-16.3,-4.34,6.6,14.09,0.92,16,157,74.7,192,-11.76,100.0,1,0.985,Critical Risk (Immediate Action),CRITICAL: High Quality Degradation Detected; Expedite Destination QA Inspection
SHP-1429,AB-REEFER-8429,ArcticLogistics Global,Punjab Regional Cold Hub,Kolkata Eastern Terminal,Pasteurized Keg Beer / Premium Lager,28912.62,568,Mid Haul,29.72,35.53,3.5,5.5,9.16,4.5,11.17,0.197,3,17,64.0,34,6.89,18.69,0,0.0023,Low Risk (Safe),OPTIMAL: Thermal Profile Compliant; Clear for Immediate Inbound Put-away
SHP-1430,AB-REEFER-8430,ThermoHaul Freight,Gujarat BioPharma Park,Mumbai Urban Distribution Center,Pharma Biologics & Vaccines,126751.62,683,Long Haul,36.9,44.09,4.0,4.66,7.41,2.2,12.97,0.747,1,12,77.0,0,5.71,13.77,0,0.0016,Low Risk (Safe),OPTIMAL: Thermal Profile Compliant; Clear for Immediate Inbound Put-away
SHP-1431,AB-REEFER-8431,ColdFleet Express,Maharashtra Distribution Center,Hyderabad Metro Depot,Pharma Biologics & Vaccines,218147.64,887,Long Haul,30.71,35.85,4.0,5.63,7.87,7.2,17.94,0.608,1,11,85.6,0,6.48,8.64,0,0.0015,Low Risk (Safe),OPTIMAL: Thermal Profile Compliant; Clear for Immediate Inbound Put-away
SHP-1432,AB-REEFER-8432,PolarTrans Logistics,Haryana Bottling Facility,Kolkata Eastern Terminal,Pasteurized Keg Beer / Premium Lager,30449.92,827,Long Haul,35.19,37.76,3.5,4.5,8.64,4.3,19.21,0.264,3,39,97.4,33,6.07,5.41,0,0.0019,Low Risk (Safe),OPTIMAL: Thermal Profile Compliant; Clear for Immediate Inbound Put-away
SHP-1433,AB-REEFER-8433,ColdFleet Express,Maharashtra Distribution Center,Goa Coastal Transit Hub,Frozen Foods & Confectionery,33906.9,1154,Cross-Country,41.22,46.53,-20.0,-17.75,-13.59,8.2,16.64,0.419,3,36,71.0,13,-16.17,15.49,0,0.0016,Low Risk (Safe),OPTIMAL: Thermal Profile Compliant; Clear for Immediate Inbound Put-away
SHP-1434,AB-REEFER-8434,ColdFleet Express,Punjab Regional Cold Hub,Kolkata Eastern Terminal,Pasteurized Keg Beer / Premium Lager,40222.86,626,Mid Haul,28.56,34.95,3.5,3.98,9.73,2.9,14.34,0.496,8,70,96.1,61,6.17,22.57,0,0.0061,Low Risk (Safe),OPTIMAL: Thermal Profile Compliant; Clear for Immediate Inbound Put-away
SHP-1435,AB-REEFER-8435,PolarTrans Logistics,Gujarat BioPharma Park,Mumbai Urban Distribution Center,Fresh Dairy & Perishables,13518.76,619,Mid Haul,37.22,42.31,2.5,3.27,8.01,4.5,15.34,0.25,2,25,94.2,88,5.07,42.95,0,0.0094,Low Risk (Safe),OPTIMAL: Thermal Profile Compliant; Clear for Immediate Inbound Put-away
SHP-1436,AB-REEFER-8436,ArcticLogistics Global,Haryana Bottling Facility,Goa Coastal Transit Hub,Pasteurized Keg Beer / Premium Lager,24047.48,643,Mid Haul,40.77,44.74,3.5,4.93,10.77,7.6,14.32,0.37,8,49,68.5,140,7.15,56.72,1,0.9116,Critical Risk (Immediate Action),CRITICAL: Inspect for Flavour Skunking & Colloidal Haze at Inbound Gate; Reroute to Priority Cross-Dock
SHP-1437,AB-REEFER-8437,ColdFleet Express,Maharashtra Distribution Center,Delhi NCR Mega Fulfillment,Frozen Foods & Confectionery,24276.46,643,Mid Haul,30.11,32.71,-20.0,-18.89,-9.93,2.7,11.42,0.247,8,106,88.6,77,-15.49,45.36,0,0.0224,Low Risk (Safe),OPTIMAL: Thermal Profile Compliant; Clear for Immediate Inbound Put-away
SHP-1438,AB-REEFER-8438,PolarTrans Logistics,Haryana Bottling Facility,Mumbai Urban Distribution Center,Fresh Dairy & Perishables,28239.22,1163,Cross-Country,37.09,40.9,2.5,4.0,9.26,7.9,30.56,0.421,8,32,66.8,112,6.0,50.68,1,0.1661,Low Risk (Safe),OPTIMAL: Thermal Profile Compliant; Clear for Immediate Inbound Put-away
SHP-1439,AB-REEFER-8439,PolarTrans Logistics,Punjab Regional Cold Hub,Delhi NCR Mega Fulfillment,Fresh Dairy & Perishables,15759.88,955,Long Haul,31.96,37.46,2.5,3.33,6.75,4.4,18.58,0.275,1,13,93.9,25,4.63,4.38,0,0.0025,Low Risk (Safe),OPTIMAL: Thermal Profile Compliant; Clear for Immediate Inbound Put-away
SHP-1440,AB-REEFER-8440,ArcticLogistics Global,Haryana Bottling Facility,Goa Coastal Transit Hub,Pharma Biologics & Vaccines,164950.71,917,Long Haul,28.55,31.93,4.0,5.79,11.21,7.9,24.64,0.599,3,36,63.4,62,7.85,54.77,1,0.9119,Critical Risk (Immediate Action),CRITICAL: Quash for Biologics Potency & Cold-Chain Excursion Audit; Do Not Release to Cold-Room
SHP-1441,AB-REEFER-8441,ColdFleet Express,AB InBev Brewery - Bengaluru Hub,Delhi NCR Mega Fulfillment,Frozen Foods & Confectionery,29196.84,520,Mid Haul,38.47,42.29,-20.0,-18.55,-16.06,3.5,9.85,0.928,1,13,98.9,0,-17.6,6.1,0,0.0021,Low Risk (Safe),OPTIMAL: Thermal Profile Compliant; Clear for Immediate Inbound Put-away
SHP-1442,AB-REEFER-8442,ThermoHaul Freight,Haryana Bottling Facility,Delhi NCR Mega Fulfillment,Frozen Foods & Confectionery,24822.24,312,Mid Haul,35.99,39.73,-20.0,-18.46,-14.38,2.9,4.77,0.524,2,16,96.8,10,-16.91,8.6,0,0.0016,Low Risk (Safe),OPTIMAL: Thermal Profile Compliant; Clear for Immediate Inbound Put-away
SHP-1443,AB-REEFER-8443,PolarTrans Logistics,AB InBev Brewery - Bengaluru Hub,Mumbai Urban Distribution Center,Pasteurized Keg Beer / Premium Lager,25997.7,687,Long Haul,26.28,31.93,3.5,5.73,10.68,5.7,11.45,0.645,3,28,64.1,198,7.61,52.9,1,0.9215,Critical Risk (Immediate Action),CRITICAL: Inspect for Flavour Skunking & Colloidal Haze at Inbound Gate; Reroute to Priority Cross-Dock
SHP-1444,AB-REEFER-8444,ThermoHaul Freight,Haryana Bottling Facility,Mumbai Urban Distribution Center,Frozen Foods & Confectionery,34071.24,812,Long Haul,31.72,36.15,-20.0,-18.93,-15.61,5.0,14.74,0.481,3,38,74.5,5,-17.67,8.16,0,0.002,Low Risk (Safe),OPTIMAL: Thermal Profile Compliant; Clear for Immediate Inbound Put-away
SHP-1445,AB-REEFER-8445,PolarTrans Logistics,Haryana Bottling Facility,Delhi NCR Mega Fulfillment,Frozen Foods & Confectionery,38015.95,415,Mid Haul,35.14,40.81,-20.0,-18.77,-11.92,2.0,8.14,0.583,8,90,95.8,40,-16.17,10.76,0,0.0018,Low Risk (Safe),OPTIMAL: Thermal Profile Compliant; Clear for Immediate Inbound Put-away
SHP-1446,AB-REEFER-8446,ArcticLogistics Global,Maharashtra Distribution Center,Hyderabad Metro Depot,Pasteurized Keg Beer / Premium Lager,28298.7,410,Mid Haul,36.71,43.79,3.5,4.73,9.14,1.8,6.25,0.481,3,29,67.7,53,6.41,22.79,0,0.0019,Low Risk (Safe),OPTIMAL: Thermal Profile Compliant; Clear for Immediate Inbound Put-away
SHP-1447,AB-REEFER-8447,ArcticLogistics Global,Maharashtra Distribution Center,Delhi NCR Mega Fulfillment,Pasteurized Keg Beer / Premium Lager,44546.91,1209,Cross-Country,28.54,32.75,3.5,4.5,8.92,1.8,17.71,0.827,5,30,96.9,58,6.18,18.3,0,0.0018,Low Risk (Safe),OPTIMAL: Thermal Profile Compliant; Clear for Immediate Inbound Put-away
SHP-1448,AB-REEFER-8448,ThermoHaul Freight,AB InBev Brewery - Bengaluru Hub,Goa Coastal Transit Hub,Pharma Biologics & Vaccines,178588.65,297,Short Haul,38.41,41.21,4.0,5.57,8.2,6.1,5.44,0.19,2,12,68.7,104,6.57,46.89,0,0.0295,Low Risk (Safe),OPTIMAL: Thermal Profile Compliant; Clear for Immediate Inbound Put-away
SHP-1449,AB-REEFER-8449,ThermoHaul Freight,Gujarat BioPharma Park,Kolkata Eastern Terminal,Fresh Dairy & Perishables,33363.63,420,Mid Haul,34.28,41.26,2.5,4.12,7.38,3.3,5.92,0.936,2,23,95.7,57,5.36,9.75,0,0.0044,Low Risk (Safe),OPTIMAL: Thermal Profile Compliant; Clear for Immediate Inbound Put-away
SHP-1450,AB-REEFER-8450,ThermoHaul Freight,Maharashtra Distribution Center,Goa Coastal Transit Hub,Frozen Foods & Confectionery,17220.81,976,Long Haul,38.51,42.04,-20.0,-18.83,-15.71,2.8,18.84,0.581,2,11,82.2,0,-17.64,14.19,0,0.0015,Low Risk (Safe),OPTIMAL: Thermal Profile Compliant; Clear for Immediate Inbound Put-away
SHP-1451,AB-REEFER-8451,ColdFleet Express,Gujarat BioPharma Park,Delhi NCR Mega Fulfillment,Frozen Foods & Confectionery,28284.61,1288,Cross-Country,41.51,46.75,-20.0,-17.66,-15.37,4.2,28.89,0.357,1,6,65.9,10,-16.79,4.19,0,0.0015,Low Risk (Safe),OPTIMAL: Thermal Profile Compliant; Clear for Immediate Inbound Put-away
SHP-1452,AB-REEFER-8452,PolarTrans Logistics,Maharashtra Distribution Center,Delhi NCR Mega Fulfillment,Pasteurized Keg Beer / Premium Lager,36299.92,493,Mid Haul,41.87,47.25,3.5,5.06,8.68,3.3,8.05,0.333,1,7,96.2,13,6.44,7.02,0,0.0014,Low Risk (Safe),OPTIMAL: Thermal Profile Compliant; Clear for Immediate Inbound Put-away
SHP-1453,AB-REEFER-8453,ThermoHaul Freight,Maharashtra Distribution Center,Goa Coastal Transit Hub,Fresh Dairy & Perishables,20894.84,888,Long Haul,33.91,38.19,2.5,4.69,16.57,8.4,15.69,0.189,16,147,81.3,309,9.2,99.61,1,0.9973,Critical Risk (Immediate Action),CRITICAL: High Quality Degradation Detected; Expedite Destination QA Inspection
SHP-1454,AB-REEFER-8454,ColdFleet Express,Gujarat BioPharma Park,Goa Coastal Transit Hub,Fresh Dairy & Perishables,31150.52,659,Long Haul,30.65,37.19,2.5,5.14,7.55,1.4,11.1,0.542,1,10,68.2,47,6.06,15.51,0,0.0034,Low Risk (Safe),OPTIMAL: Thermal Profile Compliant; Clear for Immediate Inbound Put-away
SHP-1455,AB-REEFER-8455,ThermoHaul Freight,Maharashtra Distribution Center,Goa Coastal Transit Hub,Fresh Dairy & Perishables,14280.72,385,Mid Haul,26.04,30.11,2.5,3.3,6.6,1.7,6.99,0.355,1,10,74.3,271,4.55,44.42,0,0.0659,Low Risk (Safe),OPTIMAL: Thermal Profile Compliant; Clear for Immediate Inbound Put-away
SHP-1456,AB-REEFER-8456,ColdFleet Express,Punjab Regional Cold Hub,Hyderabad Metro Depot,Frozen Foods & Confectionery,23695.56,272,Short Haul,31.15,36.27,-20.0,-18.9,-15.2,5.8,4.36,0.428,2,27,73.4,0,-17.49,15.81,0,0.0023,Low Risk (Safe),OPTIMAL: Thermal Profile Compliant; Clear for Immediate Inbound Put-away
SHP-1457,AB-REEFER-8457,ColdFleet Express,Gujarat BioPharma Park,Hyderabad Metro Depot,Pharma Biologics & Vaccines,240417.94,813,Long Haul,38.51,41.53,4.0,6.74,10.04,2.7,20.74,0.555,2,25,66.1,44,7.99,8.36,0,0.0018,Low Risk (Safe),OPTIMAL: Thermal Profile Compliant; Clear for Immediate Inbound Put-away
SHP-1458,AB-REEFER-8458,ThermoHaul Freight,Gujarat BioPharma Park,Mumbai Urban Distribution Center,Pasteurized Keg Beer / Premium Lager,49794.14,649,Mid Haul,34.34,41.79,3.5,4.86,8.64,4.6,15.09,0.32,5,43,84.1,55,6.3,24.73,0,0.002,Low Risk (Safe),OPTIMAL: Thermal Profile Compliant; Clear for Immediate Inbound Put-away
SHP-1459,AB-REEFER-8459,ArcticLogistics Global,Gujarat BioPharma Park,Goa Coastal Transit Hub,Fresh Dairy & Perishables,24485.82,663,Long Haul,40.76,46.4,2.5,4.08,7.91,1.7,14.17,0.719,1,13,93.9,46,5.54,11.61,0,0.0028,Low Risk (Safe),OPTIMAL: Thermal Profile Compliant; Clear for Immediate Inbound Put-away
SHP-1460,AB-REEFER-8460,ArcticLogistics Global,AB InBev Brewery - Bengaluru Hub,Kolkata Eastern Terminal,Pasteurized Keg Beer / Premium Lager,28463.32,674,Long Haul,39.76,44.49,3.5,5.62,9.66,6.1,11.56,0.367,5,49,74.7,75,7.16,28.97,0,0.0243,Low Risk (Safe),OPTIMAL: Thermal Profile Compliant; Clear for Immediate Inbound Put-away
SHP-1461,AB-REEFER-8461,ThermoHaul Freight,Maharashtra Distribution Center,Goa Coastal Transit Hub,Pharma Biologics & Vaccines,194302.95,971,Long Haul,39.51,46.79,4.0,5.19,9.04,8.0,26.91,0.793,1,5,90.8,43,6.65,5.44,0,0.0015,Low Risk (Safe),OPTIMAL: Thermal Profile Compliant; Clear for Immediate Inbound Put-away
SHP-1462,AB-REEFER-8462,ColdFleet Express,AB InBev Brewery - Bengaluru Hub,Kolkata Eastern Terminal,Frozen Foods & Confectionery,35415.5,307,Mid Haul,39.56,42.6,-20.0,-16.66,-7.73,7.0,5.08,0.712,12,114,62.0,186,-13.27,100.0,1,0.9968,Critical Risk (Immediate Action),CRITICAL: High Quality Degradation Detected; Expedite Destination QA Inspection
SHP-1463,AB-REEFER-8463,ThermoHaul Freight,AB InBev Brewery - Bengaluru Hub,Mumbai Urban Distribution Center,Pharma Biologics & Vaccines,219509.22,1083,Cross-Country,37.19,44.62,4.0,5.32,15.58,1.1,19.75,0.665,16,136,91.9,269,9.22,100.0,1,0.991,Critical Risk (Immediate Action),CRITICAL: Quash for Biologics Potency & Cold-Chain Excursion Audit; Do Not Release to Cold-Room
SHP-1464,AB-REEFER-8464,ColdFleet Express,Maharashtra Distribution Center,Goa Coastal Transit Hub,Frozen Foods & Confectionery,40775.08,458,Mid Haul,28.16,31.62,-20.0,-17.78,-9.63,3.9,9.0,0.405,12,95,96.1,96,-14.68,41.63,0,0.0234,Low Risk (Safe),OPTIMAL: Thermal Profile Compliant; Clear for Immediate Inbound Put-away
SHP-1465,AB-REEFER-8465,ThermoHaul Freight,Gujarat BioPharma Park,Delhi NCR Mega Fulfillment,Pharma Biologics & Vaccines,124450.32,966,Long Haul,35.69,40.38,4.0,5.49,15.07,4.2,22.28,0.247,8,107,91.0,150,9.13,86.8,1,0.9904,Critical Risk (Immediate Action),CRITICAL: Quash for Biologics Potency & Cold-Chain Excursion Audit; Do Not Release to Cold-Room
SHP-1466,AB-REEFER-8466,ArcticLogistics Global,AB InBev Brewery - Bengaluru Hub,Delhi NCR Mega Fulfillment,Pharma Biologics & Vaccines,97122.33,695,Long Haul,31.99,37.32,4.0,4.77,7.16,6.9,16.47,0.389,2,17,89.5,0,5.68,9.73,0,0.0015,Low Risk (Safe),OPTIMAL: Thermal Profile Compliant; Clear for Immediate Inbound Put-away
SHP-1467,AB-REEFER-8467,ColdFleet Express,AB InBev Brewery - Bengaluru Hub,Goa Coastal Transit Hub,Pharma Biologics & Vaccines,180408.0,967,Long Haul,39.56,44.43,4.0,5.3,9.53,5.0,18.34,0.389,2,9,94.1,32,6.91,6.49,0,0.0014,Low Risk (Safe),OPTIMAL: Thermal Profile Compliant; Clear for Immediate Inbound Put-away
SHP-1468,AB-REEFER-8468,PolarTrans Logistics,Gujarat BioPharma Park,Delhi NCR Mega Fulfillment,Fresh Dairy & Perishables,13672.75,1043,Cross-Country,38.82,42.49,2.5,3.87,11.5,4.2,17.93,0.342,12,99,72.5,117,6.77,100.0,1,0.9837,Critical Risk (Immediate Action),CRITICAL: High Quality Degradation Detected; Expedite Destination QA Inspection
SHP-1469,AB-REEFER-8469,PolarTrans Logistics,Maharashtra Distribution Center,Delhi NCR Mega Fulfillment,Fresh Dairy & Perishables,27888.05,605,Mid Haul,27.29,33.01,2.5,4.08,5.72,7.9,13.38,0.904,1,7,88.6,24,4.7,8.68,0,0.0027,Low Risk (Safe),OPTIMAL: Thermal Profile Compliant; Clear for Immediate Inbound Put-away
SHP-1470,AB-REEFER-8470,ThermoHaul Freight,AB InBev Brewery - Bengaluru Hub,Kolkata Eastern Terminal,Pasteurized Keg Beer / Premium Lager,35406.82,739,Long Haul,40.57,45.53,3.5,6.48,13.89,4.6,16.7,0.507,8,79,72.0,120,9.3,58.87,1,0.9702,Critical Risk (Immediate Action),CRITICAL: Inspect for Flavour Skunking & Colloidal Haze at Inbound Gate; Reroute to Priority Cross-Dock
SHP-1471,AB-REEFER-8471,ColdFleet Express,Haryana Bottling Facility,Delhi NCR Mega Fulfillment,Pasteurized Keg Beer / Premium Lager,33259.24,298,Short Haul,27.01,32.12,3.5,5.59,14.73,5.7,6.48,0.896,8,106,78.4,190,9.06,53.62,1,0.9804,Critical Risk (Immediate Action),CRITICAL: Inspect for Flavour Skunking & Colloidal Haze at Inbound Gate; Reroute to Priority Cross-Dock
SHP-1472,AB-REEFER-8472,ColdFleet Express,AB InBev Brewery - Bengaluru Hub,Kolkata Eastern Terminal,Pasteurized Keg Beer / Premium Lager,38774.15,198,Short Haul,28.58,32.02,3.5,4.66,7.31,4.0,3.64,0.282,1,7,97.0,0,5.67,2.31,0,0.0013,Low Risk (Safe),OPTIMAL: Thermal Profile Compliant; Clear for Immediate Inbound Put-away
SHP-1473,AB-REEFER-8473,ArcticLogistics Global,Haryana Bottling Facility,Kolkata Eastern Terminal,Pasteurized Keg Beer / Premium Lager,25789.24,577,Mid Haul,31.95,37.4,3.5,5.38,9.42,6.1,14.13,0.393,3,39,84.8,38,6.92,1.07,0,0.0019,Low Risk (Safe),OPTIMAL: Thermal Profile Compliant; Clear for Immediate Inbound Put-away
SHP-1474,AB-REEFER-8474,ColdFleet Express,Maharashtra Distribution Center,Delhi NCR Mega Fulfillment,Pasteurized Keg Beer / Premium Lager,40727.9,1195,Cross-Country,28.77,31.85,3.5,4.51,9.03,3.5,23.42,0.541,3,27,95.8,43,6.23,19.4,0,0.0014,Low Risk (Safe),OPTIMAL: Thermal Profile Compliant; Clear for Immediate Inbound Put-away
SHP-1475,AB-REEFER-8475,ArcticLogistics Global,AB InBev Brewery - Bengaluru Hub,Goa Coastal Transit Hub,Pasteurized Keg Beer / Premium Lager,49922.27,394,Mid Haul,33.66,37.86,3.5,5.11,14.11,6.4,6.33,0.494,12,131,78.0,121,8.53,51.63,1,0.9734,Critical Risk (Immediate Action),CRITICAL: Inspect for Flavour Skunking & Colloidal Haze at Inbound Gate; Reroute to Priority Cross-Dock
SHP-1476,AB-REEFER-8476,ColdFleet Express,AB InBev Brewery - Bengaluru Hub,Delhi NCR Mega Fulfillment,Pasteurized Keg Beer / Premium Lager,34303.42,564,Mid Haul,33.08,39.92,3.5,5.45,9.53,5.4,14.05,0.767,2,17,64.1,41,7.0,35.52,0,0.0047,Low Risk (Safe),OPTIMAL: Thermal Profile Compliant; Clear for Immediate Inbound Put-away
SHP-1477,AB-REEFER-8477,ThermoHaul Freight,Haryana Bottling Facility,Hyderabad Metro Depot,Fresh Dairy & Perishables,13289.62,1145,Cross-Country,37.84,43.97,2.5,3.56,7.39,8.1,27.46,0.222,2,23,85.4,38,5.02,10.91,0,0.003,Low Risk (Safe),OPTIMAL: Thermal Profile Compliant; Clear for Immediate Inbound Put-away
SHP-1478,AB-REEFER-8478,ArcticLogistics Global,Punjab Regional Cold Hub,Kolkata Eastern Terminal,Pharma Biologics & Vaccines,259127.1,749,Long Haul,40.59,47.06,4.0,6.34,11.1,1.9,11.83,0.89,5,24,88.2,56,8.15,12.09,0,0.0036,Low Risk (Safe),OPTIMAL: Thermal Profile Compliant; Clear for Immediate Inbound Put-away
SHP-1479,AB-REEFER-8479,ColdFleet Express,Punjab Regional Cold Hub,Kolkata Eastern Terminal,Frozen Foods & Confectionery,31081.68,1376,Cross-Country,27.47,32.57,-20.0,-18.01,-11.85,0.9,29.09,0.591,16,79,98.1,91,-15.67,44.24,0,0.0081,Low Risk (Safe),OPTIMAL: Thermal Profile Compliant; Clear for Immediate Inbound Put-away
SHP-1480,AB-REEFER-8480,ArcticLogistics Global,Maharashtra Distribution Center,Kolkata Eastern Terminal,Frozen Foods & Confectionery,38971.52,1101,Cross-Country,37.45,41.77,-20.0,-19.59,-11.21,6.8,21.26,0.577,8,90,98.9,82,-16.41,43.54,0,0.0141,Low Risk (Safe),OPTIMAL: Thermal Profile Compliant; Clear for Immediate Inbound Put-away
SHP-1481,AB-REEFER-8481,ThermoHaul Freight,Maharashtra Distribution Center,Hyderabad Metro Depot,Fresh Dairy & Perishables,20519.05,989,Long Haul,27.83,34.54,2.5,3.31,8.22,4.5,19.73,0.303,5,30,89.8,74,5.18,44.74,0,0.0087,Low Risk (Safe),OPTIMAL: Thermal Profile Compliant; Clear for Immediate Inbound Put-away
SHP-1482,AB-REEFER-8482,ThermoHaul Freight,Haryana Bottling Facility,Delhi NCR Mega Fulfillment,Fresh Dairy & Perishables,33444.21,223,Short Haul,36.37,41.03,2.5,3.94,8.62,5.5,5.25,0.939,5,41,70.7,204,5.72,52.46,1,0.9056,Critical Risk (Immediate Action),CRITICAL: High Quality Degradation Detected; Expedite Destination QA Inspection
SHP-1483,AB-REEFER-8483,PolarTrans Logistics,Gujarat BioPharma Park,Goa Coastal Transit Hub,Pasteurized Keg Beer / Premium Lager,25440.82,297,Short Haul,32.03,38.25,3.5,3.93,7.97,7.2,6.89,0.507,3,20,95.7,0,5.47,0.0,0,0.0014,Low Risk (Safe),OPTIMAL: Thermal Profile Compliant; Clear for Immediate Inbound Put-away
SHP-1484,AB-REEFER-8484,ColdFleet Express,Punjab Regional Cold Hub,Mumbai Urban Distribution Center,Pasteurized Keg Beer / Premium Lager,29825.07,768,Long Haul,26.37,29.58,3.5,4.41,12.47,4.0,18.31,0.262,8,104,95.9,85,7.47,26.93,0,0.0274,Low Risk (Safe),OPTIMAL: Thermal Profile Compliant; Clear for Immediate Inbound Put-away
SHP-1485,AB-REEFER-8485,PolarTrans Logistics,Maharashtra Distribution Center,Goa Coastal Transit Hub,Frozen Foods & Confectionery,40950.65,609,Mid Haul,28.96,32.25,-20.0,-18.73,-12.7,6.2,14.53,0.553,12,81,73.5,40,-16.44,9.54,0,0.0045,Low Risk (Safe),OPTIMAL: Thermal Profile Compliant; Clear for Immediate Inbound Put-away
SHP-1486,AB-REEFER-8486,ThermoHaul Freight,Haryana Bottling Facility,Kolkata Eastern Terminal,Fresh Dairy & Perishables,12783.92,418,Mid Haul,41.59,44.16,2.5,4.49,8.1,8.2,8.32,0.478,3,34,69.3,72,5.86,47.22,0,0.0746,Low Risk (Safe),OPTIMAL: Thermal Profile Compliant; Clear for Immediate Inbound Put-away
SHP-1487,AB-REEFER-8487,ArcticLogistics Global,Haryana Bottling Facility,Goa Coastal Transit Hub,Frozen Foods & Confectionery,16240.6,1043,Cross-Country,41.62,47.24,-20.0,-18.83,-15.71,1.7,25.79,0.361,1,10,73.1,0,-17.64,10.98,0,0.0015,Low Risk (Safe),OPTIMAL: Thermal Profile Compliant; Clear for Immediate Inbound Put-away
SHP-1488,AB-REEFER-8488,PolarTrans Logistics,Gujarat BioPharma Park,Mumbai Urban Distribution Center,Pasteurized Keg Beer / Premium Lager,41975.52,598,Mid Haul,39.34,43.25,3.5,5.19,10.6,1.4,10.77,0.511,3,32,98.7,87,7.25,27.53,0,0.0083,Low Risk (Safe),OPTIMAL: Thermal Profile Compliant; Clear for Immediate Inbound Put-away
SHP-1489,AB-REEFER-8489,PolarTrans Logistics,Maharashtra Distribution Center,Goa Coastal Transit Hub,Pharma Biologics & Vaccines,151648.44,520,Mid Haul,37.11,42.55,4.0,5.28,9.11,2.1,8.26,0.616,3,21,88.0,32,6.74,9.42,0,0.002,Low Risk (Safe),OPTIMAL: Thermal Profile Compliant; Clear for Immediate Inbound Put-away
SHP-1490,AB-REEFER-8490,PolarTrans Logistics,Haryana Bottling Facility,Delhi NCR Mega Fulfillment,Pharma Biologics & Vaccines,169791.53,486,Mid Haul,32.15,38.91,4.0,6.45,17.11,6.7,8.4,0.902,16,156,86.2,290,10.5,100.0,1,0.9947,Critical Risk (Immediate Action),CRITICAL: Quash for Biologics Potency & Cold-Chain Excursion Audit; Do Not Release to Cold-Room
SHP-1491,AB-REEFER-8491,ColdFleet Express,Punjab Regional Cold Hub,Delhi NCR Mega Fulfillment,Pasteurized Keg Beer / Premium Lager,41443.32,523,Mid Haul,35.0,41.31,3.5,5.47,8.85,7.4,11.01,0.42,2,21,70.5,75,6.75,26.93,0,0.0172,Low Risk (Safe),OPTIMAL: Thermal Profile Compliant; Clear for Immediate Inbound Put-away
SHP-1492,AB-REEFER-8492,PolarTrans Logistics,Haryana Bottling Facility,Goa Coastal Transit Hub,Pasteurized Keg Beer / Premium Lager,46004.14,743,Long Haul,30.29,34.49,3.5,4.32,8.58,7.8,13.92,0.376,8,50,87.8,65,5.94,32.07,0,0.0121,Low Risk (Safe),OPTIMAL: Thermal Profile Compliant; Clear for Immediate Inbound Put-away
SHP-1493,AB-REEFER-8493,ColdFleet Express,Haryana Bottling Facility,Kolkata Eastern Terminal,Pasteurized Keg Beer / Premium Lager,29625.49,852,Long Haul,41.06,44.64,3.5,4.25,7.97,8.4,14.55,0.28,1,10,73.9,0,5.66,7.55,0,0.0016,Low Risk (Safe),OPTIMAL: Thermal Profile Compliant; Clear for Immediate Inbound Put-away
SHP-1494,AB-REEFER-8494,ArcticLogistics Global,Maharashtra Distribution Center,Delhi NCR Mega Fulfillment,Pharma Biologics & Vaccines,141919.87,329,Mid Haul,32.44,38.69,4.0,5.35,8.63,1.1,6.54,0.684,1,9,90.1,62,6.6,45.83,0,0.0084,Low Risk (Safe),OPTIMAL: Thermal Profile Compliant; Clear for Immediate Inbound Put-away
SHP-1495,AB-REEFER-8495,ColdFleet Express,Haryana Bottling Facility,Kolkata Eastern Terminal,Pasteurized Keg Beer / Premium Lager,41048.4,582,Mid Haul,33.69,39.79,3.5,6.06,11.62,8.0,13.95,0.684,5,41,72.4,188,8.17,44.04,0,0.2727,Low Risk (Safe),OPTIMAL: Thermal Profile Compliant; Clear for Immediate Inbound Put-away
SHP-1496,AB-REEFER-8496,ColdFleet Express,Punjab Regional Cold Hub,Hyderabad Metro Depot,Frozen Foods & Confectionery,28032.87,483,Mid Haul,41.15,47.28,-20.0,-17.96,-13.85,0.6,13.18,0.834,3,20,80.0,20,-16.4,16.69,0,0.0024,Low Risk (Safe),OPTIMAL: Thermal Profile Compliant; Clear for Immediate Inbound Put-away
SHP-1497,AB-REEFER-8497,ThermoHaul Freight,Punjab Regional Cold Hub,Delhi NCR Mega Fulfillment,Pharma Biologics & Vaccines,222759.78,521,Mid Haul,33.58,38.67,4.0,4.84,10.57,5.2,7.74,0.778,5,36,82.8,72,7.02,45.03,0,0.0137,Low Risk (Safe),OPTIMAL: Thermal Profile Compliant; Clear for Immediate Inbound Put-away
SHP-1498,AB-REEFER-8498,PolarTrans Logistics,Punjab Regional Cold Hub,Delhi NCR Mega Fulfillment,Frozen Foods & Confectionery,17029.48,643,Mid Haul,40.48,47.07,-20.0,-17.82,-12.08,6.3,12.42,0.947,5,49,72.3,91,-15.64,46.25,0,0.096,Low Risk (Safe),OPTIMAL: Thermal Profile Compliant; Clear for Immediate Inbound Put-away
SHP-1499,AB-REEFER-8499,ColdFleet Express,Gujarat BioPharma Park,Delhi NCR Mega Fulfillment,Pasteurized Keg Beer / Premium Lager,35793.18,1012,Cross-Country,30.79,36.44,3.5,4.09,6.5,6.0,17.03,0.252,1,9,93.3,0,5.01,2.89,0,0.0015,Low Risk (Safe),OPTIMAL: Thermal Profile Compliant; Clear for Immediate Inbound Put-away
SHP-1500,AB-REEFER-8500,ThermoHaul Freight,AB InBev Brewery - Bengaluru Hub,Hyderabad Metro Depot,Pasteurized Keg Beer / Premium Lager,33978.26,535,Mid Haul,37.94,41.11,3.5,5.6,8.54,3.0,12.34,0.605,1,11,69.8,12,6.72,9.13,0,0.0022,Low Risk (Safe),OPTIMAL: Thermal Profile Compliant; Clear for Immediate Inbound Put-away
SHP-1501,AB-REEFER-8501,ArcticLogistics Global,Gujarat BioPharma Park,Delhi NCR Mega Fulfillment,Pharma Biologics & Vaccines,277373.61,446,Mid Haul,28.44,32.77,4.0,5.55,11.11,2.1,8.98,0.673,3,36,64.8,111,7.66,50.32,1,0.889,Critical Risk (Immediate Action),CRITICAL: Quash for Biologics Potency & Cold-Chain Excursion Audit; Do Not Release to Cold-Room
SHP-1502,AB-REEFER-8502,ThermoHaul Freight,Haryana Bottling Facility,Goa Coastal Transit Hub,Pasteurized Keg Beer / Premium Lager,38918.25,485,Mid Haul,32.47,37.42,3.5,4.47,8.67,3.3,11.22,0.779,1,12,94.3,35,6.07,2.78,0,0.0018,Low Risk (Safe),OPTIMAL: Thermal Profile Compliant; Clear for Immediate Inbound Put-away
SHP-1503,AB-REEFER-8503,PolarTrans Logistics,Maharashtra Distribution Center,Kolkata Eastern Terminal,Pasteurized Keg Beer / Premium Lager,50631.57,669,Long Haul,38.39,41.47,3.5,5.67,8.36,5.0,15.2,0.214,2,10,77.2,39,6.69,5.55,0,0.0016,Low Risk (Safe),OPTIMAL: Thermal Profile Compliant; Clear for Immediate Inbound Put-away
SHP-1504,AB-REEFER-8504,ThermoHaul Freight,Maharashtra Distribution Center,Hyderabad Metro Depot,Pharma Biologics & Vaccines,131506.63,340,Mid Haul,38.8,43.81,4.0,5.91,13.45,6.1,5.34,0.793,12,73,64.4,246,8.78,100.0,1,0.993,Critical Risk (Immediate Action),CRITICAL: Quash for Biologics Potency & Cold-Chain Excursion Audit; Do Not Release to Cold-Room
SHP-1505,AB-REEFER-8505,ArcticLogistics Global,Maharashtra Distribution Center,Mumbai Urban Distribution Center,Pasteurized Keg Beer / Premium Lager,24566.06,528,Mid Haul,30.74,33.93,3.5,4.71,6.66,4.2,11.99,0.35,1,9,89.3,0,5.45,9.06,0,0.0018,Low Risk (Safe),OPTIMAL: Thermal Profile Compliant; Clear for Immediate Inbound Put-away
SHP-1506,AB-REEFER-8506,ArcticLogistics Global,Punjab Regional Cold Hub,Kolkata Eastern Terminal,Pharma Biologics & Vaccines,138323.6,381,Mid Haul,40.27,47.61,4.0,5.4,9.35,8.1,9.93,0.289,3,25,80.8,27,6.9,10.71,0,0.0017,Low Risk (Safe),OPTIMAL: Thermal Profile Compliant; Clear for Immediate Inbound Put-away
SHP-1507,AB-REEFER-8507,ColdFleet Express,AB InBev Brewery - Bengaluru Hub,Mumbai Urban Distribution Center,Frozen Foods & Confectionery,33582.84,792,Long Haul,34.11,38.0,-20.0,-17.63,-12.08,5.5,14.62,0.264,3,35,62.9,57,-15.52,8.08,0,0.005,Low Risk (Safe),OPTIMAL: Thermal Profile Compliant; Clear for Immediate Inbound Put-away
SHP-1508,AB-REEFER-8508,PolarTrans Logistics,Maharashtra Distribution Center,Hyderabad Metro Depot,Pasteurized Keg Beer / Premium Lager,25930.86,472,Mid Haul,30.72,34.53,3.5,5.45,11.2,5.6,8.3,0.894,5,40,91.0,80,7.63,26.87,0,0.0102,Low Risk (Safe),OPTIMAL: Thermal Profile Compliant; Clear for Immediate Inbound Put-away
SHP-1509,AB-REEFER-8509,ThermoHaul Freight,Haryana Bottling Facility,Delhi NCR Mega Fulfillment,Pasteurized Keg Beer / Premium Lager,35553.07,891,Long Haul,39.73,45.1,3.5,5.9,8.8,5.4,12.85,0.598,2,10,64.2,48,7.0,33.75,0,0.002,Low Risk (Safe),OPTIMAL: Thermal Profile Compliant; Clear for Immediate Inbound Put-away
SHP-1510,AB-REEFER-8510,ArcticLogistics Global,Haryana Bottling Facility,Mumbai Urban Distribution Center,Pasteurized Keg Beer / Premium Lager,42692.64,384,Mid Haul,35.5,41.74,3.5,4.69,10.85,1.7,6.63,0.832,5,59,71.1,55,7.03,29.42,0,0.0037,Low Risk (Safe),OPTIMAL: Thermal Profile Compliant; Clear for Immediate Inbound Put-away
SHP-1511,AB-REEFER-8511,ArcticLogistics Global,AB InBev Brewery - Bengaluru Hub,Kolkata Eastern Terminal,Fresh Dairy & Perishables,15571.04,416,Mid Haul,29.29,34.25,2.5,3.18,5.42,2.4,11.01,0.596,3,14,67.8,0,4.03,14.33,0,0.0058,Low Risk (Safe),OPTIMAL: Thermal Profile Compliant; Clear for Immediate Inbound Put-away
SHP-1512,AB-REEFER-8512,ThermoHaul Freight,Punjab Regional Cold Hub,Goa Coastal Transit Hub,Pasteurized Keg Beer / Premium Lager,41549.56,888,Long Haul,29.75,32.98,3.5,5.14,8.98,5.5,15.56,0.431,1,9,73.2,22,6.6,15.19,0,0.0014,Low Risk (Safe),OPTIMAL: Thermal Profile Compliant; Clear for Immediate Inbound Put-away
SHP-1513,AB-REEFER-8513,ColdFleet Express,Gujarat BioPharma Park,Hyderabad Metro Depot,Pharma Biologics & Vaccines,228503.43,805,Long Haul,36.42,39.39,4.0,5.11,10.29,6.1,17.12,0.714,3,38,87.4,88,7.08,46.36,0,0.0228,Low Risk (Safe),OPTIMAL: Thermal Profile Compliant; Clear for Immediate Inbound Put-away
SHP-1514,AB-REEFER-8514,PolarTrans Logistics,Punjab Regional Cold Hub,Mumbai Urban Distribution Center,Fresh Dairy & Perishables,26033.84,1037,Cross-Country,41.25,48.65,2.5,4.19,7.86,0.5,24.76,0.916,3,17,98.8,72,5.58,42.84,0,0.0123,Low Risk (Safe),OPTIMAL: Thermal Profile Compliant; Clear for Immediate Inbound Put-away
SHP-1515,AB-REEFER-8515,ThermoHaul Freight,Punjab Regional Cold Hub,Mumbai Urban Distribution Center,Pharma Biologics & Vaccines,131974.38,499,Mid Haul,36.72,43.79,4.0,5.34,7.94,3.3,9.72,0.376,3,20,67.0,0,6.33,12.49,0,0.0017,Low Risk (Safe),OPTIMAL: Thermal Profile Compliant; Clear for Immediate Inbound Put-away
SHP-1516,AB-REEFER-8516,ColdFleet Express,Punjab Regional Cold Hub,Goa Coastal Transit Hub,Pharma Biologics & Vaccines,184499.14,774,Long Haul,36.65,39.48,4.0,5.06,9.16,7.5,13.35,0.859,5,25,66.9,34,6.62,10.74,0,0.0025,Low Risk (Safe),OPTIMAL: Thermal Profile Compliant; Clear for Immediate Inbound Put-away
SHP-1517,AB-REEFER-8517,ThermoHaul Freight,Maharashtra Distribution Center,Goa Coastal Transit Hub,Pharma Biologics & Vaccines,251536.34,442,Mid Haul,30.94,35.13,4.0,4.97,10.62,2.1,6.54,0.371,12,77,96.9,112,7.12,45.1,0,0.0599,Low Risk (Safe),OPTIMAL: Thermal Profile Compliant; Clear for Immediate Inbound Put-away
SHP-1518,AB-REEFER-8518,ColdFleet Express,Haryana Bottling Facility,Kolkata Eastern Terminal,Fresh Dairy & Perishables,28963.24,426,Mid Haul,41.44,45.24,2.5,3.42,8.24,7.0,10.12,0.244,2,26,83.7,71,5.25,38.85,0,0.0547,Low Risk (Safe),OPTIMAL: Thermal Profile Compliant; Clear for Immediate Inbound Put-away
SHP-1519,AB-REEFER-8519,ArcticLogistics Global,Gujarat BioPharma Park,Mumbai Urban Distribution Center,Pasteurized Keg Beer / Premium Lager,49111.9,942,Long Haul,27.57,30.59,3.5,4.1,8.05,6.9,17.21,0.489,1,10,92.3,76,5.6,23.01,0,0.004,Low Risk (Safe),OPTIMAL: Thermal Profile Compliant; Clear for Immediate Inbound Put-away
SHP-1520,AB-REEFER-8520,ColdFleet Express,Haryana Bottling Facility,Mumbai Urban Distribution Center,Fresh Dairy & Perishables,23091.84,578,Mid Haul,41.22,45.82,2.5,5.28,9.33,7.6,9.08,0.753,1,6,81.2,142,6.82,50.85,1,0.0902,Low Risk (Safe),OPTIMAL: Thermal Profile Compliant; Clear for Immediate Inbound Put-away
SHP-1521,AB-REEFER-8521,ColdFleet Express,Haryana Bottling Facility,Delhi NCR Mega Fulfillment,Pasteurized Keg Beer / Premium Lager,30309.41,349,Mid Haul,29.54,33.94,3.5,4.74,6.47,6.6,6.66,0.185,1,6,67.3,0,5.4,6.04,0,0.0016,Low Risk (Safe),OPTIMAL: Thermal Profile Compliant; Clear for Immediate Inbound Put-away
SHP-1522,AB-REEFER-8522,ColdFleet Express,Punjab Regional Cold Hub,Delhi NCR Mega Fulfillment,Fresh Dairy & Perishables,18520.39,131,Short Haul,35.98,39.08,2.5,3.62,7.1,1.1,2.21,0.839,8,35,92.5,54,4.94,6.02,0,0.0049,Low Risk (Safe),OPTIMAL: Thermal Profile Compliant; Clear for Immediate Inbound Put-away
SHP-1523,AB-REEFER-8523,ArcticLogistics Global,Gujarat BioPharma Park,Hyderabad Metro Depot,Fresh Dairy & Perishables,17075.31,750,Long Haul,32.45,39.31,2.5,2.86,5.13,0.7,16.58,0.274,1,12,98.4,0,3.72,3.0,0,0.0027,Low Risk (Safe),OPTIMAL: Thermal Profile Compliant; Clear for Immediate Inbound Put-away
SHP-1524,AB-REEFER-8524,ColdFleet Express,Punjab Regional Cold Hub,Hyderabad Metro Depot,Frozen Foods & Confectionery,33405.17,152,Short Haul,30.87,35.64,-20.0,-18.38,-14.42,1.3,3.46,0.348,12,48,86.0,0,-16.88,12.16,0,0.0017,Low Risk (Safe),OPTIMAL: Thermal Profile Compliant; Clear for Immediate Inbound Put-away
SHP-1525,AB-REEFER-8525,ThermoHaul Freight,Gujarat BioPharma Park,Delhi NCR Mega Fulfillment,Pasteurized Keg Beer / Premium Lager,43132.95,588,Mid Haul,33.27,38.07,3.5,5.45,10.94,5.9,14.14,0.298,5,61,76.6,57,7.54,32.78,0,0.0044,Low Risk (Safe),OPTIMAL: Thermal Profile Compliant; Clear for Immediate Inbound Put-away
SHP-1526,AB-REEFER-8526,ArcticLogistics Global,Punjab Regional Cold Hub,Kolkata Eastern Terminal,Pasteurized Keg Beer / Premium Lager,38104.27,290,Short Haul,36.38,42.43,3.5,4.92,8.14,5.7,4.83,0.318,1,7,69.6,87,6.14,27.36,0,0.0141,Low Risk (Safe),OPTIMAL: Thermal Profile Compliant; Clear for Immediate Inbound Put-away
SHP-1527,AB-REEFER-8527,ArcticLogistics Global,AB InBev Brewery - Bengaluru Hub,Kolkata Eastern Terminal,Fresh Dairy & Perishables,33361.71,414,Mid Haul,34.79,38.2,2.5,4.14,8.01,7.2,9.8,0.381,3,38,76.5,64,5.61,49.56,0,0.0359,Low Risk (Safe),OPTIMAL: Thermal Profile Compliant; Clear for Immediate Inbound Put-away
SHP-1528,AB-REEFER-8528,ColdFleet Express,Maharashtra Distribution Center,Hyderabad Metro Depot,Frozen Foods & Confectionery,29832.19,600,Mid Haul,32.86,38.87,-20.0,-17.67,-9.74,7.3,11.65,0.442,12,85,68.6,181,-14.66,52.86,1,0.8895,Critical Risk (Immediate Action),CRITICAL: High Quality Degradation Detected; Expedite Destination QA Inspection
SHP-1529,AB-REEFER-8529,PolarTrans Logistics,Haryana Bottling Facility,Hyderabad Metro Depot,Pharma Biologics & Vaccines,119489.29,257,Short Haul,32.4,35.98,4.0,5.91,10.53,2.9,4.41,0.89,5,42,78.1,195,7.67,40.88,0,0.1372,Low Risk (Safe),OPTIMAL: Thermal Profile Compliant; Clear for Immediate Inbound Put-away
SHP-1530,AB-REEFER-8530,ArcticLogistics Global,AB InBev Brewery - Bengaluru Hub,Goa Coastal Transit Hub,Pharma Biologics & Vaccines,102585.51,190,Short Haul,33.32,39.51,4.0,5.27,9.34,1.8,3.71,0.487,2,22,70.3,48,6.82,11.86,0,0.0017,Low Risk (Safe),OPTIMAL: Thermal Profile Compliant; Clear for Immediate Inbound Put-away
SHP-1531,AB-REEFER-8531,PolarTrans Logistics,Haryana Bottling Facility,Delhi NCR Mega Fulfillment,Frozen Foods & Confectionery,21759.02,840,Long Haul,40.45,45.41,-20.0,-18.32,-15.84,5.9,17.65,0.631,3,23,73.8,0,-17.38,19.97,0,0.0019,Low Risk (Safe),OPTIMAL: Thermal Profile Compliant; Clear for Immediate Inbound Put-away
SHP-1532,AB-REEFER-8532,ThermoHaul Freight,Maharashtra Distribution Center,Mumbai Urban Distribution Center,Pharma Biologics & Vaccines,125700.53,412,Mid Haul,35.05,37.8,4.0,5.46,11.03,6.9,8.93,0.314,3,34,85.8,131,7.58,42.93,0,0.1075,Low Risk (Safe),OPTIMAL: Thermal Profile Compliant; Clear for Immediate Inbound Put-away
SHP-1533,AB-REEFER-8533,ColdFleet Express,Gujarat BioPharma Park,Hyderabad Metro Depot,Pharma Biologics & Vaccines,270838.46,1152,Cross-Country,26.3,30.58,4.0,5.74,11.82,7.5,24.39,0.934,12,65,93.3,82,8.05,40.92,0,0.062,Low Risk (Safe),OPTIMAL: Thermal Profile Compliant; Clear for Immediate Inbound Put-away
SHP-1534,AB-REEFER-8534,ColdFleet Express,Punjab Regional Cold Hub,Kolkata Eastern Terminal,Frozen Foods & Confectionery,19876.4,380,Mid Haul,33.75,36.91,-20.0,-18.5,-12.26,4.3,8.69,0.408,5,49,82.7,42,-16.13,10.94,0,0.002,Low Risk (Safe),OPTIMAL: Thermal Profile Compliant; Clear for Immediate Inbound Put-away
SHP-1535,AB-REEFER-8535,ColdFleet Express,Gujarat BioPharma Park,Goa Coastal Transit Hub,Pharma Biologics & Vaccines,206217.69,366,Mid Haul,29.58,35.28,4.0,5.6,8.8,8.3,5.41,0.312,3,31,82.7,73,6.82,48.85,0,0.0092,Low Risk (Safe),OPTIMAL: Thermal Profile Compliant; Clear for Immediate Inbound Put-away
SHP-1536,AB-REEFER-8536,ArcticLogistics Global,Maharashtra Distribution Center,Hyderabad Metro Depot,Pasteurized Keg Beer / Premium Lager,41190.64,627,Mid Haul,26.05,29.82,3.5,5.63,9.23,2.7,13.66,0.427,5,41,97.8,70,7.0,22.35,0,0.0045,Low Risk (Safe),OPTIMAL: Thermal Profile Compliant; Clear for Immediate Inbound Put-away
SHP-1537,AB-REEFER-8537,ColdFleet Express,Punjab Regional Cold Hub,Hyderabad Metro Depot,Pasteurized Keg Beer / Premium Lager,38718.59,316,Mid Haul,27.07,29.64,3.5,4.79,6.87,7.6,6.33,0.396,1,11,82.1,0,5.58,8.33,0,0.0015,Low Risk (Safe),OPTIMAL: Thermal Profile Compliant; Clear for Immediate Inbound Put-away
SHP-1538,AB-REEFER-8538,PolarTrans Logistics,AB InBev Brewery - Bengaluru Hub,Kolkata Eastern Terminal,Fresh Dairy & Perishables,33323.92,645,Mid Haul,41.29,45.85,2.5,4.11,14.0,7.1,12.48,0.222,12,141,83.2,163,7.87,100.0,1,0.9958,Critical Risk (Immediate Action),CRITICAL: High Quality Degradation Detected; Expedite Destination QA Inspection
SHP-1539,AB-REEFER-8539,ArcticLogistics Global,Gujarat BioPharma Park,Mumbai Urban Distribution Center,Pasteurized Keg Beer / Premium Lager,35155.04,685,Long Haul,30.59,33.57,3.5,4.77,7.69,7.6,13.79,0.817,5,20,98.9,0,5.88,11.88,0,0.0019,Low Risk (Safe),OPTIMAL: Thermal Profile Compliant; Clear for Immediate Inbound Put-away
SHP-1540,AB-REEFER-8540,PolarTrans Logistics,Haryana Bottling Facility,Goa Coastal Transit Hub,Pasteurized Keg Beer / Premium Lager,36503.8,345,Mid Haul,32.13,37.19,3.5,4.95,9.77,7.6,4.57,0.483,2,20,92.3,135,6.78,44.95,0,0.0917,Low Risk (Safe),OPTIMAL: Thermal Profile Compliant; Clear for Immediate Inbound Put-away
SHP-1541,AB-REEFER-8541,PolarTrans Logistics,Maharashtra Distribution Center,Hyderabad Metro Depot,Pharma Biologics & Vaccines,168517.69,566,Mid Haul,33.86,37.2,4.0,5.19,8.62,4.1,11.19,0.811,1,10,81.1,17,6.49,13.55,0,0.0017,Low Risk (Safe),OPTIMAL: Thermal Profile Compliant; Clear for Immediate Inbound Put-away
SHP-1542,AB-REEFER-8542,ThermoHaul Freight,Maharashtra Distribution Center,Mumbai Urban Distribution Center,Pasteurized Keg Beer / Premium Lager,32043.87,944,Long Haul,37.29,43.29,3.5,4.57,7.26,8.4,20.47,0.218,1,12,79.1,0,5.59,11.43,0,0.0017,Low Risk (Safe),OPTIMAL: Thermal Profile Compliant; Clear for Immediate Inbound Put-away
SHP-1543,AB-REEFER-8543,PolarTrans Logistics,Haryana Bottling Facility,Mumbai Urban Distribution Center,Fresh Dairy & Perishables,19193.49,577,Mid Haul,35.55,42.14,2.5,4.32,6.61,4.3,8.39,0.893,2,15,90.6,31,5.19,13.98,0,0.0042,Low Risk (Safe),OPTIMAL: Thermal Profile Compliant; Clear for Immediate Inbound Put-away
SHP-1544,AB-REEFER-8544,ArcticLogistics Global,Haryana Bottling Facility,Delhi NCR Mega Fulfillment,Pharma Biologics & Vaccines,228482.14,1235,Cross-Country,31.26,37.25,4.0,5.31,9.14,7.0,30.03,0.799,1,6,71.2,31,6.77,16.69,0,0.0016,Low Risk (Safe),OPTIMAL: Thermal Profile Compliant; Clear for Immediate Inbound Put-away
SHP-1545,AB-REEFER-8545,ThermoHaul Freight,Haryana Bottling Facility,Hyderabad Metro Depot,Pharma Biologics & Vaccines,160969.68,656,Long Haul,39.87,43.92,4.0,4.81,9.3,1.1,14.62,0.204,3,39,83.7,40,6.52,5.09,0,0.002,Low Risk (Safe),OPTIMAL: Thermal Profile Compliant; Clear for Immediate Inbound Put-away
SHP-1546,AB-REEFER-8546,ThermoHaul Freight,Punjab Regional Cold Hub,Hyderabad Metro Depot,Fresh Dairy & Perishables,25693.76,295,Short Haul,26.83,31.24,2.5,5.05,9.77,3.6,4.4,0.812,3,28,64.0,131,6.84,50.8,1,0.9498,Critical Risk (Immediate Action),CRITICAL: High Quality Degradation Detected; Expedite Destination QA Inspection
SHP-1547,AB-REEFER-8547,PolarTrans Logistics,Maharashtra Distribution Center,Goa Coastal Transit Hub,Pharma Biologics & Vaccines,98433.91,542,Mid Haul,31.91,36.9,4.0,6.42,12.18,2.2,12.42,0.631,3,39,70.9,78,8.61,99.81,1,0.8646,Critical Risk (Immediate Action),CRITICAL: Quash for Biologics Potency & Cold-Chain Excursion Audit; Do Not Release to Cold-Room
SHP-1548,AB-REEFER-8548,ThermoHaul Freight,Maharashtra Distribution Center,Goa Coastal Transit Hub,Pasteurized Keg Beer / Premium Lager,51797.95,1072,Cross-Country,37.35,44.49,3.5,5.83,9.02,7.4,26.88,0.235,3,27,74.2,171,7.04,50.03,1,0.8158,Critical Risk (Immediate Action),CRITICAL: Inspect for Flavour Skunking & Colloidal Haze at Inbound Gate; Reroute to Priority Cross-Dock
SHP-1549,AB-REEFER-8549,ArcticLogistics Global,Gujarat BioPharma Park,Delhi NCR Mega Fulfillment,Pharma Biologics & Vaccines,175559.18,719,Long Haul,36.81,40.23,4.0,5.9,10.81,3.7,17.97,0.921,5,58,63.7,63,7.77,49.16,0,0.7748,Critical Risk (Immediate Action),CRITICAL: Quash for Biologics Potency & Cold-Chain Excursion Audit; Do Not Release to Cold-Room
SHP-1550,AB-REEFER-8550,ThermoHaul Freight,Punjab Regional Cold Hub,Delhi NCR Mega Fulfillment,Pasteurized Keg Beer / Premium Lager,46028.75,926,Long Haul,38.75,44.09,3.5,5.25,8.04,3.1,17.59,0.628,2,17,96.7,13,6.31,9.72,0,0.0016,Low Risk (Safe),OPTIMAL: Thermal Profile Compliant; Clear for Immediate Inbound Put-away
SHP-1551,AB-REEFER-8551,ColdFleet Express,AB InBev Brewery - Bengaluru Hub,Mumbai Urban Distribution Center,Frozen Foods & Confectionery,16329.87,1098,Cross-Country,31.91,35.7,-20.0,-19.25,-15.42,5.0,24.27,0.575,2,10,82.4,0,-17.79,5.4,0,0.0014,Low Risk (Safe),OPTIMAL: Thermal Profile Compliant; Clear for Immediate Inbound Put-away
SHP-1552,AB-REEFER-8552,ThermoHaul Freight,Maharashtra Distribution Center,Goa Coastal Transit Hub,Pasteurized Keg Beer / Premium Lager,47798.27,407,Mid Haul,41.12,44.02,3.5,5.12,8.56,6.6,7.81,0.711,1,6,71.9,25,6.43,6.52,0,0.0018,Low Risk (Safe),OPTIMAL: Thermal Profile Compliant; Clear for Immediate Inbound Put-away
SHP-1553,AB-REEFER-8553,ArcticLogistics Global,AB InBev Brewery - Bengaluru Hub,Goa Coastal Transit Hub,Pasteurized Keg Beer / Premium Lager,35412.97,1025,Cross-Country,40.95,45.49,3.5,5.02,7.05,1.9,20.36,0.669,1,10,77.2,0,5.79,12.75,0,0.0018,Low Risk (Safe),OPTIMAL: Thermal Profile Compliant; Clear for Immediate Inbound Put-away
SHP-1554,AB-REEFER-8554,ColdFleet Express,Punjab Regional Cold Hub,Hyderabad Metro Depot,Fresh Dairy & Perishables,21964.52,366,Mid Haul,26.35,31.08,2.5,3.61,7.71,8.4,7.36,0.272,2,25,79.5,67,5.17,38.6,0,0.0618,Low Risk (Safe),OPTIMAL: Thermal Profile Compliant; Clear for Immediate Inbound Put-away
SHP-1555,AB-REEFER-8555,ColdFleet Express,AB InBev Brewery - Bengaluru Hub,Kolkata Eastern Terminal,Fresh Dairy & Perishables,26753.95,571,Mid Haul,27.68,34.63,2.5,4.55,14.31,4.0,10.24,0.274,12,143,83.4,176,8.26,99.43,1,0.9949,Critical Risk (Immediate Action),CRITICAL: High Quality Degradation Detected; Expedite Destination QA Inspection
SHP-1556,AB-REEFER-8556,ThermoHaul Freight,Punjab Regional Cold Hub,Hyderabad Metro Depot,Fresh Dairy & Perishables,18308.27,584,Mid Haul,33.63,40.49,2.5,4.1,5.78,0.8,11.3,0.64,1,6,74.3,53,4.74,8.43,0,0.0037,Low Risk (Safe),OPTIMAL: Thermal Profile Compliant; Clear for Immediate Inbound Put-away
SHP-1557,AB-REEFER-8557,ThermoHaul Freight,Gujarat BioPharma Park,Kolkata Eastern Terminal,Pasteurized Keg Beer / Premium Lager,47110.34,740,Long Haul,26.98,34.34,3.5,4.89,9.47,1.3,14.78,0.286,3,16,95.9,48,6.63,27.16,0,0.0017,Low Risk (Safe),OPTIMAL: Thermal Profile Compliant; Clear for Immediate Inbound Put-away
SHP-1558,AB-REEFER-8558,ArcticLogistics Global,Punjab Regional Cold Hub,Goa Coastal Transit Hub,Pasteurized Keg Beer / Premium Lager,36656.89,1313,Cross-Country,34.81,40.78,3.5,5.51,8.49,8.2,20.56,0.413,3,17,65.6,40,6.64,12.04,0,0.0011,Low Risk (Safe),OPTIMAL: Thermal Profile Compliant; Clear for Immediate Inbound Put-away
SHP-1559,AB-REEFER-8559,ColdFleet Express,Gujarat BioPharma Park,Kolkata Eastern Terminal,Pasteurized Keg Beer / Premium Lager,24415.76,945,Long Haul,39.85,45.25,3.5,4.87,16.22,4.2,17.3,0.278,12,162,90.3,188,9.18,100.0,1,0.9892,Critical Risk (Immediate Action),CRITICAL: Inspect for Flavour Skunking & Colloidal Haze at Inbound Gate; Reroute to Priority Cross-Dock
SHP-1560,AB-REEFER-8560,ThermoHaul Freight,Haryana Bottling Facility,Kolkata Eastern Terminal,Fresh Dairy & Perishables,31545.92,271,Short Haul,40.9,46.33,2.5,4.36,6.1,7.2,7.1,0.57,1,7,64.5,21,5.02,12.42,0,0.0039,Low Risk (Safe),OPTIMAL: Thermal Profile Compliant; Clear for Immediate Inbound Put-away
SHP-1561,AB-REEFER-8561,PolarTrans Logistics,Punjab Regional Cold Hub,Mumbai Urban Distribution Center,Pasteurized Keg Beer / Premium Lager,33611.66,995,Long Haul,40.01,44.21,3.5,4.48,7.74,2.1,21.95,0.463,1,11,86.9,0,5.72,1.91,0,0.0014,Low Risk (Safe),OPTIMAL: Thermal Profile Compliant; Clear for Immediate Inbound Put-away
SHP-1562,AB-REEFER-8562,PolarTrans Logistics,Maharashtra Distribution Center,Delhi NCR Mega Fulfillment,Pasteurized Keg Beer / Premium Lager,51249.24,448,Mid Haul,36.64,41.4,3.5,4.81,8.76,1.8,7.56,0.511,5,29,77.1,69,6.31,33.31,0,0.0134,Low Risk (Safe),OPTIMAL: Thermal Profile Compliant; Clear for Immediate Inbound Put-away
SHP-1563,AB-REEFER-8563,ColdFleet Express,AB InBev Brewery - Bengaluru Hub,Hyderabad Metro Depot,Pharma Biologics & Vaccines,191482.8,583,Mid Haul,27.99,34.53,4.0,6.26,11.42,1.7,10.07,0.584,5,36,84.1,75,8.22,46.97,0,0.0732,Low Risk (Safe),OPTIMAL: Thermal Profile Compliant; Clear for Immediate Inbound Put-away
SHP-1564,AB-REEFER-8564,ThermoHaul Freight,AB InBev Brewery - Bengaluru Hub,Kolkata Eastern Terminal,Pasteurized Keg Beer / Premium Lager,27534.67,358,Mid Haul,38.26,43.75,3.5,5.98,9.17,4.5,5.75,0.426,2,25,75.8,32,7.19,13.85,0,0.0015,Low Risk (Safe),OPTIMAL: Thermal Profile Compliant; Clear for Immediate Inbound Put-away
SHP-1565,AB-REEFER-8565,ArcticLogistics Global,Haryana Bottling Facility,Goa Coastal Transit Hub,Pasteurized Keg Beer / Premium Lager,43273.65,568,Mid Haul,41.55,44.86,3.5,4.77,7.56,1.0,13.98,0.33,3,20,83.6,0,5.83,7.2,0,0.0018,Low Risk (Safe),OPTIMAL: Thermal Profile Compliant; Clear for Immediate Inbound Put-away
SHP-1566,AB-REEFER-8566,ThermoHaul Freight,Punjab Regional Cold Hub,Mumbai Urban Distribution Center,Pharma Biologics & Vaccines,136778.31,700,Long Haul,36.77,43.32,4.0,5.72,10.77,7.0,14.93,0.791,3,37,64.2,52,7.64,7.5,0,0.0097,Low Risk (Safe),OPTIMAL: Thermal Profile Compliant; Clear for Immediate Inbound Put-away
SHP-1567,AB-REEFER-8567,ThermoHaul Freight,Haryana Bottling Facility,Hyderabad Metro Depot,Pasteurized Keg Beer / Premium Lager,32225.26,692,Long Haul,37.61,43.53,3.5,4.19,7.61,5.5,13.83,0.476,1,12,94.2,0,5.49,6.31,0,0.0015,Low Risk (Safe),OPTIMAL: Thermal Profile Compliant; Clear for Immediate Inbound Put-away
SHP-1568,AB-REEFER-8568,ColdFleet Express,Maharashtra Distribution Center,Delhi NCR Mega Fulfillment,Fresh Dairy & Perishables,33762.08,426,Mid Haul,40.4,44.33,2.5,3.61,7.79,7.6,8.77,0.712,1,8,87.0,44,5.2,5.61,0,0.0027,Low Risk (Safe),OPTIMAL: Thermal Profile Compliant; Clear for Immediate Inbound Put-away
SHP-1569,AB-REEFER-8569,ColdFleet Express,Punjab Regional Cold Hub,Delhi NCR Mega Fulfillment,Fresh Dairy & Perishables,33240.26,385,Mid Haul,29.26,32.72,2.5,3.72,6.38,0.8,6.67,0.564,1,6,80.7,61,4.73,48.36,0,0.0288,Low Risk (Safe),OPTIMAL: Thermal Profile Compliant; Clear for Immediate Inbound Put-away
SHP-1570,AB-REEFER-8570,ColdFleet Express,Maharashtra Distribution Center,Kolkata Eastern Terminal,Fresh Dairy & Perishables,13906.46,939,Long Haul,30.68,33.41,2.5,3.77,5.78,6.8,21.3,0.621,2,13,77.2,59,4.53,8.92,0,0.0029,Low Risk (Safe),OPTIMAL: Thermal Profile Compliant; Clear for Immediate Inbound Put-away
SHP-1571,AB-REEFER-8571,ArcticLogistics Global,AB InBev Brewery - Bengaluru Hub,Kolkata Eastern Terminal,Pharma Biologics & Vaccines,258306.62,1072,Cross-Country,38.61,43.49,4.0,5.23,9.87,3.0,20.99,0.65,5,42,68.9,42,6.99,15.85,0,0.0023,Low Risk (Safe),OPTIMAL: Thermal Profile Compliant; Clear for Immediate Inbound Put-away
SHP-1572,AB-REEFER-8572,ColdFleet Express,Punjab Regional Cold Hub,Kolkata Eastern Terminal,Frozen Foods & Confectionery,29423.11,593,Mid Haul,30.66,37.35,-20.0,-19.32,-15.32,4.7,13.03,0.889,1,8,92.5,5,-17.8,5.9,0,0.0017,Low Risk (Safe),OPTIMAL: Thermal Profile Compliant; Clear for Immediate Inbound Put-away
SHP-1573,AB-REEFER-8573,PolarTrans Logistics,AB InBev Brewery - Bengaluru Hub,Mumbai Urban Distribution Center,Pharma Biologics & Vaccines,205815.63,232,Short Haul,35.73,42.72,4.0,6.16,8.33,2.0,5.48,0.545,1,12,64.2,60,6.98,13.96,0,0.0022,Low Risk (Safe),OPTIMAL: Thermal Profile Compliant; Clear for Immediate Inbound Put-away
SHP-1574,AB-REEFER-8574,ThermoHaul Freight,Maharashtra Distribution Center,Hyderabad Metro Depot,Fresh Dairy & Perishables,33567.24,1092,Cross-Country,32.9,38.47,2.5,3.47,5.64,4.1,19.47,0.531,1,9,92.3,58,4.29,7.8,0,0.0022,Low Risk (Safe),OPTIMAL: Thermal Profile Compliant; Clear for Immediate Inbound Put-away
SHP-1575,AB-REEFER-8575,ThermoHaul Freight,AB InBev Brewery - Bengaluru Hub,Mumbai Urban Distribution Center,Pasteurized Keg Beer / Premium Lager,42981.1,830,Long Haul,31.21,35.89,3.5,4.52,7.47,2.2,14.58,0.282,2,22,66.7,5,5.64,14.27,0,0.0016,Low Risk (Safe),OPTIMAL: Thermal Profile Compliant; Clear for Immediate Inbound Put-away
SHP-1576,AB-REEFER-8576,ArcticLogistics Global,Haryana Bottling Facility,Mumbai Urban Distribution Center,Pasteurized Keg Beer / Premium Lager,33575.82,548,Mid Haul,29.12,34.18,3.5,4.76,6.4,4.0,10.39,0.42,1,5,80.8,0,5.38,10.55,0,0.0016,Low Risk (Safe),OPTIMAL: Thermal Profile Compliant; Clear for Immediate Inbound Put-away
SHP-1577,AB-REEFER-8577,ColdFleet Express,AB InBev Brewery - Bengaluru Hub,Hyderabad Metro Depot,Pasteurized Keg Beer / Premium Lager,48208.95,713,Long Haul,32.56,36.41,3.5,5.49,10.35,4.4,12.88,0.186,5,39,64.9,130,7.34,54.4,1,0.9326,Critical Risk (Immediate Action),CRITICAL: Inspect for Flavour Skunking & Colloidal Haze at Inbound Gate; Reroute to Priority Cross-Dock
SHP-1578,AB-REEFER-8578,ThermoHaul Freight,Gujarat BioPharma Park,Kolkata Eastern Terminal,Pasteurized Keg Beer / Premium Lager,51523.63,757,Long Haul,40.06,45.51,3.5,5.51,7.71,7.7,17.49,0.51,1,12,74.4,0,6.35,16.48,0,0.0015,Low Risk (Safe),OPTIMAL: Thermal Profile Compliant; Clear for Immediate Inbound Put-away
SHP-1579,AB-REEFER-8579,ColdFleet Express,Maharashtra Distribution Center,Hyderabad Metro Depot,Frozen Foods & Confectionery,22248.1,471,Mid Haul,35.82,41.43,-20.0,-17.94,-15.43,0.9,8.41,0.756,3,12,91.9,0,-16.99,10.81,0,0.0021,Low Risk (Safe),OPTIMAL: Thermal Profile Compliant; Clear for Immediate Inbound Put-away
SHP-1580,AB-REEFER-8580,PolarTrans Logistics,AB InBev Brewery - Bengaluru Hub,Delhi NCR Mega Fulfillment,Frozen Foods & Confectionery,30528.82,429,Mid Haul,41.2,46.74,-20.0,-18.02,-12.93,2.9,8.32,0.64,3,24,67.9,35,-16.09,12.25,0,0.003,Low Risk (Safe),OPTIMAL: Thermal Profile Compliant; Clear for Immediate Inbound Put-away
SHP-1581,AB-REEFER-8581,ArcticLogistics Global,Haryana Bottling Facility,Delhi NCR Mega Fulfillment,Frozen Foods & Confectionery,23112.86,337,Mid Haul,35.13,40.59,-20.0,-17.47,-15.88,6.7,6.53,0.883,1,5,78.7,0,-16.87,8.47,0,0.0021,Low Risk (Safe),OPTIMAL: Thermal Profile Compliant; Clear for Immediate Inbound Put-away
SHP-1582,AB-REEFER-8582,ArcticLogistics Global,Gujarat BioPharma Park,Goa Coastal Transit Hub,Pasteurized Keg Beer / Premium Lager,43755.77,723,Long Haul,29.66,32.94,3.5,4.96,9.46,2.3,15.86,0.453,8,51,82.9,75,6.67,27.27,0,0.0085,Low Risk (Safe),OPTIMAL: Thermal Profile Compliant; Clear for Immediate Inbound Put-away
SHP-1583,AB-REEFER-8583,ColdFleet Express,AB InBev Brewery - Bengaluru Hub,Goa Coastal Transit Hub,Pharma Biologics & Vaccines,210728.39,614,Mid Haul,40.93,46.41,4.0,5.41,9.29,7.4,10.5,0.448,2,9,85.7,62,6.88,43.7,0,0.0134,Low Risk (Safe),OPTIMAL: Thermal Profile Compliant; Clear for Immediate Inbound Put-away
SHP-1584,AB-REEFER-8584,ColdFleet Express,Maharashtra Distribution Center,Mumbai Urban Distribution Center,Pharma Biologics & Vaccines,172137.15,1190,Cross-Country,36.65,41.81,4.0,4.59,9.61,0.9,21.73,0.295,5,43,98.3,31,6.5,6.86,0,0.002,Low Risk (Safe),OPTIMAL: Thermal Profile Compliant; Clear for Immediate Inbound Put-away
SHP-1585,AB-REEFER-8585,ArcticLogistics Global,Gujarat BioPharma Park,Goa Coastal Transit Hub,Pharma Biologics & Vaccines,157622.27,186,Short Haul,27.6,31.6,4.0,4.49,8.61,1.0,3.03,0.326,1,12,83.6,42,6.06,2.26,0,0.0015,Low Risk (Safe),OPTIMAL: Thermal Profile Compliant; Clear for Immediate Inbound Put-away
SHP-1586,AB-REEFER-8586,PolarTrans Logistics,Gujarat BioPharma Park,Mumbai Urban Distribution Center,Frozen Foods & Confectionery,26394.22,420,Mid Haul,28.68,32.15,-20.0,-20.42,-17.24,3.6,7.57,0.426,3,25,97.2,0,-19.21,1.74,0,0.0015,Low Risk (Safe),OPTIMAL: Thermal Profile Compliant; Clear for Immediate Inbound Put-away
SHP-1587,AB-REEFER-8587,ThermoHaul Freight,Gujarat BioPharma Park,Mumbai Urban Distribution Center,Pharma Biologics & Vaccines,127796.4,530,Mid Haul,40.85,44.22,4.0,5.5,10.31,7.6,9.89,0.333,5,64,80.7,135,7.33,54.34,1,0.8885,Critical Risk (Immediate Action),CRITICAL: Quash for Biologics Potency & Cold-Chain Excursion Audit; Do Not Release to Cold-Room
SHP-1588,AB-REEFER-8588,ArcticLogistics Global,Gujarat BioPharma Park,Kolkata Eastern Terminal,Frozen Foods & Confectionery,41680.97,606,Mid Haul,35.48,38.78,-20.0,-18.91,-15.84,2.0,9.02,0.55,2,22,67.5,0,-17.74,11.4,0,0.002,Low Risk (Safe),OPTIMAL: Thermal Profile Compliant; Clear for Immediate Inbound Put-away
SHP-1589,AB-REEFER-8589,ThermoHaul Freight,Gujarat BioPharma Park,Hyderabad Metro Depot,Pasteurized Keg Beer / Premium Lager,34069.34,269,Short Haul,32.62,36.79,3.5,5.99,10.11,5.0,5.47,0.794,3,27,68.0,62,7.56,29.37,0,0.0307,Low Risk (Safe),OPTIMAL: Thermal Profile Compliant; Clear for Immediate Inbound Put-away
SHP-1590,AB-REEFER-8590,ColdFleet Express,Punjab Regional Cold Hub,Kolkata Eastern Terminal,Fresh Dairy & Perishables,15434.64,335,Mid Haul,41.71,45.79,2.5,3.87,9.32,5.2,8.3,0.398,3,38,75.6,114,5.94,49.98,0,0.1143,Low Risk (Safe),OPTIMAL: Thermal Profile Compliant; Clear for Immediate Inbound Put-away
SHP-1591,AB-REEFER-8591,PolarTrans Logistics,Punjab Regional Cold Hub,Kolkata Eastern Terminal,Frozen Foods & Confectionery,27185.2,674,Long Haul,28.44,33.0,-20.0,-18.71,-15.44,6.8,12.2,0.226,1,7,86.8,0,-17.47,2.82,0,0.0013,Low Risk (Safe),OPTIMAL: Thermal Profile Compliant; Clear for Immediate Inbound Put-away
SHP-1592,AB-REEFER-8592,ColdFleet Express,Maharashtra Distribution Center,Hyderabad Metro Depot,Fresh Dairy & Perishables,26005.07,747,Long Haul,38.67,42.61,2.5,2.91,4.83,6.7,16.02,0.531,1,10,97.1,0,3.64,7.22,0,0.0022,Low Risk (Safe),OPTIMAL: Thermal Profile Compliant; Clear for Immediate Inbound Put-away
SHP-1593,AB-REEFER-8593,ThermoHaul Freight,Maharashtra Distribution Center,Hyderabad Metro Depot,Pasteurized Keg Beer / Premium Lager,48056.16,670,Long Haul,38.38,44.86,3.5,4.38,7.88,4.1,15.63,0.791,1,9,87.7,0,5.71,8.89,0,0.0016,Low Risk (Safe),OPTIMAL: Thermal Profile Compliant; Clear for Immediate Inbound Put-away
SHP-1594,AB-REEFER-8594,ColdFleet Express,Maharashtra Distribution Center,Goa Coastal Transit Hub,Frozen Foods & Confectionery,40171.85,823,Long Haul,37.47,42.86,-20.0,-18.42,-14.06,2.3,21.92,0.358,3,27,93.8,5,-16.76,9.18,0,0.0016,Low Risk (Safe),OPTIMAL: Thermal Profile Compliant; Clear for Immediate Inbound Put-away
SHP-1595,AB-REEFER-8595,ColdFleet Express,AB InBev Brewery - Bengaluru Hub,Mumbai Urban Distribution Center,Frozen Foods & Confectionery,30781.74,1027,Cross-Country,26.41,30.0,-20.0,-19.49,-16.49,4.0,19.4,0.885,1,5,96.7,0,-18.35,0.0,0,0.0016,Low Risk (Safe),OPTIMAL: Thermal Profile Compliant; Clear for Immediate Inbound Put-away
SHP-1596,AB-REEFER-8596,ArcticLogistics Global,AB InBev Brewery - Bengaluru Hub,Goa Coastal Transit Hub,Pasteurized Keg Beer / Premium Lager,30978.19,870,Long Haul,38.9,44.07,3.5,5.09,9.77,6.9,18.95,0.614,2,26,96.9,67,6.87,29.37,0,0.0058,Low Risk (Safe),OPTIMAL: Thermal Profile Compliant; Clear for Immediate Inbound Put-away
SHP-1597,AB-REEFER-8597,ArcticLogistics Global,Gujarat BioPharma Park,Goa Coastal Transit Hub,Pasteurized Keg Beer / Premium Lager,24990.7,414,Mid Haul,32.91,35.79,3.5,4.91,10.86,7.8,9.38,0.934,12,64,87.1,91,7.17,53.53,1,0.0259,Low Risk (Safe),OPTIMAL: Thermal Profile Compliant; Clear for Immediate Inbound Put-away
SHP-1598,AB-REEFER-8598,PolarTrans Logistics,Punjab Regional Cold Hub,Mumbai Urban Distribution Center,Frozen Foods & Confectionery,27426.79,922,Long Haul,28.35,31.35,-20.0,-19.51,-17.62,2.9,15.21,0.303,3,12,77.0,0,-18.79,13.06,0,0.0017,Low Risk (Safe),OPTIMAL: Thermal Profile Compliant; Clear for Immediate Inbound Put-away
SHP-1599,AB-REEFER-8599,PolarTrans Logistics,Maharashtra Distribution Center,Mumbai Urban Distribution Center,Fresh Dairy & Perishables,27413.68,556,Mid Haul,35.34,38.25,2.5,4.75,8.78,5.6,9.6,0.854,1,13,93.2,85,6.28,42.54,0,0.0175,Low Risk (Safe),OPTIMAL: Thermal Profile Compliant; Clear for Immediate Inbound Put-away
SHP-1600,AB-REEFER-8600,PolarTrans Logistics,Maharashtra Distribution Center,Delhi NCR Mega Fulfillment,Pasteurized Keg Beer / Premium Lager,51863.41,548,Mid Haul,41.13,43.69,3.5,5.53,13.25,7.7,9.99,0.629,12,115,93.1,132,8.46,47.53,0,0.237,Low Risk (Safe),OPTIMAL: Thermal Profile Compliant; Clear for Immediate Inbound Put-away
SHP-1601,AB-REEFER-8601,ColdFleet Express,Gujarat BioPharma Park,Kolkata Eastern Terminal,Fresh Dairy & Perishables,31639.54,435,Mid Haul,36.69,43.51,2.5,3.17,6.2,8.2,8.61,0.799,3,22,94.0,38,4.32,12.43,0,0.0037,Low Risk (Safe),OPTIMAL: Thermal Profile Compliant; Clear for Immediate Inbound Put-away
SHP-1602,AB-REEFER-8602,PolarTrans Logistics,Maharashtra Distribution Center,Hyderabad Metro Depot,Pasteurized Keg Beer / Premium Lager,22737.45,744,Long Haul,36.06,43.32,3.5,4.74,8.28,2.4,12.02,0.725,1,9,87.9,47,6.09,31.69,0,0.0016,Low Risk (Safe),OPTIMAL: Thermal Profile Compliant; Clear for Immediate Inbound Put-away
SHP-1603,AB-REEFER-8603,ThermoHaul Freight,Gujarat BioPharma Park,Goa Coastal Transit Hub,Pasteurized Keg Beer / Premium Lager,44936.54,395,Mid Haul,31.83,38.42,3.5,5.77,11.36,1.3,6.63,0.792,5,66,76.9,86,7.89,37.03,0,0.0297,Low Risk (Safe),OPTIMAL: Thermal Profile Compliant; Clear for Immediate Inbound Put-away
SHP-1604,AB-REEFER-8604,ColdFleet Express,Punjab Regional Cold Hub,Hyderabad Metro Depot,Pasteurized Keg Beer / Premium Lager,26256.0,622,Mid Haul,38.68,45.91,3.5,4.59,9.55,7.6,8.94,0.494,8,37,77.2,87,6.47,31.18,0,0.0263,Low Risk (Safe),OPTIMAL: Thermal Profile Compliant; Clear for Immediate Inbound Put-away
SHP-1605,AB-REEFER-8605,ArcticLogistics Global,Punjab Regional Cold Hub,Hyderabad Metro Depot,Pharma Biologics & Vaccines,107760.99,982,Long Haul,26.67,31.69,4.0,5.67,8.37,1.0,23.26,0.366,2,8,88.1,43,6.7,6.17,0,0.0012,Low Risk (Safe),OPTIMAL: Thermal Profile Compliant; Clear for Immediate Inbound Put-away
SHP-1606,AB-REEFER-8606,ThermoHaul Freight,Gujarat BioPharma Park,Hyderabad Metro Depot,Frozen Foods & Confectionery,28857.4,856,Long Haul,28.05,33.4,-20.0,-18.01,-13.64,4.4,19.08,0.869,3,27,78.8,18,-16.35,10.92,0,0.002,Low Risk (Safe),OPTIMAL: Thermal Profile Compliant; Clear for Immediate Inbound Put-away
SHP-1607,AB-REEFER-8607,ColdFleet Express,Haryana Bottling Facility,Mumbai Urban Distribution Center,Pharma Biologics & Vaccines,194136.5,959,Long Haul,39.71,44.78,4.0,6.2,11.08,7.8,21.98,0.567,2,25,96.0,275,8.05,45.4,0,0.0556,Low Risk (Safe),OPTIMAL: Thermal Profile Compliant; Clear for Immediate Inbound Put-away
SHP-1608,AB-REEFER-8608,ColdFleet Express,Haryana Bottling Facility,Kolkata Eastern Terminal,Fresh Dairy & Perishables,14048.4,554,Mid Haul,30.85,35.84,2.5,3.46,7.18,2.0,12.44,0.852,1,6,63.8,78,4.87,53.23,1,0.5919,Moderate Risk (Monitor),WARNING: Schedule Reefer Compressor Inspection & Door Seal Re-calibration at Hub
SHP-1609,AB-REEFER-8609,ArcticLogistics Global,AB InBev Brewery - Bengaluru Hub,Mumbai Urban Distribution Center,Pasteurized Keg Beer / Premium Lager,31326.54,362,Mid Haul,36.0,42.92,3.5,4.93,9.84,2.1,5.9,0.8,3,31,87.3,39,6.8,14.95,0,0.0026,Low Risk (Safe),OPTIMAL: Thermal Profile Compliant; Clear for Immediate Inbound Put-away
SHP-1610,AB-REEFER-8610,ThermoHaul Freight,Maharashtra Distribution Center,Goa Coastal Transit Hub,Fresh Dairy & Perishables,30533.4,355,Mid Haul,39.48,44.34,2.5,4.6,9.36,8.2,7.66,0.59,2,27,69.5,91,6.41,48.32,0,0.1125,Low Risk (Safe),OPTIMAL: Thermal Profile Compliant; Clear for Immediate Inbound Put-away
SHP-1611,AB-REEFER-8611,ColdFleet Express,Haryana Bottling Facility,Goa Coastal Transit Hub,Pharma Biologics & Vaccines,143817.32,712,Long Haul,27.74,33.66,4.0,6.31,13.03,1.6,13.77,0.804,5,69,67.2,111,8.86,100.0,1,0.9907,Critical Risk (Immediate Action),CRITICAL: Quash for Biologics Potency & Cold-Chain Excursion Audit; Do Not Release to Cold-Room
SHP-1612,AB-REEFER-8612,PolarTrans Logistics,Haryana Bottling Facility,Goa Coastal Transit Hub,Fresh Dairy & Perishables,14667.56,599,Mid Haul,34.95,38.78,2.5,3.91,6.6,3.6,14.17,0.803,1,8,82.1,121,4.93,39.37,0,0.0105,Low Risk (Safe),OPTIMAL: Thermal Profile Compliant; Clear for Immediate Inbound Put-away
SHP-1613,AB-REEFER-8613,PolarTrans Logistics,Gujarat BioPharma Park,Delhi NCR Mega Fulfillment,Pasteurized Keg Beer / Premium Lager,27329.09,1182,Cross-Country,34.5,37.22,3.5,4.14,8.22,4.5,31.21,0.268,3,41,81.0,9,5.69,12.81,0,0.0017,Low Risk (Safe),OPTIMAL: Thermal Profile Compliant; Clear for Immediate Inbound Put-away
SHP-1614,AB-REEFER-8614,ArcticLogistics Global,Maharashtra Distribution Center,Hyderabad Metro Depot,Fresh Dairy & Perishables,28782.24,234,Short Haul,36.27,43.59,2.5,3.68,7.42,5.2,4.79,0.315,5,30,88.7,47,5.1,8.47,0,0.0021,Low Risk (Safe),OPTIMAL: Thermal Profile Compliant; Clear for Immediate Inbound Put-away
SHP-1615,AB-REEFER-8615,PolarTrans Logistics,AB InBev Brewery - Bengaluru Hub,Hyderabad Metro Depot,Pharma Biologics & Vaccines,156986.81,796,Long Haul,41.69,45.68,4.0,5.55,10.75,0.6,13.45,0.214,5,43,87.8,84,7.53,51.06,1,0.7744,Critical Risk (Immediate Action),CRITICAL: Quash for Biologics Potency & Cold-Chain Excursion Audit; Do Not Release to Cold-Room
SHP-1616,AB-REEFER-8616,PolarTrans Logistics,AB InBev Brewery - Bengaluru Hub,Kolkata Eastern Terminal,Fresh Dairy & Perishables,19274.23,232,Short Haul,39.14,43.97,2.5,4.45,8.96,2.3,3.57,0.808,3,20,78.8,66,6.16,44.34,0,0.0365,Low Risk (Safe),OPTIMAL: Thermal Profile Compliant; Clear for Immediate Inbound Put-away
SHP-1617,AB-REEFER-8617,ColdFleet Express,Punjab Regional Cold Hub,Delhi NCR Mega Fulfillment,Fresh Dairy & Perishables,19732.16,511,Mid Haul,36.79,39.62,2.5,3.79,7.4,5.2,10.94,0.61,3,18,94.8,76,5.16,40.55,0,0.0103,Low Risk (Safe),OPTIMAL: Thermal Profile Compliant; Clear for Immediate Inbound Put-away
SHP-1618,AB-REEFER-8618,ArcticLogistics Global,Haryana Bottling Facility,Goa Coastal Transit Hub,Pharma Biologics & Vaccines,215553.51,498,Mid Haul,31.11,35.77,4.0,5.09,13.12,0.9,8.09,0.199,8,93,82.0,147,8.14,99.29,1,0.9852,Critical Risk (Immediate Action),CRITICAL: Quash for Biologics Potency & Cold-Chain Excursion Audit; Do Not Release to Cold-Room
SHP-1619,AB-REEFER-8619,ThermoHaul Freight,Maharashtra Distribution Center,Goa Coastal Transit Hub,Pharma Biologics & Vaccines,255218.25,455,Mid Haul,36.01,38.52,4.0,7.6,18.24,3.3,6.35,0.183,12,156,72.4,194,11.64,100.0,1,0.981,Critical Risk (Immediate Action),CRITICAL: Quash for Biologics Potency & Cold-Chain Excursion Audit; Do Not Release to Cold-Room
SHP-1620,AB-REEFER-8620,ArcticLogistics Global,Haryana Bottling Facility,Mumbai Urban Distribution Center,Fresh Dairy & Perishables,12263.56,941,Long Haul,38.91,42.09,2.5,4.71,11.68,2.8,12.74,0.449,8,88,65.1,111,7.36,100.0,1,0.9829,Critical Risk (Immediate Action),CRITICAL: High Quality Degradation Detected; Expedite Destination QA Inspection
SHP-1621,AB-REEFER-8621,ArcticLogistics Global,Haryana Bottling Facility,Goa Coastal Transit Hub,Pasteurized Keg Beer / Premium Lager,26167.03,444,Mid Haul,29.23,33.5,3.5,5.15,11.55,1.7,8.45,0.84,8,67,70.1,76,7.58,34.44,0,0.0372,Low Risk (Safe),OPTIMAL: Thermal Profile Compliant; Clear for Immediate Inbound Put-away
SHP-1622,AB-REEFER-8622,ArcticLogistics Global,Punjab Regional Cold Hub,Delhi NCR Mega Fulfillment,Pasteurized Keg Beer / Premium Lager,38766.43,692,Long Haul,27.91,30.58,3.5,4.51,10.12,6.9,10.41,0.278,5,69,95.0,75,6.64,18.85,0,0.005,Low Risk (Safe),OPTIMAL: Thermal Profile Compliant; Clear for Immediate Inbound Put-away
SHP-1623,AB-REEFER-8623,ColdFleet Express,Punjab Regional Cold Hub,Kolkata Eastern Terminal,Pasteurized Keg Beer / Premium Lager,26017.53,604,Mid Haul,38.96,43.33,3.5,5.32,12.67,6.1,11.25,0.415,8,101,72.4,122,8.11,54.02,1,0.9589,Critical Risk (Immediate Action),CRITICAL: Inspect for Flavour Skunking & Colloidal Haze at Inbound Gate; Reroute to Priority Cross-Dock
SHP-1624,AB-REEFER-8624,ColdFleet Express,Maharashtra Distribution Center,Kolkata Eastern Terminal,Pasteurized Keg Beer / Premium Lager,47336.18,792,Long Haul,33.51,40.16,3.5,3.96,9.63,6.8,14.17,0.389,3,35,93.9,37,6.11,8.31,0,0.0019,Low Risk (Safe),OPTIMAL: Thermal Profile Compliant; Clear for Immediate Inbound Put-away
SHP-1625,AB-REEFER-8625,ArcticLogistics Global,Gujarat BioPharma Park,Hyderabad Metro Depot,Frozen Foods & Confectionery,39955.78,593,Mid Haul,40.21,46.83,-20.0,-18.18,-12.31,3.5,15.81,0.496,5,41,90.0,63,-15.95,46.98,0,0.0149,Low Risk (Safe),OPTIMAL: Thermal Profile Compliant; Clear for Immediate Inbound Put-away
SHP-1626,AB-REEFER-8626,ThermoHaul Freight,Punjab Regional Cold Hub,Delhi NCR Mega Fulfillment,Fresh Dairy & Perishables,20274.69,468,Mid Haul,30.87,34.64,2.5,2.22,5.41,0.9,6.69,0.863,1,9,66.6,0,3.43,16.34,0,0.0075,Low Risk (Safe),OPTIMAL: Thermal Profile Compliant; Clear for Immediate Inbound Put-away
SHP-1627,AB-REEFER-8627,PolarTrans Logistics,Maharashtra Distribution Center,Goa Coastal Transit Hub,Fresh Dairy & Perishables,28009.86,951,Long Haul,32.3,39.04,2.5,4.56,7.8,7.9,16.38,0.885,1,7,69.0,156,5.79,49.45,0,0.0899,Low Risk (Safe),OPTIMAL: Thermal Profile Compliant; Clear for Immediate Inbound Put-away
SHP-1628,AB-REEFER-8628,ThermoHaul Freight,AB InBev Brewery - Bengaluru Hub,Delhi NCR Mega Fulfillment,Pasteurized Keg Beer / Premium Lager,37081.64,1201,Cross-Country,26.82,30.43,3.5,5.08,9.85,2.5,20.93,0.877,5,23,81.1,61,6.89,26.93,0,0.0059,Low Risk (Safe),OPTIMAL: Thermal Profile Compliant; Clear for Immediate Inbound Put-away
SHP-1629,AB-REEFER-8629,PolarTrans Logistics,Maharashtra Distribution Center,Mumbai Urban Distribution Center,Frozen Foods & Confectionery,33100.48,422,Mid Haul,33.1,37.05,-20.0,-18.2,-13.17,3.8,9.81,0.26,3,32,72.4,45,-16.29,10.23,0,0.002,Low Risk (Safe),OPTIMAL: Thermal Profile Compliant; Clear for Immediate Inbound Put-away
SHP-1630,AB-REEFER-8630,ArcticLogistics Global,AB InBev Brewery - Bengaluru Hub,Hyderabad Metro Depot,Pasteurized Keg Beer / Premium Lager,43758.14,510,Mid Haul,30.04,33.1,3.5,4.52,8.39,4.9,13.75,0.18,2,24,90.0,28,5.99,4.87,0,0.0016,Low Risk (Safe),OPTIMAL: Thermal Profile Compliant; Clear for Immediate Inbound Put-away
SHP-1631,AB-REEFER-8631,ColdFleet Express,Gujarat BioPharma Park,Mumbai Urban Distribution Center,Pasteurized Keg Beer / Premium Lager,38870.44,475,Mid Haul,30.46,34.9,3.5,5.02,12.74,7.8,8.13,0.363,12,72,69.1,102,7.95,55.73,1,0.9113,Critical Risk (Immediate Action),CRITICAL: Inspect for Flavour Skunking & Colloidal Haze at Inbound Gate; Reroute to Priority Cross-Dock
SHP-1632,AB-REEFER-8632,ThermoHaul Freight,Haryana Bottling Facility,Mumbai Urban Distribution Center,Pasteurized Keg Beer / Premium Lager,28193.02,525,Mid Haul,40.88,43.43,3.5,5.62,11.73,5.2,7.83,0.634,8,53,63.9,72,7.94,40.98,0,0.0702,Low Risk (Safe),OPTIMAL: Thermal Profile Compliant; Clear for Immediate Inbound Put-away
SHP-1633,AB-REEFER-8633,ThermoHaul Freight,Gujarat BioPharma Park,Mumbai Urban Distribution Center,Pasteurized Keg Beer / Premium Lager,42595.22,1150,Cross-Country,37.71,44.69,3.5,5.01,8.76,8.0,19.29,0.539,3,41,82.6,22,6.43,14.56,0,0.0017,Low Risk (Safe),OPTIMAL: Thermal Profile Compliant; Clear for Immediate Inbound Put-away
SHP-1634,AB-REEFER-8634,ArcticLogistics Global,Maharashtra Distribution Center,Kolkata Eastern Terminal,Pasteurized Keg Beer / Premium Lager,50044.98,956,Long Haul,39.98,45.09,3.5,6.46,10.15,7.6,15.34,0.398,3,40,65.6,44,7.86,35.23,0,0.0021,Low Risk (Safe),OPTIMAL: Thermal Profile Compliant; Clear for Immediate Inbound Put-away
SHP-1635,AB-REEFER-8635,PolarTrans Logistics,Gujarat BioPharma Park,Kolkata Eastern Terminal,Pharma Biologics & Vaccines,162560.52,1045,Cross-Country,37.42,43.18,4.0,5.45,9.49,1.8,22.49,0.832,1,7,97.3,27,6.99,14.85,0,0.0018,Low Risk (Safe),OPTIMAL: Thermal Profile Compliant; Clear for Immediate Inbound Put-away
SHP-1636,AB-REEFER-8636,ThermoHaul Freight,Punjab Regional Cold Hub,Goa Coastal Transit Hub,Pharma Biologics & Vaccines,140266.23,834,Long Haul,40.85,46.69,4.0,6.52,14.96,3.8,14.62,0.268,8,90,88.6,299,9.73,93.73,1,0.9922,Critical Risk (Immediate Action),CRITICAL: Quash for Biologics Potency & Cold-Chain Excursion Audit; Do Not Release to Cold-Room
SHP-1637,AB-REEFER-8637,ArcticLogistics Global,Gujarat BioPharma Park,Mumbai Urban Distribution Center,Fresh Dairy & Perishables,16207.59,914,Long Haul,37.61,42.57,2.5,3.29,6.59,8.5,18.9,0.444,3,15,66.6,133,4.54,47.62,0,0.0599,Low Risk (Safe),OPTIMAL: Thermal Profile Compliant; Clear for Immediate Inbound Put-away
SHP-1638,AB-REEFER-8638,ThermoHaul Freight,Gujarat BioPharma Park,Goa Coastal Transit Hub,Pasteurized Keg Beer / Premium Lager,45922.81,926,Long Haul,33.91,38.77,3.5,4.05,6.42,5.1,20.87,0.189,2,21,79.6,0,4.95,14.01,0,0.0025,Low Risk (Safe),OPTIMAL: Thermal Profile Compliant; Clear for Immediate Inbound Put-away
SHP-1639,AB-REEFER-8639,ThermoHaul Freight,Maharashtra Distribution Center,Kolkata Eastern Terminal,Pharma Biologics & Vaccines,175857.02,1122,Cross-Country,29.98,34.06,4.0,4.8,7.45,6.5,22.68,0.405,2,11,74.1,0,5.81,13.07,0,0.0013,Low Risk (Safe),OPTIMAL: Thermal Profile Compliant; Clear for Immediate Inbound Put-away
SHP-1640,AB-REEFER-8640,ArcticLogistics Global,Punjab Regional Cold Hub,Delhi NCR Mega Fulfillment,Pharma Biologics & Vaccines,185141.48,1144,Cross-Country,36.16,41.78,4.0,5.61,8.71,1.6,25.42,0.928,2,9,68.2,22,6.79,8.91,0,0.0029,Low Risk (Safe),OPTIMAL: Thermal Profile Compliant; Clear for Immediate Inbound Put-away
SHP-1641,AB-REEFER-8641,PolarTrans Logistics,Gujarat BioPharma Park,Kolkata Eastern Terminal,Pasteurized Keg Beer / Premium Lager,30488.13,1024,Cross-Country,35.97,39.29,3.5,4.63,8.5,3.3,18.45,0.6,2,11,71.3,12,6.1,11.05,0,0.0017,Low Risk (Safe),OPTIMAL: Thermal Profile Compliant; Clear for Immediate Inbound Put-away
SHP-1642,AB-REEFER-8642,ArcticLogistics Global,Punjab Regional Cold Hub,Goa Coastal Transit Hub,Pasteurized Keg Beer / Premium Lager,47080.69,1197,Cross-Country,29.38,33.31,3.5,5.26,10.93,7.5,21.2,0.422,8,48,70.3,64,7.41,30.61,0,0.0185,Low Risk (Safe),OPTIMAL: Thermal Profile Compliant; Clear for Immediate Inbound Put-away
SHP-1643,AB-REEFER-8643,ColdFleet Express,Punjab Regional Cold Hub,Hyderabad Metro Depot,Pasteurized Keg Beer / Premium Lager,34241.29,483,Mid Haul,26.6,30.29,3.5,4.77,7.55,6.7,8.05,0.378,1,7,92.2,5,5.83,11.75,0,0.0013,Low Risk (Safe),OPTIMAL: Thermal Profile Compliant; Clear for Immediate Inbound Put-away
SHP-1644,AB-REEFER-8644,ThermoHaul Freight,Haryana Bottling Facility,Delhi NCR Mega Fulfillment,Pasteurized Keg Beer / Premium Lager,48118.71,731,Long Haul,33.33,39.45,3.5,4.78,7.59,7.1,18.34,0.888,1,5,83.3,0,5.85,10.29,0,0.0018,Low Risk (Safe),OPTIMAL: Thermal Profile Compliant; Clear for Immediate Inbound Put-away
SHP-1645,AB-REEFER-8645,ColdFleet Express,Maharashtra Distribution Center,Hyderabad Metro Depot,Pasteurized Keg Beer / Premium Lager,24732.02,273,Short Haul,28.29,34.35,3.5,4.69,10.54,0.7,7.63,0.244,3,40,81.9,67,6.91,29.85,0,0.0099,Low Risk (Safe),OPTIMAL: Thermal Profile Compliant; Clear for Immediate Inbound Put-away
SHP-1646,AB-REEFER-8646,ArcticLogistics Global,Haryana Bottling Facility,Delhi NCR Mega Fulfillment,Fresh Dairy & Perishables,25350.28,667,Long Haul,36.92,40.29,2.5,3.5,8.82,2.9,10.36,0.445,12,57,86.7,67,5.52,45.46,0,0.0359,Low Risk (Safe),OPTIMAL: Thermal Profile Compliant; Clear for Immediate Inbound Put-away
SHP-1647,AB-REEFER-8647,ColdFleet Express,Gujarat BioPharma Park,Goa Coastal Transit Hub,Pharma Biologics & Vaccines,163148.47,777,Long Haul,38.84,45.03,4.0,6.36,9.63,6.4,11.63,0.676,3,35,93.7,190,7.6,39.3,0,0.0475,Low Risk (Safe),OPTIMAL: Thermal Profile Compliant; Clear for Immediate Inbound Put-away
SHP-1648,AB-REEFER-8648,ThermoHaul Freight,Gujarat BioPharma Park,Kolkata Eastern Terminal,Fresh Dairy & Perishables,12984.0,807,Long Haul,32.25,39.16,2.5,4.82,13.26,1.8,15.85,0.454,16,104,82.8,143,8.03,100.0,1,0.9914,Critical Risk (Immediate Action),CRITICAL: High Quality Degradation Detected; Expedite Destination QA Inspection
SHP-1649,AB-REEFER-8649,ArcticLogistics Global,Gujarat BioPharma Park,Mumbai Urban Distribution Center,Pharma Biologics & Vaccines,270732.51,578,Mid Haul,40.31,45.38,4.0,6.8,8.8,5.7,15.05,0.725,1,13,75.3,34,7.56,8.79,0,0.0027,Low Risk (Safe),OPTIMAL: Thermal Profile Compliant; Clear for Immediate Inbound Put-away
SHP-1650,AB-REEFER-8650,ArcticLogistics Global,AB InBev Brewery - Bengaluru Hub,Delhi NCR Mega Fulfillment,Fresh Dairy & Perishables,28470.44,662,Long Haul,29.86,36.98,2.5,5.21,10.02,7.4,17.26,0.695,5,53,72.6,228,7.04,100.0,1,0.952,Critical Risk (Immediate Action),CRITICAL: High Quality Degradation Detected; Expedite Destination QA Inspection
SHP-1651,AB-REEFER-8651,ThermoHaul Freight,Maharashtra Distribution Center,Mumbai Urban Distribution Center,Frozen Foods & Confectionery,27495.4,620,Mid Haul,38.11,42.01,-20.0,-18.27,-15.64,2.2,12.58,0.641,2,15,79.4,0,-17.27,10.03,0,0.002,Low Risk (Safe),OPTIMAL: Thermal Profile Compliant; Clear for Immediate Inbound Put-away
SHP-1652,AB-REEFER-8652,ThermoHaul Freight,Haryana Bottling Facility,Hyderabad Metro Depot,Fresh Dairy & Perishables,27316.14,638,Mid Haul,41.27,45.6,2.5,3.98,10.24,1.9,11.84,0.608,5,69,96.4,122,6.36,100.0,1,0.9006,Critical Risk (Immediate Action),CRITICAL: High Quality Degradation Detected; Expedite Destination QA Inspection
SHP-1653,AB-REEFER-8653,PolarTrans Logistics,Maharashtra Distribution Center,Delhi NCR Mega Fulfillment,Pasteurized Keg Beer / Premium Lager,38956.3,755,Long Haul,30.97,36.51,3.5,3.73,6.62,3.4,18.19,0.416,1,10,94.9,0,4.83,6.93,0,0.0013,Low Risk (Safe),OPTIMAL: Thermal Profile Compliant; Clear for Immediate Inbound Put-away
SHP-1654,AB-REEFER-8654,ThermoHaul Freight,Maharashtra Distribution Center,Goa Coastal Transit Hub,Pasteurized Keg Beer / Premium Lager,37493.34,1124,Cross-Country,33.36,38.03,3.5,4.42,8.2,6.0,19.34,0.858,1,9,77.9,45,5.86,33.27,0,0.0018,Low Risk (Safe),OPTIMAL: Thermal Profile Compliant; Clear for Immediate Inbound Put-away
SHP-1655,AB-REEFER-8655,PolarTrans Logistics,Punjab Regional Cold Hub,Hyderabad Metro Depot,Fresh Dairy & Perishables,29586.71,388,Mid Haul,27.0,33.24,2.5,4.13,6.82,3.6,5.87,0.889,1,6,90.4,49,5.15,8.59,0,0.0038,Low Risk (Safe),OPTIMAL: Thermal Profile Compliant; Clear for Immediate Inbound Put-away
SHP-1656,AB-REEFER-8656,PolarTrans Logistics,Gujarat BioPharma Park,Kolkata Eastern Terminal,Pasteurized Keg Beer / Premium Lager,28202.06,454,Mid Haul,32.35,39.15,3.5,4.19,7.45,1.0,11.66,0.274,1,10,85.3,0,5.43,6.65,0,0.0018,Low Risk (Safe),OPTIMAL: Thermal Profile Compliant; Clear for Immediate Inbound Put-away
SHP-1657,AB-REEFER-8657,ColdFleet Express,Punjab Regional Cold Hub,Delhi NCR Mega Fulfillment,Fresh Dairy & Perishables,25984.08,652,Long Haul,37.04,42.81,2.5,3.44,9.56,5.2,13.36,0.38,5,47,96.0,157,5.77,42.12,0,0.0575,Low Risk (Safe),OPTIMAL: Thermal Profile Compliant; Clear for Immediate Inbound Put-away
SHP-1658,AB-REEFER-8658,ColdFleet Express,Haryana Bottling Facility,Delhi NCR Mega Fulfillment,Pasteurized Keg Beer / Premium Lager,45400.9,730,Long Haul,27.19,31.28,3.5,5.71,8.67,3.1,15.47,0.398,2,22,78.4,27,6.83,12.88,0,0.0017,Low Risk (Safe),OPTIMAL: Thermal Profile Compliant; Clear for Immediate Inbound Put-away
SHP-1659,AB-REEFER-8659,PolarTrans Logistics,Gujarat BioPharma Park,Mumbai Urban Distribution Center,Pasteurized Keg Beer / Premium Lager,40078.97,274,Short Haul,41.97,44.97,3.5,4.64,8.6,7.1,6.85,0.675,1,7,95.4,68,6.14,23.58,0,0.0183,Low Risk (Safe),OPTIMAL: Thermal Profile Compliant; Clear for Immediate Inbound Put-away
SHP-1660,AB-REEFER-8660,ArcticLogistics Global,Haryana Bottling Facility,Hyderabad Metro Depot,Fresh Dairy & Perishables,15293.08,600,Mid Haul,39.4,43.3,2.5,4.57,10.99,0.9,14.61,0.647,5,58,71.6,151,7.01,100.0,1,0.978,Critical Risk (Immediate Action),CRITICAL: High Quality Degradation Detected; Expedite Destination QA Inspection
SHP-1661,AB-REEFER-8661,ArcticLogistics Global,Punjab Regional Cold Hub,Mumbai Urban Distribution Center,Pasteurized Keg Beer / Premium Lager,30921.93,185,Short Haul,33.58,36.62,3.5,4.85,9.37,1.5,4.01,0.822,3,23,82.2,48,6.57,28.33,0,0.002,Low Risk (Safe),OPTIMAL: Thermal Profile Compliant; Clear for Immediate Inbound Put-away
SHP-1662,AB-REEFER-8662,ArcticLogistics Global,Gujarat BioPharma Park,Delhi NCR Mega Fulfillment,Fresh Dairy & Perishables,24855.18,317,Mid Haul,31.27,38.5,2.5,2.94,5.92,4.5,5.84,0.441,2,25,81.0,49,4.07,7.06,0,0.003,Low Risk (Safe),OPTIMAL: Thermal Profile Compliant; Clear for Immediate Inbound Put-away
SHP-1663,AB-REEFER-8663,ColdFleet Express,Gujarat BioPharma Park,Hyderabad Metro Depot,Pasteurized Keg Beer / Premium Lager,35599.88,624,Mid Haul,38.56,41.53,3.5,4.78,8.37,7.6,13.04,0.946,1,5,81.2,20,6.14,11.34,0,0.002,Low Risk (Safe),OPTIMAL: Thermal Profile Compliant; Clear for Immediate Inbound Put-away
SHP-1664,AB-REEFER-8664,PolarTrans Logistics,Punjab Regional Cold Hub,Hyderabad Metro Depot,Frozen Foods & Confectionery,28138.99,619,Mid Haul,33.88,39.06,-20.0,-19.64,-17.81,0.7,11.19,0.789,1,4,92.2,0,-18.94,6.45,0,0.0017,Low Risk (Safe),OPTIMAL: Thermal Profile Compliant; Clear for Immediate Inbound Put-away
SHP-1665,AB-REEFER-8665,ThermoHaul Freight,Haryana Bottling Facility,Delhi NCR Mega Fulfillment,Pasteurized Keg Beer / Premium Lager,44818.74,1309,Cross-Country,31.98,35.26,3.5,5.5,9.0,1.2,29.94,0.699,3,41,75.5,66,6.83,30.93,0,0.0083,Low Risk (Safe),OPTIMAL: Thermal Profile Compliant; Clear for Immediate Inbound Put-away
SHP-1666,AB-REEFER-8666,ArcticLogistics Global,Punjab Regional Cold Hub,Delhi NCR Mega Fulfillment,Pharma Biologics & Vaccines,192128.69,559,Mid Haul,35.8,39.05,4.0,5.42,8.09,3.8,11.13,0.25,1,7,67.9,15,6.43,10.46,0,0.0018,Low Risk (Safe),OPTIMAL: Thermal Profile Compliant; Clear for Immediate Inbound Put-away
SHP-1667,AB-REEFER-8667,ColdFleet Express,Gujarat BioPharma Park,Delhi NCR Mega Fulfillment,Fresh Dairy & Perishables,13024.31,451,Mid Haul,27.77,32.93,2.5,2.91,8.54,0.8,9.21,0.685,3,35,79.3,55,5.05,7.98,0,0.0053,Low Risk (Safe),OPTIMAL: Thermal Profile Compliant; Clear for Immediate Inbound Put-away
SHP-1668,AB-REEFER-8668,PolarTrans Logistics,Maharashtra Distribution Center,Hyderabad Metro Depot,Pasteurized Keg Beer / Premium Lager,48923.84,344,Mid Haul,27.27,31.51,3.5,4.94,7.26,5.4,5.57,0.795,1,12,98.0,0,5.82,6.94,0,0.0019,Low Risk (Safe),OPTIMAL: Thermal Profile Compliant; Clear for Immediate Inbound Put-away
SHP-1669,AB-REEFER-8669,PolarTrans Logistics,Punjab Regional Cold Hub,Delhi NCR Mega Fulfillment,Pasteurized Keg Beer / Premium Lager,31794.71,503,Mid Haul,35.49,42.58,3.5,6.03,10.74,0.6,11.73,0.496,5,30,88.6,114,7.82,41.86,0,0.0911,Low Risk (Safe),OPTIMAL: Thermal Profile Compliant; Clear for Immediate Inbound Put-away
SHP-1670,AB-REEFER-8670,ColdFleet Express,Haryana Bottling Facility,Mumbai Urban Distribution Center,Fresh Dairy & Perishables,24624.96,635,Mid Haul,31.97,38.04,2.5,3.92,9.73,5.9,13.71,0.258,3,40,73.1,162,6.13,44.05,0,0.6042,Moderate Risk (Monitor),WARNING: Schedule Reefer Compressor Inspection & Door Seal Re-calibration at Hub
SHP-1671,AB-REEFER-8671,ColdFleet Express,Punjab Regional Cold Hub,Kolkata Eastern Terminal,Frozen Foods & Confectionery,36939.65,927,Long Haul,33.96,39.09,-20.0,-17.51,-13.35,6.1,17.55,0.946,3,38,67.5,23,-15.93,15.9,0,0.007,Low Risk (Safe),OPTIMAL: Thermal Profile Compliant; Clear for Immediate Inbound Put-away
SHP-1672,AB-REEFER-8672,ColdFleet Express,Punjab Regional Cold Hub,Delhi NCR Mega Fulfillment,Frozen Foods & Confectionery,29259.28,118,Short Haul,40.78,47.6,-20.0,-18.17,-11.66,0.7,1.85,0.788,5,67,73.4,71,-15.7,49.15,0,0.2021,Low Risk (Safe),OPTIMAL: Thermal Profile Compliant; Clear for Immediate Inbound Put-away
SHP-1673,AB-REEFER-8673,ThermoHaul Freight,Maharashtra Distribution Center,Mumbai Urban Distribution Center,Pasteurized Keg Beer / Premium Lager,35431.99,870,Long Haul,37.31,41.42,3.5,4.38,9.59,7.3,19.67,0.241,5,50,81.0,58,6.36,25.52,0,0.0025,Low Risk (Safe),OPTIMAL: Thermal Profile Compliant; Clear for Immediate Inbound Put-away
SHP-1674,AB-REEFER-8674,ColdFleet Express,AB InBev Brewery - Bengaluru Hub,Mumbai Urban Distribution Center,Fresh Dairy & Perishables,22729.62,363,Mid Haul,33.68,37.8,2.5,4.13,10.37,7.8,7.91,0.231,8,65,76.6,87,6.5,100.0,1,0.8378,Critical Risk (Immediate Action),CRITICAL: High Quality Degradation Detected; Expedite Destination QA Inspection
SHP-1675,AB-REEFER-8675,ColdFleet Express,Haryana Bottling Facility,Mumbai Urban Distribution Center,Frozen Foods & Confectionery,36004.54,411,Mid Haul,31.56,36.71,-20.0,-18.64,-15.41,5.4,8.37,0.69,3,31,64.5,0,-17.41,9.32,0,0.006,Low Risk (Safe),OPTIMAL: Thermal Profile Compliant; Clear for Immediate Inbound Put-away
SHP-1676,AB-REEFER-8676,ArcticLogistics Global,Gujarat BioPharma Park,Mumbai Urban Distribution Center,Frozen Foods & Confectionery,27257.23,505,Mid Haul,26.52,33.47,-20.0,-18.76,-14.5,4.9,10.98,0.937,2,16,83.9,0,-17.14,12.58,0,0.0021,Low Risk (Safe),OPTIMAL: Thermal Profile Compliant; Clear for Immediate Inbound Put-away
SHP-1677,AB-REEFER-8677,ColdFleet Express,Gujarat BioPharma Park,Hyderabad Metro Depot,Pasteurized Keg Beer / Premium Lager,40800.7,412,Mid Haul,41.86,48.82,3.5,5.64,11.27,5.2,9.46,0.601,12,76,77.5,76,7.78,30.95,0,0.021,Low Risk (Safe),OPTIMAL: Thermal Profile Compliant; Clear for Immediate Inbound Put-away
SHP-1678,AB-REEFER-8678,ColdFleet Express,AB InBev Brewery - Bengaluru Hub,Kolkata Eastern Terminal,Pharma Biologics & Vaccines,248707.78,403,Mid Haul,32.48,35.22,4.0,5.92,12.44,8.2,10.31,0.412,5,63,92.8,82,8.4,94.19,1,0.8639,Critical Risk (Immediate Action),CRITICAL: Quash for Biologics Potency & Cold-Chain Excursion Audit; Do Not Release to Cold-Room
SHP-1679,AB-REEFER-8679,ArcticLogistics Global,Haryana Bottling Facility,Goa Coastal Transit Hub,Frozen Foods & Confectionery,31681.67,583,Mid Haul,35.17,40.54,-20.0,-19.05,-15.75,2.5,12.5,0.479,1,4,85.3,0,-17.8,8.05,0,0.0017,Low Risk (Safe),OPTIMAL: Thermal Profile Compliant; Clear for Immediate Inbound Put-away
SHP-1680,AB-REEFER-8680,PolarTrans Logistics,Maharashtra Distribution Center,Hyderabad Metro Depot,Pasteurized Keg Beer / Premium Lager,33343.25,851,Long Haul,41.18,45.78,3.5,5.16,9.69,7.0,17.01,0.639,3,40,98.9,48,6.88,29.25,0,0.002,Low Risk (Safe),OPTIMAL: Thermal Profile Compliant; Clear for Immediate Inbound Put-away
SHP-1681,AB-REEFER-8681,PolarTrans Logistics,AB InBev Brewery - Bengaluru Hub,Delhi NCR Mega Fulfillment,Pasteurized Keg Beer / Premium Lager,50836.61,1095,Cross-Country,37.74,44.52,3.5,5.17,11.44,5.4,23.66,0.353,5,67,66.1,86,7.55,42.84,0,0.0766,Low Risk (Safe),OPTIMAL: Thermal Profile Compliant; Clear for Immediate Inbound Put-away
SHP-1682,AB-REEFER-8682,PolarTrans Logistics,Haryana Bottling Facility,Mumbai Urban Distribution Center,Pharma Biologics & Vaccines,159948.54,631,Mid Haul,32.57,38.98,4.0,6.5,10.66,0.6,9.38,0.229,8,43,77.1,75,8.08,47.36,0,0.0318,Low Risk (Safe),OPTIMAL: Thermal Profile Compliant; Clear for Immediate Inbound Put-away
SHP-1683,AB-REEFER-8683,ColdFleet Express,Punjab Regional Cold Hub,Kolkata Eastern Terminal,Frozen Foods & Confectionery,29190.33,1086,Cross-Country,36.91,42.5,-20.0,-18.27,-3.82,3.0,22.12,0.348,16,202,90.0,240,-12.78,100.0,1,0.9775,Critical Risk (Immediate Action),CRITICAL: High Quality Degradation Detected; Expedite Destination QA Inspection
SHP-1684,AB-REEFER-8684,PolarTrans Logistics,Haryana Bottling Facility,Hyderabad Metro Depot,Pharma Biologics & Vaccines,137659.57,360,Mid Haul,36.92,41.35,4.0,4.62,6.93,5.6,7.09,0.371,1,8,81.3,0,5.5,9.19,0,0.0015,Low Risk (Safe),OPTIMAL: Thermal Profile Compliant; Clear for Immediate Inbound Put-away
SHP-1685,AB-REEFER-8685,ColdFleet Express,Punjab Regional Cold Hub,Goa Coastal Transit Hub,Pasteurized Keg Beer / Premium Lager,26177.87,1192,Cross-Country,26.7,29.25,3.5,5.4,8.86,6.7,29.33,0.463,5,22,67.4,26,6.71,4.92,0,0.0013,Low Risk (Safe),OPTIMAL: Thermal Profile Compliant; Clear for Immediate Inbound Put-away
SHP-1686,AB-REEFER-8686,PolarTrans Logistics,Haryana Bottling Facility,Kolkata Eastern Terminal,Frozen Foods & Confectionery,23992.01,560,Mid Haul,39.69,45.03,-20.0,-18.69,-15.45,1.2,9.67,0.5,1,13,74.5,0,-17.46,12.24,0,0.0018,Low Risk (Safe),OPTIMAL: Thermal Profile Compliant; Clear for Immediate Inbound Put-away
SHP-1687,AB-REEFER-8687,PolarTrans Logistics,Punjab Regional Cold Hub,Kolkata Eastern Terminal,Pasteurized Keg Beer / Premium Lager,31948.27,486,Mid Haul,27.95,32.52,3.5,5.51,9.72,5.2,11.92,0.486,2,19,87.1,36,7.11,10.89,0,0.0018,Low Risk (Safe),OPTIMAL: Thermal Profile Compliant; Clear for Immediate Inbound Put-away
SHP-1688,AB-REEFER-8688,ColdFleet Express,Haryana Bottling Facility,Kolkata Eastern Terminal,Frozen Foods & Confectionery,17941.5,850,Long Haul,26.92,30.04,-20.0,-17.79,-14.39,4.1,17.5,0.679,3,24,75.3,0,-16.5,11.67,0,0.0016,Low Risk (Safe),OPTIMAL: Thermal Profile Compliant; Clear for Immediate Inbound Put-away
SHP-1689,AB-REEFER-8689,ThermoHaul Freight,Punjab Regional Cold Hub,Goa Coastal Transit Hub,Fresh Dairy & Perishables,15691.95,270,Short Haul,32.57,37.64,2.5,3.63,8.7,2.2,4.98,0.713,5,66,89.1,91,5.56,43.08,0,0.0371,Low Risk (Safe),OPTIMAL: Thermal Profile Compliant; Clear for Immediate Inbound Put-away
SHP-1690,AB-REEFER-8690,PolarTrans Logistics,Gujarat BioPharma Park,Mumbai Urban Distribution Center,Pasteurized Keg Beer / Premium Lager,27004.05,437,Mid Haul,28.77,32.23,3.5,3.72,6.76,6.6,12.57,0.582,2,21,82.1,5,4.88,8.16,0,0.0018,Low Risk (Safe),OPTIMAL: Thermal Profile Compliant; Clear for Immediate Inbound Put-away
SHP-1691,AB-REEFER-8691,ColdFleet Express,Haryana Bottling Facility,Goa Coastal Transit Hub,Pasteurized Keg Beer / Premium Lager,34572.85,177,Short Haul,41.75,47.15,3.5,5.11,9.12,7.3,3.1,0.432,1,8,73.4,84,6.63,33.19,0,0.0212,Low Risk (Safe),OPTIMAL: Thermal Profile Compliant; Clear for Immediate Inbound Put-away
SHP-1692,AB-REEFER-8692,ArcticLogistics Global,Punjab Regional Cold Hub,Hyderabad Metro Depot,Frozen Foods & Confectionery,37809.26,455,Mid Haul,33.69,39.4,-20.0,-19.01,-15.54,6.9,8.31,0.295,3,30,93.6,0,-17.69,6.86,0,0.0017,Low Risk (Safe),OPTIMAL: Thermal Profile Compliant; Clear for Immediate Inbound Put-away
SHP-1693,AB-REEFER-8693,ColdFleet Express,Gujarat BioPharma Park,Hyderabad Metro Depot,Fresh Dairy & Perishables,19678.0,375,Mid Haul,35.04,37.92,2.5,3.53,7.32,1.4,6.68,0.392,2,9,74.1,103,4.97,47.15,0,0.0739,Low Risk (Safe),OPTIMAL: Thermal Profile Compliant; Clear for Immediate Inbound Put-away
SHP-1694,AB-REEFER-8694,PolarTrans Logistics,Haryana Bottling Facility,Hyderabad Metro Depot,Pharma Biologics & Vaccines,218591.87,698,Long Haul,36.58,39.67,4.0,5.62,8.24,3.3,15.22,0.769,5,24,83.1,43,6.62,13.92,0,0.0018,Low Risk (Safe),OPTIMAL: Thermal Profile Compliant; Clear for Immediate Inbound Put-away
SHP-1695,AB-REEFER-8695,ColdFleet Express,Gujarat BioPharma Park,Delhi NCR Mega Fulfillment,Pharma Biologics & Vaccines,183843.98,512,Mid Haul,28.05,35.2,4.0,5.31,8.42,3.1,11.47,0.213,1,5,71.4,52,6.49,10.94,0,0.0015,Low Risk (Safe),OPTIMAL: Thermal Profile Compliant; Clear for Immediate Inbound Put-away
SHP-1696,AB-REEFER-8696,ThermoHaul Freight,Haryana Bottling Facility,Kolkata Eastern Terminal,Pasteurized Keg Beer / Premium Lager,32225.12,1007,Cross-Country,36.57,41.82,3.5,4.08,6.74,2.7,22.23,0.299,1,4,92.0,0,5.09,5.19,0,0.0016,Low Risk (Safe),OPTIMAL: Thermal Profile Compliant; Clear for Immediate Inbound Put-away
SHP-1697,AB-REEFER-8697,ThermoHaul Freight,AB InBev Brewery - Bengaluru Hub,Kolkata Eastern Terminal,Fresh Dairy & Perishables,30138.4,383,Mid Haul,32.89,37.34,2.5,3.07,6.28,5.8,5.64,0.771,3,22,89.2,32,4.29,6.9,0,0.0039,Low Risk (Safe),OPTIMAL: Thermal Profile Compliant; Clear for Immediate Inbound Put-away
SHP-1698,AB-REEFER-8698,ThermoHaul Freight,Punjab Regional Cold Hub,Delhi NCR Mega Fulfillment,Pasteurized Keg Beer / Premium Lager,22696.8,996,Long Haul,30.02,33.13,3.5,3.65,7.15,0.8,25.66,0.388,1,10,86.6,0,4.98,9.65,0,0.0012,Low Risk (Safe),OPTIMAL: Thermal Profile Compliant; Clear for Immediate Inbound Put-away
SHP-1699,AB-REEFER-8699,ColdFleet Express,Maharashtra Distribution Center,Kolkata Eastern Terminal,Pasteurized Keg Beer / Premium Lager,45419.49,467,Mid Haul,39.29,45.78,3.5,5.02,8.93,2.2,8.58,0.939,5,38,75.4,23,6.51,14.99,0,0.0022,Low Risk (Safe),OPTIMAL: Thermal Profile Compliant; Clear for Immediate Inbound Put-away
SHP-1700,AB-REEFER-8700,ThermoHaul Freight,AB InBev Brewery - Bengaluru Hub,Mumbai Urban Distribution Center,Pasteurized Keg Beer / Premium Lager,49964.1,571,Mid Haul,40.45,43.99,3.5,3.72,7.06,2.6,11.49,0.879,1,9,96.5,5,4.99,13.45,0,0.0018,Low Risk (Safe),OPTIMAL: Thermal Profile Compliant; Clear for Immediate Inbound Put-away
SHP-1701,AB-REEFER-8701,PolarTrans Logistics,Punjab Regional Cold Hub,Kolkata Eastern Terminal,Pasteurized Keg Beer / Premium Lager,50470.86,679,Long Haul,27.62,33.73,3.5,4.94,7.86,7.1,11.72,0.477,2,25,83.7,0,6.05,5.96,0,0.0019,Low Risk (Safe),OPTIMAL: Thermal Profile Compliant; Clear for Immediate Inbound Put-away
SHP-1702,AB-REEFER-8702,ArcticLogistics Global,Maharashtra Distribution Center,Hyderabad Metro Depot,Fresh Dairy & Perishables,28599.48,582,Mid Haul,39.44,46.84,2.5,3.51,7.55,1.1,14.28,0.596,1,6,74.1,41,5.05,10.45,0,0.0026,Low Risk (Safe),OPTIMAL: Thermal Profile Compliant; Clear for Immediate Inbound Put-away
SHP-1703,AB-REEFER-8703,ArcticLogistics Global,Gujarat BioPharma Park,Goa Coastal Transit Hub,Frozen Foods & Confectionery,33459.4,850,Long Haul,29.41,33.61,-20.0,-18.01,-13.79,4.6,16.01,0.544,3,25,78.4,52,-16.41,9.55,0,0.0015,Low Risk (Safe),OPTIMAL: Thermal Profile Compliant; Clear for Immediate Inbound Put-away
SHP-1704,AB-REEFER-8704,ColdFleet Express,AB InBev Brewery - Bengaluru Hub,Delhi NCR Mega Fulfillment,Pharma Biologics & Vaccines,197993.15,1194,Cross-Country,38.34,45.15,4.0,5.2,7.03,7.6,22.33,0.612,1,7,76.9,0,5.9,7.63,0,0.0017,Low Risk (Safe),OPTIMAL: Thermal Profile Compliant; Clear for Immediate Inbound Put-away
SHP-1705,AB-REEFER-8705,ThermoHaul Freight,AB InBev Brewery - Bengaluru Hub,Kolkata Eastern Terminal,Pasteurized Keg Beer / Premium Lager,50638.36,599,Mid Haul,28.37,35.12,3.5,6.01,10.6,2.5,8.88,0.755,3,18,64.3,84,7.75,37.51,0,0.0506,Low Risk (Safe),OPTIMAL: Thermal Profile Compliant; Clear for Immediate Inbound Put-away
SHP-1706,AB-REEFER-8706,ColdFleet Express,Maharashtra Distribution Center,Delhi NCR Mega Fulfillment,Pharma Biologics & Vaccines,126783.71,751,Long Haul,27.91,35.14,4.0,4.49,8.03,4.0,19.77,0.26,3,14,89.0,25,5.84,3.98,0,0.0014,Low Risk (Safe),OPTIMAL: Thermal Profile Compliant; Clear for Immediate Inbound Put-away
SHP-1707,AB-REEFER-8707,ArcticLogistics Global,Maharashtra Distribution Center,Kolkata Eastern Terminal,Pasteurized Keg Beer / Premium Lager,28673.29,467,Mid Haul,28.54,36.04,3.5,5.8,14.4,2.9,10.91,0.674,8,91,75.6,141,9.07,48.78,0,0.2137,Low Risk (Safe),OPTIMAL: Thermal Profile Compliant; Clear for Immediate Inbound Put-away
SHP-1708,AB-REEFER-8708,PolarTrans Logistics,Gujarat BioPharma Park,Mumbai Urban Distribution Center,Fresh Dairy & Perishables,16393.4,544,Mid Haul,30.59,36.9,2.5,4.18,10.6,4.3,10.33,0.357,8,67,97.0,172,6.62,94.68,1,0.9539,Critical Risk (Immediate Action),CRITICAL: High Quality Degradation Detected; Expedite Destination QA Inspection
SHP-1709,AB-REEFER-8709,ThermoHaul Freight,Maharashtra Distribution Center,Mumbai Urban Distribution Center,Pharma Biologics & Vaccines,119873.87,779,Long Haul,36.36,40.77,4.0,4.54,10.78,3.2,14.74,0.68,5,52,97.7,68,6.91,50.0,0,0.0146,Low Risk (Safe),OPTIMAL: Thermal Profile Compliant; Clear for Immediate Inbound Put-away
SHP-1710,AB-REEFER-8710,PolarTrans Logistics,Maharashtra Distribution Center,Mumbai Urban Distribution Center,Fresh Dairy & Perishables,18232.66,1078,Cross-Country,26.44,32.22,2.5,3.51,9.56,5.3,22.73,0.63,12,66,95.7,126,5.81,43.35,0,0.0854,Low Risk (Safe),OPTIMAL: Thermal Profile Compliant; Clear for Immediate Inbound Put-away
SHP-1711,AB-REEFER-8711,ArcticLogistics Global,AB InBev Brewery - Bengaluru Hub,Mumbai Urban Distribution Center,Fresh Dairy & Perishables,19306.33,490,Mid Haul,36.5,42.93,2.5,4.63,6.96,6.1,8.8,0.844,1,9,82.4,27,5.52,15.2,0,0.0037,Low Risk (Safe),OPTIMAL: Thermal Profile Compliant; Clear for Immediate Inbound Put-away
SHP-1712,AB-REEFER-8712,ArcticLogistics Global,AB InBev Brewery - Bengaluru Hub,Kolkata Eastern Terminal,Pasteurized Keg Beer / Premium Lager,33160.37,788,Long Haul,39.89,46.06,3.5,5.5,11.52,0.7,12.64,0.505,8,68,85.1,89,7.79,32.81,0,0.0154,Low Risk (Safe),OPTIMAL: Thermal Profile Compliant; Clear for Immediate Inbound Put-away
SHP-1713,AB-REEFER-8713,PolarTrans Logistics,Gujarat BioPharma Park,Delhi NCR Mega Fulfillment,Fresh Dairy & Perishables,33585.96,460,Mid Haul,28.87,35.94,2.5,4.04,7.54,3.1,7.98,0.747,2,9,67.8,101,5.37,50.53,1,0.7992,Critical Risk (Immediate Action),CRITICAL: High Quality Degradation Detected; Expedite Destination QA Inspection
SHP-1714,AB-REEFER-8714,PolarTrans Logistics,Gujarat BioPharma Park,Kolkata Eastern Terminal,Frozen Foods & Confectionery,33386.36,597,Mid Haul,38.07,42.74,-20.0,-18.2,-15.75,3.4,9.59,0.187,1,7,79.4,0,-17.27,5.21,0,0.0014,Low Risk (Safe),OPTIMAL: Thermal Profile Compliant; Clear for Immediate Inbound Put-away
SHP-1715,AB-REEFER-8715,ColdFleet Express,Gujarat BioPharma Park,Hyderabad Metro Depot,Fresh Dairy & Perishables,25718.44,495,Mid Haul,37.62,40.32,2.5,4.43,6.8,4.7,7.93,0.566,1,11,88.4,91,5.33,44.74,0,0.0294,Low Risk (Safe),OPTIMAL: Thermal Profile Compliant; Clear for Immediate Inbound Put-away
SHP-1716,AB-REEFER-8716,PolarTrans Logistics,Haryana Bottling Facility,Mumbai Urban Distribution Center,Pasteurized Keg Beer / Premium Lager,25256.66,390,Mid Haul,28.46,32.05,3.5,4.75,11.12,1.0,6.02,0.316,5,57,85.6,82,7.17,26.72,0,0.0185,Low Risk (Safe),OPTIMAL: Thermal Profile Compliant; Clear for Immediate Inbound Put-away
SHP-1717,AB-REEFER-8717,PolarTrans Logistics,Punjab Regional Cold Hub,Hyderabad Metro Depot,Pharma Biologics & Vaccines,180519.25,404,Mid Haul,41.19,46.6,4.0,5.77,9.27,1.3,5.95,0.752,2,16,94.6,55,7.1,7.34,0,0.0028,Low Risk (Safe),OPTIMAL: Thermal Profile Compliant; Clear for Immediate Inbound Put-away
SHP-1718,AB-REEFER-8718,ThermoHaul Freight,AB InBev Brewery - Bengaluru Hub,Kolkata Eastern Terminal,Fresh Dairy & Perishables,33680.71,852,Long Haul,26.55,29.26,2.5,2.8,6.01,3.9,14.97,0.95,1,5,69.2,11,4.02,9.23,0,0.0037,Low Risk (Safe),OPTIMAL: Thermal Profile Compliant; Clear for Immediate Inbound Put-away
SHP-1719,AB-REEFER-8719,ColdFleet Express,Gujarat BioPharma Park,Mumbai Urban Distribution Center,Fresh Dairy & Perishables,33843.62,564,Mid Haul,26.83,33.27,2.5,4.62,8.81,4.0,9.96,0.576,3,19,65.1,112,6.21,52.88,1,0.4613,Moderate Risk (Monitor),WARNING: Schedule Reefer Compressor Inspection & Door Seal Re-calibration at Hub
SHP-1720,AB-REEFER-8720,PolarTrans Logistics,Gujarat BioPharma Park,Goa Coastal Transit Hub,Pasteurized Keg Beer / Premium Lager,22568.47,442,Mid Haul,32.69,36.74,3.5,5.03,8.03,3.0,9.46,0.655,3,26,96.7,26,6.17,4.89,0,0.0019,Low Risk (Safe),OPTIMAL: Thermal Profile Compliant; Clear for Immediate Inbound Put-away
SHP-1721,AB-REEFER-8721,PolarTrans Logistics,Haryana Bottling Facility,Goa Coastal Transit Hub,Pharma Biologics & Vaccines,121881.86,1150,Cross-Country,30.19,36.75,4.0,5.86,10.03,4.6,24.88,0.643,3,25,97.9,76,7.44,43.06,0,0.0064,Low Risk (Safe),OPTIMAL: Thermal Profile Compliant; Clear for Immediate Inbound Put-away
SHP-1722,AB-REEFER-8722,ThermoHaul Freight,Haryana Bottling Facility,Mumbai Urban Distribution Center,Frozen Foods & Confectionery,16360.04,771,Long Haul,33.48,39.69,-20.0,-19.31,-17.04,4.5,13.26,0.937,1,8,72.8,0,-18.45,14.47,0,0.0024,Low Risk (Safe),OPTIMAL: Thermal Profile Compliant; Clear for Immediate Inbound Put-away
SHP-1723,AB-REEFER-8723,ArcticLogistics Global,Punjab Regional Cold Hub,Hyderabad Metro Depot,Pasteurized Keg Beer / Premium Lager,22747.49,1215,Cross-Country,30.18,35.43,3.5,5.52,12.08,5.5,29.7,0.307,12,94,62.0,113,8.01,58.37,1,0.9671,Critical Risk (Immediate Action),CRITICAL: Inspect for Flavour Skunking & Colloidal Haze at Inbound Gate; Reroute to Priority Cross-Dock
SHP-1724,AB-REEFER-8724,ArcticLogistics Global,Haryana Bottling Facility,Kolkata Eastern Terminal,Pasteurized Keg Beer / Premium Lager,34807.74,979,Long Haul,35.54,41.99,3.5,6.15,9.99,0.8,14.56,0.456,8,33,79.5,48,7.61,32.22,0,0.0021,Low Risk (Safe),OPTIMAL: Thermal Profile Compliant; Clear for Immediate Inbound Put-away
SHP-1725,AB-REEFER-8725,PolarTrans Logistics,Punjab Regional Cold Hub,Mumbai Urban Distribution Center,Pharma Biologics & Vaccines,238449.4,389,Mid Haul,39.28,46.75,4.0,4.68,8.5,3.9,7.72,0.313,1,10,79.7,10,6.13,10.33,0,0.0015,Low Risk (Safe),OPTIMAL: Thermal Profile Compliant; Clear for Immediate Inbound Put-away
SHP-1726,AB-REEFER-8726,ThermoHaul Freight,Gujarat BioPharma Park,Mumbai Urban Distribution Center,Fresh Dairy & Perishables,17526.96,293,Short Haul,37.55,41.45,2.5,5.3,8.8,4.6,4.04,0.805,1,5,64.4,78,6.63,44.77,0,0.3944,Moderate Risk (Monitor),WARNING: Schedule Reefer Compressor Inspection & Door Seal Re-calibration at Hub
SHP-1727,AB-REEFER-8727,ColdFleet Express,Haryana Bottling Facility,Kolkata Eastern Terminal,Pasteurized Keg Beer / Premium Lager,48741.19,1087,Cross-Country,40.16,43.25,3.5,5.12,8.74,1.6,21.55,0.452,2,22,87.3,26,6.5,12.85,0,0.0013,Low Risk (Safe),OPTIMAL: Thermal Profile Compliant; Clear for Immediate Inbound Put-away
SHP-1728,AB-REEFER-8728,PolarTrans Logistics,Haryana Bottling Facility,Mumbai Urban Distribution Center,Pasteurized Keg Beer / Premium Lager,22007.36,452,Mid Haul,38.85,45.46,3.5,6.21,9.47,6.1,11.2,0.812,1,9,76.4,66,7.45,35.54,0,0.028,Low Risk (Safe),OPTIMAL: Thermal Profile Compliant; Clear for Immediate Inbound Put-away
SHP-1729,AB-REEFER-8729,ArcticLogistics Global,Punjab Regional Cold Hub,Goa Coastal Transit Hub,Pharma Biologics & Vaccines,93361.7,734,Long Haul,36.16,41.99,4.0,5.62,12.47,2.4,14.0,0.381,12,99,79.1,83,8.22,100.0,1,0.9026,Critical Risk (Immediate Action),CRITICAL: Quash for Biologics Potency & Cold-Chain Excursion Audit; Do Not Release to Cold-Room
SHP-1730,AB-REEFER-8730,ThermoHaul Freight,Maharashtra Distribution Center,Hyderabad Metro Depot,Fresh Dairy & Perishables,15739.12,858,Long Haul,29.94,34.59,2.5,4.03,12.3,3.2,15.24,0.483,8,98,93.9,153,7.17,100.0,1,0.9867,Critical Risk (Immediate Action),CRITICAL: High Quality Degradation Detected; Expedite Destination QA Inspection
SHP-1731,AB-REEFER-8731,ColdFleet Express,AB InBev Brewery - Bengaluru Hub,Goa Coastal Transit Hub,Fresh Dairy & Perishables,28732.87,929,Long Haul,39.12,42.57,2.5,4.31,5.9,2.7,20.05,0.283,1,6,76.3,38,4.91,10.34,0,0.0026,Low Risk (Safe),OPTIMAL: Thermal Profile Compliant; Clear for Immediate Inbound Put-away
SHP-1732,AB-REEFER-8732,ColdFleet Express,AB InBev Brewery - Bengaluru Hub,Delhi NCR Mega Fulfillment,Pasteurized Keg Beer / Premium Lager,44592.88,398,Mid Haul,35.43,39.1,3.5,5.55,11.99,6.5,8.55,0.69,8,86,66.1,86,8.0,40.66,0,0.0542,Low Risk (Safe),OPTIMAL: Thermal Profile Compliant; Clear for Immediate Inbound Put-away
SHP-1733,AB-REEFER-8733,ArcticLogistics Global,Gujarat BioPharma Park,Hyderabad Metro Depot,Frozen Foods & Confectionery,35915.82,840,Long Haul,39.05,41.71,-20.0,-17.6,-12.99,0.6,15.24,0.8,8,46,81.7,45,-15.85,18.37,0,0.0026,Low Risk (Safe),OPTIMAL: Thermal Profile Compliant; Clear for Immediate Inbound Put-away
SHP-1734,AB-REEFER-8734,ThermoHaul Freight,Maharashtra Distribution Center,Hyderabad Metro Depot,Pharma Biologics & Vaccines,222960.85,711,Long Haul,36.46,42.49,4.0,5.65,9.49,6.2,10.95,0.857,2,8,62.8,66,7.11,51.36,1,0.7659,Critical Risk (Immediate Action),CRITICAL: Quash for Biologics Potency & Cold-Chain Excursion Audit; Do Not Release to Cold-Room
SHP-1735,AB-REEFER-8735,PolarTrans Logistics,Gujarat BioPharma Park,Mumbai Urban Distribution Center,Pasteurized Keg Beer / Premium Lager,49353.44,702,Long Haul,35.62,39.3,3.5,5.27,8.31,3.1,13.57,0.916,2,18,81.6,21,6.43,17.52,0,0.0021,Low Risk (Safe),OPTIMAL: Thermal Profile Compliant; Clear for Immediate Inbound Put-away
SHP-1736,AB-REEFER-8736,ArcticLogistics Global,Maharashtra Distribution Center,Kolkata Eastern Terminal,Fresh Dairy & Perishables,18781.87,407,Mid Haul,33.79,39.33,2.5,4.2,9.84,7.9,9.06,0.92,8,65,67.6,79,6.34,55.24,1,0.9336,Critical Risk (Immediate Action),CRITICAL: High Quality Degradation Detected; Expedite Destination QA Inspection
SHP-1737,AB-REEFER-8737,ColdFleet Express,Maharashtra Distribution Center,Mumbai Urban Distribution Center,Frozen Foods & Confectionery,38196.94,722,Long Haul,27.07,31.52,-20.0,-18.92,-14.84,5.9,16.98,0.521,2,27,70.0,0,-17.37,8.04,0,0.0014,Low Risk (Safe),OPTIMAL: Thermal Profile Compliant; Clear for Immediate Inbound Put-away
SHP-1738,AB-REEFER-8738,ArcticLogistics Global,Gujarat BioPharma Park,Kolkata Eastern Terminal,Fresh Dairy & Perishables,18936.94,516,Mid Haul,26.57,30.47,2.5,5.25,12.43,3.3,14.49,0.833,8,95,71.3,127,7.98,98.75,1,0.9958,Critical Risk (Immediate Action),CRITICAL: High Quality Degradation Detected; Expedite Destination QA Inspection
SHP-1739,AB-REEFER-8739,PolarTrans Logistics,Gujarat BioPharma Park,Delhi NCR Mega Fulfillment,Pharma Biologics & Vaccines,228964.7,1157,Cross-Country,37.82,44.11,4.0,5.74,8.65,6.5,33.24,0.819,3,30,72.2,87,6.85,47.47,0,0.0427,Low Risk (Safe),OPTIMAL: Thermal Profile Compliant; Clear for Immediate Inbound Put-away
SHP-1740,AB-REEFER-8740,ArcticLogistics Global,Maharashtra Distribution Center,Hyderabad Metro Depot,Pasteurized Keg Beer / Premium Lager,23692.43,643,Mid Haul,29.85,36.22,3.5,5.21,12.57,1.5,16.47,0.814,8,91,90.9,96,8.01,46.95,0,0.0783,Low Risk (Safe),OPTIMAL: Thermal Profile Compliant; Clear for Immediate Inbound Put-away
SHP-1741,AB-REEFER-8741,ArcticLogistics Global,AB InBev Brewery - Bengaluru Hub,Kolkata Eastern Terminal,Fresh Dairy & Perishables,32352.82,263,Short Haul,41.71,47.05,2.5,4.5,10.41,7.6,4.97,0.565,5,51,92.0,260,6.75,100.0,1,0.9638,Critical Risk (Immediate Action),CRITICAL: High Quality Degradation Detected; Expedite Destination QA Inspection
SHP-1742,AB-REEFER-8742,PolarTrans Logistics,Haryana Bottling Facility,Goa Coastal Transit Hub,Pharma Biologics & Vaccines,235784.83,520,Mid Haul,29.73,34.62,4.0,4.86,10.5,5.0,11.39,0.689,3,37,91.1,89,7.0,41.74,0,0.008,Low Risk (Safe),OPTIMAL: Thermal Profile Compliant; Clear for Immediate Inbound Put-away
SHP-1743,AB-REEFER-8743,ColdFleet Express,Gujarat BioPharma Park,Mumbai Urban Distribution Center,Fresh Dairy & Perishables,22837.87,712,Long Haul,39.47,45.46,2.5,4.08,5.93,5.8,13.63,0.573,2,8,64.7,19,4.78,16.88,0,0.0032,Low Risk (Safe),OPTIMAL: Thermal Profile Compliant; Clear for Immediate Inbound Put-away
SHP-1744,AB-REEFER-8744,PolarTrans Logistics,Maharashtra Distribution Center,Kolkata Eastern Terminal,Fresh Dairy & Perishables,18720.75,776,Long Haul,30.27,36.84,2.5,4.35,9.5,8.3,13.75,0.521,3,27,82.0,84,6.31,48.84,0,0.0229,Low Risk (Safe),OPTIMAL: Thermal Profile Compliant; Clear for Immediate Inbound Put-away
SHP-1745,AB-REEFER-8745,ColdFleet Express,Punjab Regional Cold Hub,Kolkata Eastern Terminal,Pasteurized Keg Beer / Premium Lager,34921.33,746,Long Haul,28.02,34.41,3.5,4.28,9.63,3.1,17.7,0.195,5,65,74.0,64,6.31,30.79,0,0.0088,Low Risk (Safe),OPTIMAL: Thermal Profile Compliant; Clear for Immediate Inbound Put-away
SHP-1746,AB-REEFER-8746,ThermoHaul Freight,Haryana Bottling Facility,Kolkata Eastern Terminal,Pharma Biologics & Vaccines,151111.76,421,Mid Haul,26.98,32.99,4.0,5.26,8.54,2.7,8.64,0.853,1,11,81.2,43,6.51,4.85,0,0.0021,Low Risk (Safe),OPTIMAL: Thermal Profile Compliant; Clear for Immediate Inbound Put-away
SHP-1747,AB-REEFER-8747,ThermoHaul Freight,AB InBev Brewery - Bengaluru Hub,Goa Coastal Transit Hub,Pasteurized Keg Beer / Premium Lager,51777.07,827,Long Haul,33.26,36.46,3.5,4.8,13.97,6.3,16.45,0.412,8,101,80.9,129,8.28,51.61,1,0.971,Critical Risk (Immediate Action),CRITICAL: Inspect for Flavour Skunking & Colloidal Haze at Inbound Gate; Reroute to Priority Cross-Dock
SHP-1748,AB-REEFER-8748,ArcticLogistics Global,Punjab Regional Cold Hub,Kolkata Eastern Terminal,Fresh Dairy & Perishables,22886.39,968,Long Haul,26.54,32.39,2.5,4.48,9.19,3.5,19.39,0.56,5,58,86.5,135,6.27,46.94,0,0.1102,Low Risk (Safe),OPTIMAL: Thermal Profile Compliant; Clear for Immediate Inbound Put-away
SHP-1749,AB-REEFER-8749,PolarTrans Logistics,Maharashtra Distribution Center,Goa Coastal Transit Hub,Pasteurized Keg Beer / Premium Lager,34171.19,528,Mid Haul,27.91,34.15,3.5,5.01,9.22,5.3,9.63,0.637,2,8,90.8,22,6.61,3.82,0,0.0017,Low Risk (Safe),OPTIMAL: Thermal Profile Compliant; Clear for Immediate Inbound Put-away
SHP-1750,AB-REEFER-8750,ThermoHaul Freight,Haryana Bottling Facility,Mumbai Urban Distribution Center,Pasteurized Keg Beer / Premium Lager,49625.86,569,Mid Haul,27.29,33.68,3.5,4.94,9.2,3.7,9.9,0.21,1,9,97.0,70,6.56,22.42,0,0.0061,Low Risk (Safe),OPTIMAL: Thermal Profile Compliant; Clear for Immediate Inbound Put-away
SHP-1751,AB-REEFER-8751,PolarTrans Logistics,Gujarat BioPharma Park,Hyderabad Metro Depot,Pasteurized Keg Beer / Premium Lager,46657.07,479,Mid Haul,41.79,46.61,3.5,4.97,7.42,3.1,7.93,0.742,1,10,77.3,0,5.9,20.21,0,0.0022,Low Risk (Safe),OPTIMAL: Thermal Profile Compliant; Clear for Immediate Inbound Put-away
SHP-1752,AB-REEFER-8752,ThermoHaul Freight,Haryana Bottling Facility,Kolkata Eastern Terminal,Pasteurized Keg Beer / Premium Lager,25501.05,196,Short Haul,40.72,46.54,3.5,4.62,9.1,3.0,3.4,0.289,2,21,94.7,26,6.32,0.73,0,0.0014,Low Risk (Safe),OPTIMAL: Thermal Profile Compliant; Clear for Immediate Inbound Put-away
SHP-1753,AB-REEFER-8753,ColdFleet Express,Gujarat BioPharma Park,Kolkata Eastern Terminal,Frozen Foods & Confectionery,19743.61,447,Mid Haul,37.59,40.3,-20.0,-18.65,-10.25,4.4,7.96,0.325,12,122,80.0,78,-15.46,53.0,1,0.8935,Critical Risk (Immediate Action),CRITICAL: High Quality Degradation Detected; Expedite Destination QA Inspection
SHP-1754,AB-REEFER-8754,ArcticLogistics Global,Haryana Bottling Facility,Goa Coastal Transit Hub,Pharma Biologics & Vaccines,270907.97,557,Mid Haul,32.99,38.25,4.0,5.81,11.08,6.5,10.28,0.843,8,56,85.1,95,7.81,46.51,0,0.0994,Low Risk (Safe),OPTIMAL: Thermal Profile Compliant; Clear for Immediate Inbound Put-away
SHP-1755,AB-REEFER-8755,ColdFleet Express,Punjab Regional Cold Hub,Mumbai Urban Distribution Center,Fresh Dairy & Perishables,24957.6,485,Mid Haul,28.3,32.82,2.5,3.62,6.76,0.8,9.08,0.479,2,24,93.2,119,4.81,49.38,0,0.0065,Low Risk (Safe),OPTIMAL: Thermal Profile Compliant; Clear for Immediate Inbound Put-away
SHP-1756,AB-REEFER-8756,ThermoHaul Freight,Punjab Regional Cold Hub,Kolkata Eastern Terminal,Pasteurized Keg Beer / Premium Lager,24127.97,1173,Cross-Country,35.76,38.77,3.5,5.57,11.43,2.8,27.16,0.863,5,65,85.5,137,7.8,52.67,1,0.8907,Critical Risk (Immediate Action),CRITICAL: Inspect for Flavour Skunking & Colloidal Haze at Inbound Gate; Reroute to Priority Cross-Dock
SHP-1757,AB-REEFER-8757,PolarTrans Logistics,Haryana Bottling Facility,Hyderabad Metro Depot,Pharma Biologics & Vaccines,161886.43,456,Mid Haul,39.4,45.61,4.0,6.69,11.83,8.1,9.55,0.392,5,62,87.1,119,8.64,47.77,0,0.1212,Low Risk (Safe),OPTIMAL: Thermal Profile Compliant; Clear for Immediate Inbound Put-away
SHP-1758,AB-REEFER-8758,ArcticLogistics Global,AB InBev Brewery - Bengaluru Hub,Delhi NCR Mega Fulfillment,Fresh Dairy & Perishables,13967.86,678,Long Haul,36.58,42.25,2.5,4.93,9.35,6.7,14.9,0.681,5,22,67.1,108,6.61,47.63,0,0.1126,Low Risk (Safe),OPTIMAL: Thermal Profile Compliant; Clear for Immediate Inbound Put-away
SHP-1759,AB-REEFER-8759,PolarTrans Logistics,Gujarat BioPharma Park,Kolkata Eastern Terminal,Frozen Foods & Confectionery,41574.1,719,Long Haul,31.06,34.39,-20.0,-18.58,-8.74,6.4,18.34,0.941,12,121,96.3,103,-14.84,48.77,0,0.0157,Low Risk (Safe),OPTIMAL: Thermal Profile Compliant; Clear for Immediate Inbound Put-away
SHP-1760,AB-REEFER-8760,ArcticLogistics Global,AB InBev Brewery - Bengaluru Hub,Delhi NCR Mega Fulfillment,Fresh Dairy & Perishables,14071.07,509,Mid Haul,30.84,36.92,2.5,3.52,6.54,5.8,9.83,0.689,2,24,87.0,71,4.67,50.44,1,0.4081,Moderate Risk (Monitor),WARNING: Schedule Reefer Compressor Inspection & Door Seal Re-calibration at Hub
SHP-1761,AB-REEFER-8761,ColdFleet Express,Haryana Bottling Facility,Kolkata Eastern Terminal,Fresh Dairy & Perishables,21121.41,161,Short Haul,27.03,30.98,2.5,3.47,8.11,5.6,3.13,0.3,3,32,67.0,77,5.23,45.57,0,0.029,Low Risk (Safe),OPTIMAL: Thermal Profile Compliant; Clear for Immediate Inbound Put-away
SHP-1762,AB-REEFER-8762,ArcticLogistics Global,Maharashtra Distribution Center,Mumbai Urban Distribution Center,Pasteurized Keg Beer / Premium Lager,51159.63,1108,Cross-Country,28.28,35.24,3.5,4.49,8.55,3.1,26.37,0.572,3,36,66.0,107,6.03,47.56,0,0.0565,Low Risk (Safe),OPTIMAL: Thermal Profile Compliant; Clear for Immediate Inbound Put-away
SHP-1763,AB-REEFER-8763,ThermoHaul Freight,AB InBev Brewery - Bengaluru Hub,Hyderabad Metro Depot,Pasteurized Keg Beer / Premium Lager,28538.43,689,Long Haul,35.4,39.63,3.5,3.57,10.78,5.6,15.38,0.772,12,108,98.3,56,6.31,28.26,0,0.0042,Low Risk (Safe),OPTIMAL: Thermal Profile Compliant; Clear for Immediate Inbound Put-away
SHP-1764,AB-REEFER-8764,ThermoHaul Freight,Haryana Bottling Facility,Delhi NCR Mega Fulfillment,Pasteurized Keg Beer / Premium Lager,42717.25,272,Short Haul,36.31,42.41,3.5,5.5,9.64,5.3,5.2,0.809,3,26,70.0,44,7.07,35.96,0,0.0022,Low Risk (Safe),OPTIMAL: Thermal Profile Compliant; Clear for Immediate Inbound Put-away
SHP-1765,AB-REEFER-8765,ColdFleet Express,AB InBev Brewery - Bengaluru Hub,Goa Coastal Transit Hub,Frozen Foods & Confectionery,25460.5,681,Long Haul,26.51,31.17,-20.0,-19.14,-14.67,6.7,14.05,0.673,2,15,86.8,0,-17.44,2.07,0,0.0016,Low Risk (Safe),OPTIMAL: Thermal Profile Compliant; Clear for Immediate Inbound Put-away
SHP-1766,AB-REEFER-8766,PolarTrans Logistics,Punjab Regional Cold Hub,Hyderabad Metro Depot,Pharma Biologics & Vaccines,185374.15,1034,Cross-Country,36.39,41.74,4.0,6.15,10.97,1.0,27.99,0.377,3,41,76.2,99,7.98,51.67,1,0.8111,Critical Risk (Immediate Action),CRITICAL: Quash for Biologics Potency & Cold-Chain Excursion Audit; Do Not Release to Cold-Room
SHP-1767,AB-REEFER-8767,ColdFleet Express,Haryana Bottling Facility,Goa Coastal Transit Hub,Fresh Dairy & Perishables,23761.31,843,Long Haul,27.18,33.89,2.5,4.16,10.74,8.2,15.44,0.195,5,65,70.8,106,6.66,95.43,1,0.9197,Critical Risk (Immediate Action),CRITICAL: High Quality Degradation Detected; Expedite Destination QA Inspection
SHP-1768,AB-REEFER-8768,ArcticLogistics Global,Punjab Regional Cold Hub,Mumbai Urban Distribution Center,Pharma Biologics & Vaccines,240423.29,1054,Cross-Country,39.06,43.11,4.0,5.62,8.46,3.9,18.06,0.56,2,23,85.9,113,6.7,42.96,0,0.0529,Low Risk (Safe),OPTIMAL: Thermal Profile Compliant; Clear for Immediate Inbound Put-away
SHP-1769,AB-REEFER-8769,ThermoHaul Freight,Gujarat BioPharma Park,Goa Coastal Transit Hub,Pasteurized Keg Beer / Premium Lager,25828.28,367,Mid Haul,41.34,45.72,3.5,5.62,10.94,4.7,5.42,0.366,8,61,92.8,57,7.64,25.51,0,0.0023,Low Risk (Safe),OPTIMAL: Thermal Profile Compliant; Clear for Immediate Inbound Put-away
SHP-1770,AB-REEFER-8770,PolarTrans Logistics,Maharashtra Distribution Center,Delhi NCR Mega Fulfillment,Pasteurized Keg Beer / Premium Lager,44200.23,621,Mid Haul,34.22,37.08,3.5,3.9,7.65,4.0,9.3,0.226,1,13,75.7,0,5.33,11.32,0,0.0013,Low Risk (Safe),OPTIMAL: Thermal Profile Compliant; Clear for Immediate Inbound Put-away
SHP-1771,AB-REEFER-8771,ArcticLogistics Global,Punjab Regional Cold Hub,Kolkata Eastern Terminal,Pasteurized Keg Beer / Premium Lager,24532.1,419,Mid Haul,32.49,36.22,3.5,5.66,9.5,5.1,7.03,0.708,3,30,74.7,42,7.12,25.9,0,0.0021,Low Risk (Safe),OPTIMAL: Thermal Profile Compliant; Clear for Immediate Inbound Put-away
SHP-1772,AB-REEFER-8772,ArcticLogistics Global,Maharashtra Distribution Center,Kolkata Eastern Terminal,Pasteurized Keg Beer / Premium Lager,23300.6,559,Mid Haul,37.3,41.26,3.5,4.93,8.62,2.5,12.88,0.81,2,14,83.8,33,6.33,11.67,0,0.0021,Low Risk (Safe),OPTIMAL: Thermal Profile Compliant; Clear for Immediate Inbound Put-away
SHP-1773,AB-REEFER-8773,ColdFleet Express,Maharashtra Distribution Center,Kolkata Eastern Terminal,Frozen Foods & Confectionery,23355.99,461,Mid Haul,39.26,46.27,-20.0,-17.24,-7.01,7.1,12.69,0.698,12,146,80.9,169,-13.35,100.0,1,0.9722,Critical Risk (Immediate Action),CRITICAL: High Quality Degradation Detected; Expedite Destination QA Inspection
SHP-1774,AB-REEFER-8774,ArcticLogistics Global,Maharashtra Distribution Center,Delhi NCR Mega Fulfillment,Pasteurized Keg Beer / Premium Lager,34112.22,735,Long Haul,30.62,37.17,3.5,4.56,8.12,1.0,13.13,0.191,1,6,75.1,44,5.91,28.02,0,0.0012,Low Risk (Safe),OPTIMAL: Thermal Profile Compliant; Clear for Immediate Inbound Put-away
SHP-1775,AB-REEFER-8775,PolarTrans Logistics,Maharashtra Distribution Center,Goa Coastal Transit Hub,Pasteurized Keg Beer / Premium Lager,49215.56,353,Mid Haul,35.11,42.01,3.5,4.79,12.21,7.1,7.51,0.292,8,74,92.7,101,7.61,47.28,0,0.0881,Low Risk (Safe),OPTIMAL: Thermal Profile Compliant; Clear for Immediate Inbound Put-away
SHP-1776,AB-REEFER-8776,ColdFleet Express,Haryana Bottling Facility,Hyderabad Metro Depot,Pharma Biologics & Vaccines,204709.38,1203,Cross-Country,39.02,44.0,4.0,5.48,14.65,6.3,18.51,0.568,16,101,81.0,153,8.96,100.0,1,0.9879,Critical Risk (Immediate Action),CRITICAL: Quash for Biologics Potency & Cold-Chain Excursion Audit; Do Not Release to Cold-Room
SHP-1777,AB-REEFER-8777,ArcticLogistics Global,Haryana Bottling Facility,Goa Coastal Transit Hub,Frozen Foods & Confectionery,27051.84,761,Long Haul,38.98,46.07,-20.0,-18.39,-13.46,5.3,11.29,0.611,3,29,89.9,81,-16.52,43.11,0,0.0193,Low Risk (Safe),OPTIMAL: Thermal Profile Compliant; Clear for Immediate Inbound Put-away
SHP-1778,AB-REEFER-8778,PolarTrans Logistics,Maharashtra Distribution Center,Mumbai Urban Distribution Center,Pharma Biologics & Vaccines,234788.27,305,Mid Haul,28.87,32.55,4.0,5.61,9.38,3.7,6.06,0.31,1,8,72.9,45,7.04,9.54,0,0.0014,Low Risk (Safe),OPTIMAL: Thermal Profile Compliant; Clear for Immediate Inbound Put-away
SHP-1779,AB-REEFER-8779,ColdFleet Express,Maharashtra Distribution Center,Kolkata Eastern Terminal,Fresh Dairy & Perishables,19275.62,982,Long Haul,28.66,31.95,2.5,3.98,13.98,2.7,22.56,0.249,12,135,95.9,187,7.78,97.62,1,0.993,Critical Risk (Immediate Action),CRITICAL: High Quality Degradation Detected; Expedite Destination QA Inspection
SHP-1780,AB-REEFER-8780,PolarTrans Logistics,Haryana Bottling Facility,Delhi NCR Mega Fulfillment,Pharma Biologics & Vaccines,273346.07,338,Mid Haul,34.11,38.51,4.0,5.84,10.23,1.8,6.36,0.248,2,21,97.8,75,7.51,44.02,0,0.0064,Low Risk (Safe),OPTIMAL: Thermal Profile Compliant; Clear for Immediate Inbound Put-away
SHP-1781,AB-REEFER-8781,ColdFleet Express,Haryana Bottling Facility,Mumbai Urban Distribution Center,Pasteurized Keg Beer / Premium Lager,39224.67,804,Long Haul,27.93,31.26,3.5,5.62,7.98,7.1,14.57,0.518,2,16,63.0,0,6.52,12.63,0,0.0019,Low Risk (Safe),OPTIMAL: Thermal Profile Compliant; Clear for Immediate Inbound Put-away
SHP-1782,AB-REEFER-8782,ColdFleet Express,Punjab Regional Cold Hub,Goa Coastal Transit Hub,Pasteurized Keg Beer / Premium Lager,37421.9,1381,Cross-Country,28.67,33.95,3.5,4.88,7.87,2.3,29.87,0.785,2,9,72.1,0,6.02,11.47,0,0.0016,Low Risk (Safe),OPTIMAL: Thermal Profile Compliant; Clear for Immediate Inbound Put-away
SHP-1783,AB-REEFER-8783,ColdFleet Express,Haryana Bottling Facility,Delhi NCR Mega Fulfillment,Fresh Dairy & Perishables,29154.35,484,Mid Haul,32.1,38.69,2.5,5.35,11.33,8.4,8.36,0.469,5,68,64.4,125,7.62,100.0,1,0.9868,Critical Risk (Immediate Action),CRITICAL: High Quality Degradation Detected; Expedite Destination QA Inspection
SHP-1784,AB-REEFER-8784,ColdFleet Express,Gujarat BioPharma Park,Kolkata Eastern Terminal,Pharma Biologics & Vaccines,240795.88,702,Long Haul,38.21,44.41,4.0,4.86,8.12,6.7,19.71,0.865,1,9,81.7,62,6.1,48.18,0,0.0161,Low Risk (Safe),OPTIMAL: Thermal Profile Compliant; Clear for Immediate Inbound Put-away
SHP-1785,AB-REEFER-8785,ColdFleet Express,Punjab Regional Cold Hub,Goa Coastal Transit Hub,Fresh Dairy & Perishables,15857.21,465,Mid Haul,35.62,41.65,2.5,4.44,7.64,3.7,13.15,0.743,3,12,72.1,47,5.66,4.69,0,0.0034,Low Risk (Safe),OPTIMAL: Thermal Profile Compliant; Clear for Immediate Inbound Put-away
SHP-1786,AB-REEFER-8786,ThermoHaul Freight,AB InBev Brewery - Bengaluru Hub,Goa Coastal Transit Hub,Fresh Dairy & Perishables,21353.69,477,Mid Haul,29.32,34.99,2.5,4.4,8.29,3.9,9.7,0.543,3,24,68.8,109,5.88,47.66,0,0.1733,Low Risk (Safe),OPTIMAL: Thermal Profile Compliant; Clear for Immediate Inbound Put-away
SHP-1787,AB-REEFER-8787,PolarTrans Logistics,Gujarat BioPharma Park,Mumbai Urban Distribution Center,Fresh Dairy & Perishables,19301.3,1045,Cross-Country,39.77,47.0,2.5,3.42,7.46,5.7,17.71,0.913,2,16,86.8,44,4.96,13.11,0,0.0027,Low Risk (Safe),OPTIMAL: Thermal Profile Compliant; Clear for Immediate Inbound Put-away
SHP-1788,AB-REEFER-8788,PolarTrans Logistics,Haryana Bottling Facility,Kolkata Eastern Terminal,Pharma Biologics & Vaccines,163234.73,427,Mid Haul,39.72,43.3,4.0,4.6,8.19,7.0,7.6,0.265,2,21,89.6,23,5.96,11.41,0,0.0015,Low Risk (Safe),OPTIMAL: Thermal Profile Compliant; Clear for Immediate Inbound Put-away
SHP-1789,AB-REEFER-8789,ArcticLogistics Global,Haryana Bottling Facility,Mumbai Urban Distribution Center,Frozen Foods & Confectionery,19501.01,854,Long Haul,40.28,44.83,-20.0,-17.13,-7.79,5.4,16.76,0.795,16,147,77.9,155,-13.58,100.0,1,0.98,Critical Risk (Immediate Action),CRITICAL: High Quality Degradation Detected; Expedite Destination QA Inspection
SHP-1790,AB-REEFER-8790,PolarTrans Logistics,Maharashtra Distribution Center,Hyderabad Metro Depot,Fresh Dairy & Perishables,12223.82,626,Mid Haul,37.16,41.61,2.5,5.26,8.69,5.6,11.66,0.907,5,40,62.9,70,6.56,55.95,1,0.9567,Critical Risk (Immediate Action),CRITICAL: High Quality Degradation Detected; Expedite Destination QA Inspection
SHP-1791,AB-REEFER-8791,ThermoHaul Freight,Punjab Regional Cold Hub,Hyderabad Metro Depot,Pasteurized Keg Beer / Premium Lager,36242.13,453,Mid Haul,29.95,35.35,3.5,5.55,9.32,6.3,9.96,0.815,5,36,65.5,89,6.98,29.83,0,0.0658,Low Risk (Safe),OPTIMAL: Thermal Profile Compliant; Clear for Immediate Inbound Put-away
SHP-1792,AB-REEFER-8792,PolarTrans Logistics,Gujarat BioPharma Park,Goa Coastal Transit Hub,Pasteurized Keg Beer / Premium Lager,43896.6,708,Long Haul,30.15,36.86,3.5,4.49,7.88,8.1,15.28,0.584,2,9,64.6,0,5.78,16.41,0,0.0033,Low Risk (Safe),OPTIMAL: Thermal Profile Compliant; Clear for Immediate Inbound Put-away
SHP-1793,AB-REEFER-8793,ColdFleet Express,Punjab Regional Cold Hub,Hyderabad Metro Depot,Fresh Dairy & Perishables,26933.76,969,Long Haul,27.08,30.62,2.5,3.45,6.54,7.4,19.73,0.599,1,9,72.1,37,4.62,8.38,0,0.0029,Low Risk (Safe),OPTIMAL: Thermal Profile Compliant; Clear for Immediate Inbound Put-away
SHP-1794,AB-REEFER-8794,ColdFleet Express,Punjab Regional Cold Hub,Delhi NCR Mega Fulfillment,Fresh Dairy & Perishables,20933.36,590,Mid Haul,29.72,32.37,2.5,4.09,7.73,7.3,13.38,0.91,2,13,82.9,61,5.47,47.12,0,0.0216,Low Risk (Safe),OPTIMAL: Thermal Profile Compliant; Clear for Immediate Inbound Put-away
SHP-1795,AB-REEFER-8795,PolarTrans Logistics,Maharashtra Distribution Center,Kolkata Eastern Terminal,Fresh Dairy & Perishables,21464.27,717,Long Haul,26.11,32.65,2.5,4.57,13.48,1.5,13.14,0.443,16,129,79.7,147,7.96,96.36,1,0.9932,Critical Risk (Immediate Action),CRITICAL: High Quality Degradation Detected; Expedite Destination QA Inspection
SHP-1796,AB-REEFER-8796,ThermoHaul Freight,AB InBev Brewery - Bengaluru Hub,Mumbai Urban Distribution Center,Pasteurized Keg Beer / Premium Lager,25878.12,899,Long Haul,40.65,46.09,3.5,4.86,8.84,0.7,13.64,0.526,5,44,72.5,41,6.37,35.15,0,0.0022,Low Risk (Safe),OPTIMAL: Thermal Profile Compliant; Clear for Immediate Inbound Put-away
SHP-1797,AB-REEFER-8797,ArcticLogistics Global,Maharashtra Distribution Center,Hyderabad Metro Depot,Fresh Dairy & Perishables,15252.34,960,Long Haul,35.87,43.15,2.5,4.4,11.76,7.2,21.62,0.29,16,101,97.1,120,7.2,98.37,1,0.8853,Critical Risk (Immediate Action),CRITICAL: High Quality Degradation Detected; Expedite Destination QA Inspection
SHP-1798,AB-REEFER-8798,ColdFleet Express,Haryana Bottling Facility,Mumbai Urban Distribution Center,Pasteurized Keg Beer / Premium Lager,32256.23,1107,Cross-Country,36.36,42.23,3.5,5.41,12.15,7.5,15.25,0.666,8,92,74.4,75,7.97,37.02,0,0.0242,Low Risk (Safe),OPTIMAL: Thermal Profile Compliant; Clear for Immediate Inbound Put-away
SHP-1799,AB-REEFER-8799,ThermoHaul Freight,Gujarat BioPharma Park,Hyderabad Metro Depot,Pasteurized Keg Beer / Premium Lager,37490.62,558,Mid Haul,26.17,32.62,3.5,5.36,14.21,2.6,8.78,0.188,16,115,67.7,120,8.72,52.48,1,0.9848,Critical Risk (Immediate Action),CRITICAL: Inspect for Flavour Skunking & Colloidal Haze at Inbound Gate; Reroute to Priority Cross-Dock
SHP-1800,AB-REEFER-8800,PolarTrans Logistics,Haryana Bottling Facility,Hyderabad Metro Depot,Pharma Biologics & Vaccines,140827.42,756,Long Haul,39.76,43.91,4.0,5.93,8.42,7.9,12.22,0.305,1,11,65.8,8,6.88,9.89,0,0.0014,Low Risk (Safe),OPTIMAL: Thermal Profile Compliant; Clear for Immediate Inbound Put-away
SHP-1801,AB-REEFER-8801,ArcticLogistics Global,Haryana Bottling Facility,Mumbai Urban Distribution Center,Fresh Dairy & Perishables,29007.56,340,Mid Haul,31.89,38.72,2.5,3.08,5.27,1.1,6.61,0.945,1,10,98.5,10,3.91,7.94,0,0.0038,Low Risk (Safe),OPTIMAL: Thermal Profile Compliant; Clear for Immediate Inbound Put-away
SHP-1802,AB-REEFER-8802,PolarTrans Logistics,Haryana Bottling Facility,Hyderabad Metro Depot,Pharma Biologics & Vaccines,187074.28,474,Mid Haul,31.37,36.15,4.0,4.93,9.98,1.8,8.41,0.865,5,37,69.4,106,6.85,48.62,0,0.0879,Low Risk (Safe),OPTIMAL: Thermal Profile Compliant; Clear for Immediate Inbound Put-away
SHP-1803,AB-REEFER-8803,ThermoHaul Freight,Haryana Bottling Facility,Hyderabad Metro Depot,Pasteurized Keg Beer / Premium Lager,34049.38,419,Mid Haul,35.99,40.07,3.5,4.34,9.8,5.8,8.18,0.263,8,71,63.5,55,6.41,36.54,0,0.0072,Low Risk (Safe),OPTIMAL: Thermal Profile Compliant; Clear for Immediate Inbound Put-away
SHP-1804,AB-REEFER-8804,ArcticLogistics Global,Haryana Bottling Facility,Goa Coastal Transit Hub,Pasteurized Keg Beer / Premium Lager,30314.29,715,Long Haul,37.73,43.85,3.5,5.03,7.99,4.9,14.31,0.475,2,21,67.4,0,6.15,17.2,0,0.0017,Low Risk (Safe),OPTIMAL: Thermal Profile Compliant; Clear for Immediate Inbound Put-away
SHP-1805,AB-REEFER-8805,ColdFleet Express,Haryana Bottling Facility,Mumbai Urban Distribution Center,Frozen Foods & Confectionery,24024.33,750,Long Haul,29.61,36.9,-20.0,-18.62,-12.29,1.2,19.94,0.653,5,63,89.3,60,-16.21,4.22,0,0.002,Low Risk (Safe),OPTIMAL: Thermal Profile Compliant; Clear for Immediate Inbound Put-away
SHP-1806,AB-REEFER-8806,ArcticLogistics Global,AB InBev Brewery - Bengaluru Hub,Delhi NCR Mega Fulfillment,Pasteurized Keg Beer / Premium Lager,48410.28,962,Long Haul,34.02,37.45,3.5,4.42,8.45,1.5,18.24,0.715,2,8,73.3,47,5.95,36.85,0,0.0016,Low Risk (Safe),OPTIMAL: Thermal Profile Compliant; Clear for Immediate Inbound Put-away
SHP-1807,AB-REEFER-8807,ColdFleet Express,Punjab Regional Cold Hub,Kolkata Eastern Terminal,Pasteurized Keg Beer / Premium Lager,40284.71,493,Mid Haul,38.98,42.65,3.5,5.09,7.47,3.8,11.12,0.366,3,20,97.8,0,5.99,8.88,0,0.0022,Low Risk (Safe),OPTIMAL: Thermal Profile Compliant; Clear for Immediate Inbound Put-away
SHP-1808,AB-REEFER-8808,ArcticLogistics Global,Maharashtra Distribution Center,Kolkata Eastern Terminal,Fresh Dairy & Perishables,18944.32,538,Mid Haul,33.86,37.19,2.5,3.86,5.87,4.0,7.28,0.307,1,6,90.8,104,4.62,41.1,0,0.0089,Low Risk (Safe),OPTIMAL: Thermal Profile Compliant; Clear for Immediate Inbound Put-away
SHP-1809,AB-REEFER-8809,PolarTrans Logistics,Maharashtra Distribution Center,Kolkata Eastern Terminal,Fresh Dairy & Perishables,16526.42,799,Long Haul,31.43,35.07,2.5,4.03,7.19,2.5,22.81,0.408,1,9,65.2,43,5.23,7.41,0,0.0033,Low Risk (Safe),OPTIMAL: Thermal Profile Compliant; Clear for Immediate Inbound Put-away
SHP-1810,AB-REEFER-8810,ThermoHaul Freight,Maharashtra Distribution Center,Mumbai Urban Distribution Center,Pasteurized Keg Beer / Premium Lager,29037.1,236,Short Haul,38.94,45.61,3.5,5.33,9.28,1.4,4.13,0.39,2,11,78.9,40,6.83,4.78,0,0.0017,Low Risk (Safe),OPTIMAL: Thermal Profile Compliant; Clear for Immediate Inbound Put-away
SHP-1811,AB-REEFER-8811,ColdFleet Express,Punjab Regional Cold Hub,Goa Coastal Transit Hub,Pasteurized Keg Beer / Premium Lager,23160.5,242,Short Haul,33.82,37.6,3.5,3.97,7.84,6.0,4.53,0.452,5,33,93.5,10,5.44,7.57,0,0.0016,Low Risk (Safe),OPTIMAL: Thermal Profile Compliant; Clear for Immediate Inbound Put-away
SHP-1812,AB-REEFER-8812,ArcticLogistics Global,Maharashtra Distribution Center,Kolkata Eastern Terminal,Pasteurized Keg Beer / Premium Lager,33510.62,1156,Cross-Country,39.32,46.43,3.5,4.86,7.36,4.4,19.69,0.302,1,8,83.7,0,5.81,7.77,0,0.0017,Low Risk (Safe),OPTIMAL: Thermal Profile Compliant; Clear for Immediate Inbound Put-away
SHP-1813,AB-REEFER-8813,ThermoHaul Freight,Maharashtra Distribution Center,Kolkata Eastern Terminal,Pharma Biologics & Vaccines,131381.73,1056,Cross-Country,32.82,40.18,4.0,5.46,10.65,7.1,25.01,0.742,5,42,87.8,83,7.43,41.48,0,0.0321,Low Risk (Safe),OPTIMAL: Thermal Profile Compliant; Clear for Immediate Inbound Put-away
SHP-1814,AB-REEFER-8814,PolarTrans Logistics,AB InBev Brewery - Bengaluru Hub,Hyderabad Metro Depot,Pasteurized Keg Beer / Premium Lager,30203.33,216,Short Haul,40.41,43.56,3.5,4.82,9.29,3.1,5.13,0.505,2,19,84.6,67,6.52,26.05,0,0.0079,Low Risk (Safe),OPTIMAL: Thermal Profile Compliant; Clear for Immediate Inbound Put-away
SHP-1815,AB-REEFER-8815,PolarTrans Logistics,Punjab Regional Cold Hub,Mumbai Urban Distribution Center,Frozen Foods & Confectionery,36173.76,786,Long Haul,30.31,33.11,-20.0,-18.42,-14.51,3.7,16.66,0.909,3,24,93.3,0,-16.93,2.44,0,0.0018,Low Risk (Safe),OPTIMAL: Thermal Profile Compliant; Clear for Immediate Inbound Put-away
SHP-1816,AB-REEFER-8816,PolarTrans Logistics,Gujarat BioPharma Park,Goa Coastal Transit Hub,Frozen Foods & Confectionery,17036.63,591,Mid Haul,39.79,47.27,-20.0,-18.49,-14.91,7.9,11.93,0.879,1,5,87.5,0,-17.13,8.32,0,0.0016,Low Risk (Safe),OPTIMAL: Thermal Profile Compliant; Clear for Immediate Inbound Put-away
SHP-1817,AB-REEFER-8817,PolarTrans Logistics,Gujarat BioPharma Park,Hyderabad Metro Depot,Pasteurized Keg Beer / Premium Lager,24997.76,564,Mid Haul,27.66,32.14,3.5,4.72,9.36,4.5,13.69,0.502,3,22,65.4,129,6.48,59.74,1,0.9039,Critical Risk (Immediate Action),CRITICAL: Inspect for Flavour Skunking & Colloidal Haze at Inbound Gate; Reroute to Priority Cross-Dock
SHP-1818,AB-REEFER-8818,PolarTrans Logistics,Punjab Regional Cold Hub,Mumbai Urban Distribution Center,Pasteurized Keg Beer / Premium Lager,36954.34,683,Long Haul,35.64,38.3,3.5,6.83,19.17,0.8,10.81,0.682,16,197,82.2,219,11.52,100.0,1,0.9885,Critical Risk (Immediate Action),CRITICAL: Inspect for Flavour Skunking & Colloidal Haze at Inbound Gate; Reroute to Priority Cross-Dock
SHP-1819,AB-REEFER-8819,PolarTrans Logistics,Punjab Regional Cold Hub,Hyderabad Metro Depot,Fresh Dairy & Perishables,29669.21,400,Mid Haul,30.37,36.97,2.5,4.93,11.58,5.4,6.85,0.359,8,77,94.9,148,7.46,93.95,1,0.9735,Critical Risk (Immediate Action),CRITICAL: High Quality Degradation Detected; Expedite Destination QA Inspection
SHP-1820,AB-REEFER-8820,ColdFleet Express,Punjab Regional Cold Hub,Goa Coastal Transit Hub,Pasteurized Keg Beer / Premium Lager,26288.11,1065,Cross-Country,36.53,40.27,3.5,5.43,9.41,5.7,29.7,0.785,3,34,69.4,30,6.94,15.07,0,0.0019,Low Risk (Safe),OPTIMAL: Thermal Profile Compliant; Clear for Immediate Inbound Put-away
SHP-1821,AB-REEFER-8821,ArcticLogistics Global,Punjab Regional Cold Hub,Mumbai Urban Distribution Center,Pharma Biologics & Vaccines,276589.91,671,Long Haul,38.68,44.33,4.0,6.33,11.21,3.4,14.12,0.743,2,25,75.7,60,8.18,12.14,0,0.019,Low Risk (Safe),OPTIMAL: Thermal Profile Compliant; Clear for Immediate Inbound Put-away
SHP-1822,AB-REEFER-8822,PolarTrans Logistics,Gujarat BioPharma Park,Mumbai Urban Distribution Center,Frozen Foods & Confectionery,39376.53,812,Long Haul,29.59,35.11,-20.0,-18.44,-12.91,4.0,14.27,0.283,5,39,93.0,37,-16.34,6.96,0,0.0019,Low Risk (Safe),OPTIMAL: Thermal Profile Compliant; Clear for Immediate Inbound Put-away
SHP-1823,AB-REEFER-8823,ThermoHaul Freight,Haryana Bottling Facility,Mumbai Urban Distribution Center,Fresh Dairy & Perishables,13290.44,744,Long Haul,32.01,35.81,2.5,5.44,11.5,3.5,19.61,0.27,12,71,62.5,129,7.74,100.0,1,0.9899,Critical Risk (Immediate Action),CRITICAL: High Quality Degradation Detected; Expedite Destination QA Inspection
SHP-1824,AB-REEFER-8824,ThermoHaul Freight,Maharashtra Distribution Center,Goa Coastal Transit Hub,Pharma Biologics & Vaccines,124655.64,937,Long Haul,37.68,43.44,4.0,5.57,10.14,1.0,21.84,0.713,5,53,74.2,53,7.31,13.83,0,0.0028,Low Risk (Safe),OPTIMAL: Thermal Profile Compliant; Clear for Immediate Inbound Put-away
SHP-1825,AB-REEFER-8825,ColdFleet Express,AB InBev Brewery - Bengaluru Hub,Kolkata Eastern Terminal,Fresh Dairy & Perishables,29390.5,637,Mid Haul,33.09,36.42,2.5,3.5,5.31,3.0,12.23,0.471,1,10,82.0,0,4.19,10.56,0,0.0031,Low Risk (Safe),OPTIMAL: Thermal Profile Compliant; Clear for Immediate Inbound Put-away
SHP-1826,AB-REEFER-8826,PolarTrans Logistics,Gujarat BioPharma Park,Delhi NCR Mega Fulfillment,Pasteurized Keg Beer / Premium Lager,35794.45,364,Mid Haul,37.6,44.86,3.5,4.96,9.14,3.4,6.81,0.24,1,10,82.6,20,6.55,9.08,0,0.0018,Low Risk (Safe),OPTIMAL: Thermal Profile Compliant; Clear for Immediate Inbound Put-away
SHP-1827,AB-REEFER-8827,PolarTrans Logistics,Haryana Bottling Facility,Goa Coastal Transit Hub,Pasteurized Keg Beer / Premium Lager,47479.68,473,Mid Haul,33.08,36.89,3.5,4.95,7.56,0.6,8.11,0.931,1,9,88.4,0,5.94,9.05,0,0.0018,Low Risk (Safe),OPTIMAL: Thermal Profile Compliant; Clear for Immediate Inbound Put-away
SHP-1828,AB-REEFER-8828,ColdFleet Express,Gujarat BioPharma Park,Mumbai Urban Distribution Center,Pharma Biologics & Vaccines,172782.74,1276,Cross-Country,37.98,40.76,4.0,5.43,8.97,3.5,26.52,0.587,5,35,81.1,145,6.78,43.92,0,0.0195,Low Risk (Safe),OPTIMAL: Thermal Profile Compliant; Clear for Immediate Inbound Put-away
SHP-1829,AB-REEFER-8829,ColdFleet Express,Punjab Regional Cold Hub,Mumbai Urban Distribution Center,Pharma Biologics & Vaccines,168982.48,1059,Cross-Country,40.0,42.82,4.0,5.76,9.32,7.6,23.19,0.388,1,8,98.4,72,7.11,46.48,0,0.0085,Low Risk (Safe),OPTIMAL: Thermal Profile Compliant; Clear for Immediate Inbound Put-away
SHP-1830,AB-REEFER-8830,ColdFleet Express,Gujarat BioPharma Park,Mumbai Urban Distribution Center,Fresh Dairy & Perishables,30647.92,865,Long Haul,35.91,40.92,2.5,5.01,12.9,3.5,19.69,0.865,12,90,84.0,172,8.01,100.0,1,0.99,Critical Risk (Immediate Action),CRITICAL: High Quality Degradation Detected; Expedite Destination QA Inspection
SHP-1831,AB-REEFER-8831,ThermoHaul Freight,AB InBev Brewery - Bengaluru Hub,Goa Coastal Transit Hub,Pasteurized Keg Beer / Premium Lager,36032.09,242,Short Haul,32.8,37.1,3.5,5.47,14.72,6.8,4.96,0.485,8,111,82.9,133,8.98,52.69,1,0.9702,Critical Risk (Immediate Action),CRITICAL: Inspect for Flavour Skunking & Colloidal Haze at Inbound Gate; Reroute to Priority Cross-Dock
SHP-1832,AB-REEFER-8832,PolarTrans Logistics,Punjab Regional Cold Hub,Mumbai Urban Distribution Center,Pharma Biologics & Vaccines,130578.5,828,Long Haul,36.54,43.67,4.0,6.46,8.32,2.7,13.05,0.273,1,6,66.3,83,7.17,48.04,0,0.0374,Low Risk (Safe),OPTIMAL: Thermal Profile Compliant; Clear for Immediate Inbound Put-away
SHP-1833,AB-REEFER-8833,ThermoHaul Freight,Maharashtra Distribution Center,Mumbai Urban Distribution Center,Fresh Dairy & Perishables,18202.92,223,Short Haul,36.23,39.73,2.5,3.21,5.85,7.1,4.02,0.885,1,10,76.5,25,4.21,14.44,0,0.0033,Low Risk (Safe),OPTIMAL: Thermal Profile Compliant; Clear for Immediate Inbound Put-away
SHP-1834,AB-REEFER-8834,PolarTrans Logistics,AB InBev Brewery - Bengaluru Hub,Mumbai Urban Distribution Center,Pasteurized Keg Beer / Premium Lager,24338.51,453,Mid Haul,36.52,43.9,3.5,3.62,8.29,1.0,9.29,0.374,3,37,98.4,26,5.39,3.6,0,0.0015,Low Risk (Safe),OPTIMAL: Thermal Profile Compliant; Clear for Immediate Inbound Put-away
SHP-1835,AB-REEFER-8835,ColdFleet Express,Punjab Regional Cold Hub,Mumbai Urban Distribution Center,Fresh Dairy & Perishables,23152.51,718,Long Haul,37.09,41.81,2.5,3.78,8.39,4.7,15.96,0.855,5,20,93.1,60,5.53,10.48,0,0.0035,Low Risk (Safe),OPTIMAL: Thermal Profile Compliant; Clear for Immediate Inbound Put-away
SHP-1836,AB-REEFER-8836,PolarTrans Logistics,Haryana Bottling Facility,Delhi NCR Mega Fulfillment,Pharma Biologics & Vaccines,194056.71,512,Mid Haul,29.49,32.12,4.0,6.12,17.83,5.3,10.53,0.774,16,183,96.3,184,10.57,100.0,1,0.9868,Critical Risk (Immediate Action),CRITICAL: Quash for Biologics Potency & Cold-Chain Excursion Audit; Do Not Release to Cold-Room
SHP-1837,AB-REEFER-8837,ColdFleet Express,Haryana Bottling Facility,Delhi NCR Mega Fulfillment,Pasteurized Keg Beer / Premium Lager,22975.89,559,Mid Haul,31.75,38.49,3.5,5.79,10.44,3.6,10.19,0.391,3,25,64.3,96,7.56,59.03,1,0.5217,Moderate Risk (Monitor),WARNING: Schedule Reefer Compressor Inspection & Door Seal Re-calibration at Hub
SHP-1838,AB-REEFER-8838,ThermoHaul Freight,Haryana Bottling Facility,Hyderabad Metro Depot,Fresh Dairy & Perishables,21094.78,1185,Cross-Country,37.64,41.06,2.5,4.49,8.1,7.1,28.26,0.57,1,13,67.4,62,5.86,45.57,0,0.0403,Low Risk (Safe),OPTIMAL: Thermal Profile Compliant; Clear for Immediate Inbound Put-away
SHP-1839,AB-REEFER-8839,ArcticLogistics Global,Haryana Bottling Facility,Goa Coastal Transit Hub,Pasteurized Keg Beer / Premium Lager,48278.05,674,Long Haul,36.24,42.84,3.5,4.67,10.19,0.8,11.07,0.375,5,38,88.7,40,6.77,14.21,0,0.002,Low Risk (Safe),OPTIMAL: Thermal Profile Compliant; Clear for Immediate Inbound Put-away
SHP-1840,AB-REEFER-8840,ThermoHaul Freight,Punjab Regional Cold Hub,Kolkata Eastern Terminal,Pasteurized Keg Beer / Premium Lager,49905.72,730,Long Haul,36.49,42.23,3.5,3.98,7.12,6.6,11.25,0.655,1,9,83.6,0,5.17,13.3,0,0.002,Low Risk (Safe),OPTIMAL: Thermal Profile Compliant; Clear for Immediate Inbound Put-away
SHP-1841,AB-REEFER-8841,ThermoHaul Freight,Haryana Bottling Facility,Hyderabad Metro Depot,Pharma Biologics & Vaccines,93666.69,573,Mid Haul,29.76,35.2,4.0,4.8,8.69,8.2,11.6,0.72,2,24,86.7,56,6.28,6.78,0,0.0021,Low Risk (Safe),OPTIMAL: Thermal Profile Compliant; Clear for Immediate Inbound Put-away
SHP-1842,AB-REEFER-8842,ThermoHaul Freight,Haryana Bottling Facility,Delhi NCR Mega Fulfillment,Pharma Biologics & Vaccines,219163.76,686,Long Haul,39.95,46.26,4.0,4.72,8.32,3.4,13.93,0.355,2,25,64.7,28,6.09,12.47,0,0.0024,Low Risk (Safe),OPTIMAL: Thermal Profile Compliant; Clear for Immediate Inbound Put-away
SHP-1843,AB-REEFER-8843,ThermoHaul Freight,AB InBev Brewery - Bengaluru Hub,Goa Coastal Transit Hub,Fresh Dairy & Perishables,22312.74,430,Mid Haul,36.46,41.66,2.5,4.32,8.66,5.4,7.33,0.496,5,52,81.7,65,5.97,46.34,0,0.0775,Low Risk (Safe),OPTIMAL: Thermal Profile Compliant; Clear for Immediate Inbound Put-away
SHP-1844,AB-REEFER-8844,ArcticLogistics Global,Punjab Regional Cold Hub,Goa Coastal Transit Hub,Pasteurized Keg Beer / Premium Lager,22967.65,926,Long Haul,26.78,33.05,3.5,5.03,8.25,3.5,16.07,0.313,1,8,73.0,28,6.25,14.95,0,0.0015,Low Risk (Safe),OPTIMAL: Thermal Profile Compliant; Clear for Immediate Inbound Put-away
SHP-1845,AB-REEFER-8845,PolarTrans Logistics,Gujarat BioPharma Park,Goa Coastal Transit Hub,Pasteurized Keg Beer / Premium Lager,44013.32,776,Long Haul,33.51,39.23,3.5,5.0,9.38,2.2,15.03,0.427,3,26,82.3,52,6.66,29.12,0,0.0017,Low Risk (Safe),OPTIMAL: Thermal Profile Compliant; Clear for Immediate Inbound Put-away
SHP-1846,AB-REEFER-8846,ColdFleet Express,Gujarat BioPharma Park,Goa Coastal Transit Hub,Pasteurized Keg Beer / Premium Lager,30456.45,367,Mid Haul,40.39,43.69,3.5,4.8,10.95,3.1,8.28,0.902,12,67,77.8,111,7.14,54.22,1,0.9201,Critical Risk (Immediate Action),CRITICAL: Inspect for Flavour Skunking & Colloidal Haze at Inbound Gate; Reroute to Priority Cross-Dock
SHP-1847,AB-REEFER-8847,ColdFleet Express,Punjab Regional Cold Hub,Goa Coastal Transit Hub,Fresh Dairy & Perishables,30412.65,529,Mid Haul,39.74,42.49,2.5,2.63,5.99,3.7,14.72,0.316,2,24,86.9,23,3.91,8.02,0,0.0034,Low Risk (Safe),OPTIMAL: Thermal Profile Compliant; Clear for Immediate Inbound Put-away
SHP-1848,AB-REEFER-8848,ThermoHaul Freight,Maharashtra Distribution Center,Kolkata Eastern Terminal,Fresh Dairy & Perishables,32795.11,448,Mid Haul,32.16,39.35,2.5,4.48,19.28,2.7,8.92,0.246,16,216,95.2,314,10.1,100.0,1,0.9969,Critical Risk (Immediate Action),CRITICAL: High Quality Degradation Detected; Expedite Destination QA Inspection
SHP-1849,AB-REEFER-8849,ThermoHaul Freight,Punjab Regional Cold Hub,Delhi NCR Mega Fulfillment,Pasteurized Keg Beer / Premium Lager,47170.66,771,Long Haul,33.58,39.67,3.5,5.55,10.32,8.3,20.67,0.582,8,64,85.8,67,7.36,20.9,0,0.0081,Low Risk (Safe),OPTIMAL: Thermal Profile Compliant; Clear for Immediate Inbound Put-away
SHP-1850,AB-REEFER-8850,PolarTrans Logistics,AB InBev Brewery - Bengaluru Hub,Mumbai Urban Distribution Center,Pasteurized Keg Beer / Premium Lager,47086.24,610,Mid Haul,28.89,32.12,3.5,5.13,10.83,4.3,12.97,0.909,5,40,90.2,130,7.3,42.04,0,0.0693,Low Risk (Safe),OPTIMAL: Thermal Profile Compliant; Clear for Immediate Inbound Put-away
SHP-1851,AB-REEFER-8851,PolarTrans Logistics,AB InBev Brewery - Bengaluru Hub,Kolkata Eastern Terminal,Pharma Biologics & Vaccines,250106.21,220,Short Haul,30.24,34.53,4.0,5.56,8.58,7.0,5.08,0.274,1,9,78.3,77,6.71,46.98,0,0.0152,Low Risk (Safe),OPTIMAL: Thermal Profile Compliant; Clear for Immediate Inbound Put-away
SHP-1852,AB-REEFER-8852,ColdFleet Express,Gujarat BioPharma Park,Hyderabad Metro Depot,Pasteurized Keg Beer / Premium Lager,25852.91,539,Mid Haul,27.63,34.79,3.5,3.83,10.99,2.0,11.52,0.448,12,87,94.2,107,6.55,46.61,0,0.0247,Low Risk (Safe),OPTIMAL: Thermal Profile Compliant; Clear for Immediate Inbound Put-away
SHP-1853,AB-REEFER-8853,PolarTrans Logistics,Maharashtra Distribution Center,Goa Coastal Transit Hub,Pharma Biologics & Vaccines,98848.01,576,Mid Haul,30.9,36.78,4.0,5.91,9.5,1.6,10.28,0.546,1,8,69.7,31,7.27,3.26,0,0.0016,Low Risk (Safe),OPTIMAL: Thermal Profile Compliant; Clear for Immediate Inbound Put-away
SHP-1854,AB-REEFER-8854,ColdFleet Express,Haryana Bottling Facility,Hyderabad Metro Depot,Fresh Dairy & Perishables,22212.65,740,Long Haul,35.73,41.8,2.5,4.67,7.99,0.8,14.18,0.324,5,33,80.6,96,5.93,41.27,0,0.0296,Low Risk (Safe),OPTIMAL: Thermal Profile Compliant; Clear for Immediate Inbound Put-away
SHP-1855,AB-REEFER-8855,ThermoHaul Freight,Gujarat BioPharma Park,Goa Coastal Transit Hub,Pasteurized Keg Beer / Premium Lager,23046.33,1072,Cross-Country,26.63,33.88,3.5,4.33,9.01,8.2,28.57,0.351,8,40,88.0,77,6.11,29.18,0,0.0093,Low Risk (Safe),OPTIMAL: Thermal Profile Compliant; Clear for Immediate Inbound Put-away
SHP-1856,AB-REEFER-8856,ArcticLogistics Global,Gujarat BioPharma Park,Hyderabad Metro Depot,Pharma Biologics & Vaccines,174499.39,623,Mid Haul,34.5,39.99,4.0,4.93,7.29,6.2,12.95,0.44,1,9,96.7,5,5.83,2.45,0,0.0015,Low Risk (Safe),OPTIMAL: Thermal Profile Compliant; Clear for Immediate Inbound Put-away
SHP-1857,AB-REEFER-8857,ArcticLogistics Global,Gujarat BioPharma Park,Kolkata Eastern Terminal,Pasteurized Keg Beer / Premium Lager,46417.1,737,Long Haul,41.88,44.53,3.5,5.34,8.19,5.8,12.21,0.653,2,13,66.5,33,6.42,6.85,0,0.0014,Low Risk (Safe),OPTIMAL: Thermal Profile Compliant; Clear for Immediate Inbound Put-away
SHP-1858,AB-REEFER-8858,ArcticLogistics Global,Punjab Regional Cold Hub,Goa Coastal Transit Hub,Pasteurized Keg Beer / Premium Lager,22453.22,1175,Cross-Country,26.95,31.95,3.5,4.27,8.07,7.8,21.96,0.204,2,18,75.1,111,5.71,43.32,0,0.0215,Low Risk (Safe),OPTIMAL: Thermal Profile Compliant; Clear for Immediate Inbound Put-away
SHP-1859,AB-REEFER-8859,ArcticLogistics Global,AB InBev Brewery - Bengaluru Hub,Goa Coastal Transit Hub,Fresh Dairy & Perishables,31397.66,695,Long Haul,34.33,40.14,2.5,4.39,6.85,3.4,13.16,0.723,1,7,75.3,114,5.32,49.22,0,0.0161,Low Risk (Safe),OPTIMAL: Thermal Profile Compliant; Clear for Immediate Inbound Put-away
SHP-1860,AB-REEFER-8860,ColdFleet Express,Gujarat BioPharma Park,Hyderabad Metro Depot,Pasteurized Keg Beer / Premium Lager,24635.03,340,Mid Haul,36.58,42.08,3.5,5.58,9.72,5.7,6.78,0.34,3,40,85.0,63,7.15,30.62,0,0.0123,Low Risk (Safe),OPTIMAL: Thermal Profile Compliant; Clear for Immediate Inbound Put-away
SHP-1861,AB-REEFER-8861,ThermoHaul Freight,Gujarat BioPharma Park,Delhi NCR Mega Fulfillment,Pasteurized Keg Beer / Premium Lager,33672.56,971,Long Haul,34.47,37.07,3.5,6.39,9.47,1.0,20.94,0.56,1,12,68.1,78,7.56,35.75,0,0.0215,Low Risk (Safe),OPTIMAL: Thermal Profile Compliant; Clear for Immediate Inbound Put-away
SHP-1862,AB-REEFER-8862,ThermoHaul Freight,AB InBev Brewery - Bengaluru Hub,Mumbai Urban Distribution Center,Frozen Foods & Confectionery,34075.5,766,Long Haul,31.47,35.57,-20.0,-18.31,-9.03,6.8,20.45,0.807,12,104,81.3,282,-14.78,45.63,0,0.1041,Low Risk (Safe),OPTIMAL: Thermal Profile Compliant; Clear for Immediate Inbound Put-away
SHP-1863,AB-REEFER-8863,ThermoHaul Freight,AB InBev Brewery - Bengaluru Hub,Mumbai Urban Distribution Center,Pharma Biologics & Vaccines,156354.14,121,Short Haul,27.14,33.36,4.0,5.85,9.61,5.0,2.12,0.807,2,21,62.1,58,7.28,14.43,0,0.008,Low Risk (Safe),OPTIMAL: Thermal Profile Compliant; Clear for Immediate Inbound Put-away
SHP-1864,AB-REEFER-8864,ArcticLogistics Global,Maharashtra Distribution Center,Hyderabad Metro Depot,Frozen Foods & Confectionery,33940.26,503,Mid Haul,38.52,41.86,-20.0,-19.07,-15.33,7.0,12.67,0.578,1,4,85.1,0,-17.65,8.13,0,0.0017,Low Risk (Safe),OPTIMAL: Thermal Profile Compliant; Clear for Immediate Inbound Put-away
SHP-1865,AB-REEFER-8865,ColdFleet Express,Haryana Bottling Facility,Hyderabad Metro Depot,Pharma Biologics & Vaccines,97731.18,1132,Cross-Country,26.24,30.87,4.0,4.7,8.34,5.2,22.31,0.702,1,12,84.3,10,6.08,12.89,0,0.0016,Low Risk (Safe),OPTIMAL: Thermal Profile Compliant; Clear for Immediate Inbound Put-away
SHP-1866,AB-REEFER-8866,ThermoHaul Freight,Maharashtra Distribution Center,Goa Coastal Transit Hub,Pharma Biologics & Vaccines,118639.74,523,Mid Haul,36.14,42.01,4.0,5.78,9.6,1.7,14.34,0.182,3,36,74.7,77,7.23,48.35,0,0.0232,Low Risk (Safe),OPTIMAL: Thermal Profile Compliant; Clear for Immediate Inbound Put-away
SHP-1867,AB-REEFER-8867,ThermoHaul Freight,Gujarat BioPharma Park,Kolkata Eastern Terminal,Pasteurized Keg Beer / Premium Lager,23800.68,255,Short Haul,38.55,45.35,3.5,4.17,6.86,5.3,5.84,0.741,2,11,83.4,0,5.19,9.44,0,0.0021,Low Risk (Safe),OPTIMAL: Thermal Profile Compliant; Clear for Immediate Inbound Put-away
SHP-1868,AB-REEFER-8868,PolarTrans Logistics,Punjab Regional Cold Hub,Goa Coastal Transit Hub,Pasteurized Keg Beer / Premium Lager,44379.14,623,Mid Haul,33.76,38.07,3.5,4.78,8.6,4.3,12.62,0.666,1,12,91.4,38,6.23,10.35,0,0.0015,Low Risk (Safe),OPTIMAL: Thermal Profile Compliant; Clear for Immediate Inbound Put-away
SHP-1869,AB-REEFER-8869,ColdFleet Express,Haryana Bottling Facility,Delhi NCR Mega Fulfillment,Pasteurized Keg Beer / Premium Lager,26443.49,616,Mid Haul,39.62,42.51,3.5,5.89,9.59,3.0,11.28,0.859,3,26,63.5,57,7.3,32.51,0,0.0088,Low Risk (Safe),OPTIMAL: Thermal Profile Compliant; Clear for Immediate Inbound Put-away
SHP-1870,AB-REEFER-8870,ColdFleet Express,Gujarat BioPharma Park,Goa Coastal Transit Hub,Frozen Foods & Confectionery,34270.95,505,Mid Haul,33.91,38.03,-20.0,-18.4,-16.12,3.8,8.02,0.401,1,9,75.0,0,-17.53,7.9,0,0.0014,Low Risk (Safe),OPTIMAL: Thermal Profile Compliant; Clear for Immediate Inbound Put-away
SHP-1871,AB-REEFER-8871,ColdFleet Express,Gujarat BioPharma Park,Delhi NCR Mega Fulfillment,Pasteurized Keg Beer / Premium Lager,43410.79,881,Long Haul,39.24,42.24,3.5,4.36,6.2,5.9,21.32,0.917,1,7,95.4,0,5.06,8.28,0,0.0016,Low Risk (Safe),OPTIMAL: Thermal Profile Compliant; Clear for Immediate Inbound Put-away
SHP-1872,AB-REEFER-8872,ColdFleet Express,Punjab Regional Cold Hub,Hyderabad Metro Depot,Frozen Foods & Confectionery,40873.21,773,Long Haul,35.42,38.25,-20.0,-18.79,-15.92,4.4,11.98,0.637,1,12,65.9,10,-17.7,8.37,0,0.0022,Low Risk (Safe),OPTIMAL: Thermal Profile Compliant; Clear for Immediate Inbound Put-away
SHP-1873,AB-REEFER-8873,PolarTrans Logistics,AB InBev Brewery - Bengaluru Hub,Hyderabad Metro Depot,Pasteurized Keg Beer / Premium Lager,51752.67,981,Long Haul,31.58,34.73,3.5,5.96,9.32,1.7,14.98,0.381,2,9,69.6,76,7.24,23.93,0,0.0148,Low Risk (Safe),OPTIMAL: Thermal Profile Compliant; Clear for Immediate Inbound Put-away
SHP-1874,AB-REEFER-8874,PolarTrans Logistics,AB InBev Brewery - Bengaluru Hub,Goa Coastal Transit Hub,Pharma Biologics & Vaccines,155871.17,812,Long Haul,31.29,35.14,4.0,3.98,6.77,4.9,17.22,0.493,1,9,93.0,0,5.04,10.01,0,0.0012,Low Risk (Safe),OPTIMAL: Thermal Profile Compliant; Clear for Immediate Inbound Put-away
SHP-1875,AB-REEFER-8875,ThermoHaul Freight,Haryana Bottling Facility,Mumbai Urban Distribution Center,Pasteurized Keg Beer / Premium Lager,46894.09,904,Long Haul,32.42,38.11,3.5,6.22,9.66,7.4,12.95,0.817,5,36,72.1,93,7.53,50.48,1,0.757,Critical Risk (Immediate Action),CRITICAL: Inspect for Flavour Skunking & Colloidal Haze at Inbound Gate; Reroute to Priority Cross-Dock
SHP-1876,AB-REEFER-8876,PolarTrans Logistics,Maharashtra Distribution Center,Goa Coastal Transit Hub,Frozen Foods & Confectionery,32633.34,557,Mid Haul,32.84,35.57,-20.0,-17.9,-13.74,4.5,15.4,0.76,3,15,76.0,17,-16.32,12.57,0,0.0016,Low Risk (Safe),OPTIMAL: Thermal Profile Compliant; Clear for Immediate Inbound Put-away
SHP-1877,AB-REEFER-8877,PolarTrans Logistics,Haryana Bottling Facility,Hyderabad Metro Depot,Pasteurized Keg Beer / Premium Lager,49639.53,894,Long Haul,30.17,36.82,3.5,4.85,8.39,2.6,16.65,0.57,3,15,93.2,39,6.2,1.8,0,0.0012,Low Risk (Safe),OPTIMAL: Thermal Profile Compliant; Clear for Immediate Inbound Put-away
SHP-1878,AB-REEFER-8878,PolarTrans Logistics,Haryana Bottling Facility,Kolkata Eastern Terminal,Pasteurized Keg Beer / Premium Lager,29957.74,760,Long Haul,37.05,43.04,3.5,4.87,9.34,1.5,13.04,0.313,3,35,80.5,47,6.57,27.76,0,0.0022,Low Risk (Safe),OPTIMAL: Thermal Profile Compliant; Clear for Immediate Inbound Put-away
SHP-1879,AB-REEFER-8879,ArcticLogistics Global,Haryana Bottling Facility,Goa Coastal Transit Hub,Frozen Foods & Confectionery,35154.96,372,Mid Haul,28.22,34.91,-20.0,-18.52,-14.37,5.3,7.0,0.238,3,27,67.1,0,-16.94,9.71,0,0.0018,Low Risk (Safe),OPTIMAL: Thermal Profile Compliant; Clear for Immediate Inbound Put-away
SHP-1880,AB-REEFER-8880,PolarTrans Logistics,Haryana Bottling Facility,Hyderabad Metro Depot,Frozen Foods & Confectionery,17238.66,176,Short Haul,34.8,42.27,-20.0,-18.61,-15.22,3.2,3.19,0.699,1,8,85.9,0,-17.32,16.42,0,0.0019,Low Risk (Safe),OPTIMAL: Thermal Profile Compliant; Clear for Immediate Inbound Put-away
SHP-1881,AB-REEFER-8881,ArcticLogistics Global,Maharashtra Distribution Center,Goa Coastal Transit Hub,Fresh Dairy & Perishables,20555.5,1060,Cross-Country,28.77,35.36,2.5,4.09,9.19,2.2,14.37,0.889,5,39,83.8,110,6.03,49.17,0,0.0176,Low Risk (Safe),OPTIMAL: Thermal Profile Compliant; Clear for Immediate Inbound Put-away
SHP-1882,AB-REEFER-8882,ArcticLogistics Global,Haryana Bottling Facility,Hyderabad Metro Depot,Frozen Foods & Confectionery,29446.61,590,Mid Haul,38.93,44.71,-20.0,-17.77,-14.61,2.0,10.89,0.625,3,25,87.1,0,-16.57,12.5,0,0.0021,Low Risk (Safe),OPTIMAL: Thermal Profile Compliant; Clear for Immediate Inbound Put-away
SHP-1883,AB-REEFER-8883,ColdFleet Express,AB InBev Brewery - Bengaluru Hub,Delhi NCR Mega Fulfillment,Pharma Biologics & Vaccines,228762.4,970,Long Haul,33.41,40.46,4.0,6.35,13.5,2.9,16.99,0.872,12,73,91.5,125,9.07,100.0,1,0.9704,Critical Risk (Immediate Action),CRITICAL: Quash for Biologics Potency & Cold-Chain Excursion Audit; Do Not Release to Cold-Room
SHP-1884,AB-REEFER-8884,ThermoHaul Freight,AB InBev Brewery - Bengaluru Hub,Delhi NCR Mega Fulfillment,Pasteurized Keg Beer / Premium Lager,50330.91,1065,Cross-Country,40.07,46.22,3.5,5.0,6.95,0.7,19.5,0.299,1,6,72.8,0,5.74,12.01,0,0.0016,Low Risk (Safe),OPTIMAL: Thermal Profile Compliant; Clear for Immediate Inbound Put-away
SHP-1885,AB-REEFER-8885,ColdFleet Express,Maharashtra Distribution Center,Goa Coastal Transit Hub,Fresh Dairy & Perishables,20651.75,454,Mid Haul,27.4,33.25,2.5,3.8,6.97,7.1,8.07,0.403,2,21,77.1,57,5.0,8.03,0,0.0036,Low Risk (Safe),OPTIMAL: Thermal Profile Compliant; Clear for Immediate Inbound Put-away
SHP-1886,AB-REEFER-8886,ThermoHaul Freight,Gujarat BioPharma Park,Goa Coastal Transit Hub,Pasteurized Keg Beer / Premium Lager,31931.22,287,Short Haul,33.93,36.72,3.5,5.03,6.75,1.2,5.95,0.483,1,6,66.4,0,5.68,10.49,0,0.0013,Low Risk (Safe),OPTIMAL: Thermal Profile Compliant; Clear for Immediate Inbound Put-away
SHP-1887,AB-REEFER-8887,ArcticLogistics Global,AB InBev Brewery - Bengaluru Hub,Kolkata Eastern Terminal,Pasteurized Keg Beer / Premium Lager,28981.16,442,Mid Haul,41.76,48.44,3.5,5.19,9.37,0.6,7.49,0.26,1,8,88.1,83,6.78,33.47,0,0.0295,Low Risk (Safe),OPTIMAL: Thermal Profile Compliant; Clear for Immediate Inbound Put-away
SHP-1888,AB-REEFER-8888,PolarTrans Logistics,Gujarat BioPharma Park,Hyderabad Metro Depot,Fresh Dairy & Perishables,33183.13,564,Mid Haul,36.94,43.6,2.5,3.36,7.59,4.5,14.87,0.555,2,27,97.8,82,4.97,38.63,0,0.0188,Low Risk (Safe),OPTIMAL: Thermal Profile Compliant; Clear for Immediate Inbound Put-away
SHP-1889,AB-REEFER-8889,ArcticLogistics Global,Gujarat BioPharma Park,Goa Coastal Transit Hub,Fresh Dairy & Perishables,19363.13,634,Mid Haul,36.52,39.93,2.5,5.33,9.37,3.7,8.74,0.644,1,10,65.4,134,6.87,41.18,0,0.6528,Moderate Risk (Monitor),WARNING: Schedule Reefer Compressor Inspection & Door Seal Re-calibration at Hub
SHP-1890,AB-REEFER-8890,ArcticLogistics Global,Punjab Regional Cold Hub,Goa Coastal Transit Hub,Frozen Foods & Confectionery,19369.83,882,Long Haul,35.14,39.02,-20.0,-18.68,-14.7,4.7,20.8,0.866,1,6,89.5,0,-17.17,11.52,0,0.0016,Low Risk (Safe),OPTIMAL: Thermal Profile Compliant; Clear for Immediate Inbound Put-away
SHP-1891,AB-REEFER-8891,ColdFleet Express,Haryana Bottling Facility,Kolkata Eastern Terminal,Frozen Foods & Confectionery,16871.37,896,Long Haul,38.54,44.37,-20.0,-18.07,-14.76,2.4,14.41,0.472,1,7,68.4,0,-16.81,12.26,0,0.0015,Low Risk (Safe),OPTIMAL: Thermal Profile Compliant; Clear for Immediate Inbound Put-away
SHP-1892,AB-REEFER-8892,ArcticLogistics Global,Haryana Bottling Facility,Delhi NCR Mega Fulfillment,Frozen Foods & Confectionery,39678.09,192,Short Haul,29.45,35.1,-20.0,-18.95,-15.23,1.0,3.74,0.616,1,6,85.3,0,-17.54,2.74,0,0.0017,Low Risk (Safe),OPTIMAL: Thermal Profile Compliant; Clear for Immediate Inbound Put-away
SHP-1893,AB-REEFER-8893,ArcticLogistics Global,Punjab Regional Cold Hub,Goa Coastal Transit Hub,Frozen Foods & Confectionery,37926.65,501,Mid Haul,36.89,43.66,-20.0,-17.79,-12.18,2.8,11.23,0.676,3,41,75.3,54,-15.66,17.55,0,0.0021,Low Risk (Safe),OPTIMAL: Thermal Profile Compliant; Clear for Immediate Inbound Put-away
SHP-1894,AB-REEFER-8894,PolarTrans Logistics,Punjab Regional Cold Hub,Goa Coastal Transit Hub,Frozen Foods & Confectionery,40759.16,475,Mid Haul,37.97,40.57,-20.0,-18.48,-15.73,3.7,10.96,0.534,1,9,97.7,0,-17.44,7.68,0,0.0016,Low Risk (Safe),OPTIMAL: Thermal Profile Compliant; Clear for Immediate Inbound Put-away
SHP-1895,AB-REEFER-8895,ArcticLogistics Global,AB InBev Brewery - Bengaluru Hub,Goa Coastal Transit Hub,Pasteurized Keg Beer / Premium Lager,26546.96,359,Mid Haul,30.04,34.54,3.5,4.66,8.56,8.0,5.94,0.223,3,32,87.3,74,6.14,19.04,0,0.0096,Low Risk (Safe),OPTIMAL: Thermal Profile Compliant; Clear for Immediate Inbound Put-away
SHP-1896,AB-REEFER-8896,ArcticLogistics Global,Haryana Bottling Facility,Hyderabad Metro Depot,Pasteurized Keg Beer / Premium Lager,26103.18,783,Long Haul,26.36,33.18,3.5,5.52,16.77,3.2,15.78,0.862,12,144,86.2,178,9.79,100.0,1,0.9892,Critical Risk (Immediate Action),CRITICAL: Inspect for Flavour Skunking & Colloidal Haze at Inbound Gate; Reroute to Priority Cross-Dock
SHP-1897,AB-REEFER-8897,ColdFleet Express,Punjab Regional Cold Hub,Kolkata Eastern Terminal,Fresh Dairy & Perishables,25875.66,517,Mid Haul,34.11,38.92,2.5,3.89,11.68,8.4,8.32,0.662,8,82,88.9,125,6.85,97.03,1,0.9734,Critical Risk (Immediate Action),CRITICAL: High Quality Degradation Detected; Expedite Destination QA Inspection
SHP-1898,AB-REEFER-8898,ArcticLogistics Global,Haryana Bottling Facility,Goa Coastal Transit Hub,Pasteurized Keg Beer / Premium Lager,39149.93,354,Mid Haul,38.47,45.62,3.5,4.96,9.15,1.0,8.03,0.423,1,10,78.7,109,6.55,56.47,1,0.6379,Moderate Risk (Monitor),WARNING: Schedule Reefer Compressor Inspection & Door Seal Re-calibration at Hub
SHP-1899,AB-REEFER-8899,ThermoHaul Freight,Maharashtra Distribution Center,Kolkata Eastern Terminal,Frozen Foods & Confectionery,40033.71,778,Long Haul,40.69,46.79,-20.0,-18.74,-17.26,0.9,13.95,0.419,1,4,68.9,0,-18.18,14.12,0,0.0015,Low Risk (Safe),OPTIMAL: Thermal Profile Compliant; Clear for Immediate Inbound Put-away
SHP-1900,AB-REEFER-8900,PolarTrans Logistics,Haryana Bottling Facility,Mumbai Urban Distribution Center,Pharma Biologics & Vaccines,219029.52,411,Mid Haul,27.32,32.6,4.0,5.31,9.52,1.7,8.9,0.258,2,14,68.4,91,6.91,45.47,0,0.0355,Low Risk (Safe),OPTIMAL: Thermal Profile Compliant; Clear for Immediate Inbound Put-away
SHP-1901,AB-REEFER-8901,ThermoHaul Freight,Punjab Regional Cold Hub,Goa Coastal Transit Hub,Fresh Dairy & Perishables,14737.0,405,Mid Haul,26.72,33.92,2.5,3.71,12.67,3.0,6.16,0.879,12,107,95.4,142,7.11,92.81,1,0.9731,Critical Risk (Immediate Action),CRITICAL: High Quality Degradation Detected; Expedite Destination QA Inspection
SHP-1902,AB-REEFER-8902,PolarTrans Logistics,Maharashtra Distribution Center,Goa Coastal Transit Hub,Fresh Dairy & Perishables,32624.66,862,Long Haul,35.22,40.63,2.5,4.63,7.99,7.4,14.99,0.757,3,19,71.4,67,5.91,44.82,0,0.0694,Low Risk (Safe),OPTIMAL: Thermal Profile Compliant; Clear for Immediate Inbound Put-away
SHP-1903,AB-REEFER-8903,ArcticLogistics Global,Maharashtra Distribution Center,Delhi NCR Mega Fulfillment,Pasteurized Keg Beer / Premium Lager,36873.77,1138,Cross-Country,31.67,36.24,3.5,4.2,6.16,3.2,26.64,0.613,1,11,79.1,0,4.94,16.14,0,0.0017,Low Risk (Safe),OPTIMAL: Thermal Profile Compliant; Clear for Immediate Inbound Put-away
SHP-1904,AB-REEFER-8904,ThermoHaul Freight,Maharashtra Distribution Center,Kolkata Eastern Terminal,Fresh Dairy & Perishables,25899.5,413,Mid Haul,40.2,45.93,2.5,4.56,13.47,7.0,8.7,0.87,12,99,90.6,144,7.95,100.0,1,0.9861,Critical Risk (Immediate Action),CRITICAL: High Quality Degradation Detected; Expedite Destination QA Inspection
SHP-1905,AB-REEFER-8905,ColdFleet Express,Gujarat BioPharma Park,Hyderabad Metro Depot,Fresh Dairy & Perishables,25854.48,392,Mid Haul,33.12,36.48,2.5,3.37,5.57,3.8,9.2,0.407,1,8,92.4,16,4.21,5.74,0,0.0033,Low Risk (Safe),OPTIMAL: Thermal Profile Compliant; Clear for Immediate Inbound Put-away
SHP-1906,AB-REEFER-8906,ArcticLogistics Global,Punjab Regional Cold Hub,Kolkata Eastern Terminal,Pasteurized Keg Beer / Premium Lager,43233.67,982,Long Haul,39.91,42.64,3.5,5.44,9.69,6.3,21.29,0.571,1,10,82.0,139,7.05,47.21,0,0.0219,Low Risk (Safe),OPTIMAL: Thermal Profile Compliant; Clear for Immediate Inbound Put-away
SHP-1907,AB-REEFER-8907,ArcticLogistics Global,Punjab Regional Cold Hub,Kolkata Eastern Terminal,Frozen Foods & Confectionery,29810.02,302,Mid Haul,36.86,42.18,-20.0,-18.98,-14.48,2.3,6.98,0.679,1,13,98.7,0,-17.27,6.37,0,0.0022,Low Risk (Safe),OPTIMAL: Thermal Profile Compliant; Clear for Immediate Inbound Put-away
SHP-1908,AB-REEFER-8908,PolarTrans Logistics,Haryana Bottling Facility,Delhi NCR Mega Fulfillment,Fresh Dairy & Perishables,14328.27,554,Mid Haul,40.46,45.0,2.5,3.97,7.85,8.3,13.13,0.377,1,10,64.8,53,5.44,5.5,0,0.0037,Low Risk (Safe),OPTIMAL: Thermal Profile Compliant; Clear for Immediate Inbound Put-away
SHP-1909,AB-REEFER-8909,PolarTrans Logistics,Gujarat BioPharma Park,Hyderabad Metro Depot,Pasteurized Keg Beer / Premium Lager,29995.76,885,Long Haul,32.01,38.16,3.5,5.75,7.75,1.9,19.86,0.606,3,14,63.8,0,6.51,12.45,0,0.0018,Low Risk (Safe),OPTIMAL: Thermal Profile Compliant; Clear for Immediate Inbound Put-away
SHP-1910,AB-REEFER-8910,ThermoHaul Freight,Maharashtra Distribution Center,Goa Coastal Transit Hub,Pasteurized Keg Beer / Premium Lager,33514.18,1362,Cross-Country,29.96,35.58,3.5,5.08,8.9,6.9,34.29,0.208,2,14,81.5,121,6.53,45.34,0,0.0183,Low Risk (Safe),OPTIMAL: Thermal Profile Compliant; Clear for Immediate Inbound Put-away
SHP-1911,AB-REEFER-8911,ThermoHaul Freight,AB InBev Brewery - Bengaluru Hub,Hyderabad Metro Depot,Fresh Dairy & Perishables,32153.48,612,Mid Haul,38.64,42.69,2.5,4.05,7.67,8.1,9.7,0.682,8,33,92.1,99,5.43,45.14,0,0.0177,Low Risk (Safe),OPTIMAL: Thermal Profile Compliant; Clear for Immediate Inbound Put-away
SHP-1912,AB-REEFER-8912,ColdFleet Express,Gujarat BioPharma Park,Delhi NCR Mega Fulfillment,Pharma Biologics & Vaccines,187009.31,1101,Cross-Country,30.68,34.96,4.0,5.44,10.61,4.7,22.86,0.353,5,53,86.4,51,7.4,7.97,0,0.002,Low Risk (Safe),OPTIMAL: Thermal Profile Compliant; Clear for Immediate Inbound Put-away
SHP-1913,AB-REEFER-8913,ThermoHaul Freight,Punjab Regional Cold Hub,Mumbai Urban Distribution Center,Fresh Dairy & Perishables,13221.45,216,Short Haul,34.61,38.79,2.5,3.55,9.52,7.6,4.54,0.709,5,47,81.3,103,5.82,40.05,0,0.0243,Low Risk (Safe),OPTIMAL: Thermal Profile Compliant; Clear for Immediate Inbound Put-away
SHP-1914,AB-REEFER-8914,ThermoHaul Freight,AB InBev Brewery - Bengaluru Hub,Mumbai Urban Distribution Center,Pasteurized Keg Beer / Premium Lager,25579.36,351,Mid Haul,28.64,35.59,3.5,4.87,8.23,8.4,6.76,0.348,1,13,92.5,48,6.15,24.98,0,0.0014,Low Risk (Safe),OPTIMAL: Thermal Profile Compliant; Clear for Immediate Inbound Put-away
SHP-1915,AB-REEFER-8915,ArcticLogistics Global,Maharashtra Distribution Center,Goa Coastal Transit Hub,Pharma Biologics & Vaccines,171608.24,110,Short Haul,36.17,41.41,4.0,4.99,6.63,7.1,1.97,0.197,1,7,75.7,0,5.61,8.92,0,0.0018,Low Risk (Safe),OPTIMAL: Thermal Profile Compliant; Clear for Immediate Inbound Put-away
SHP-1916,AB-REEFER-8916,ThermoHaul Freight,AB InBev Brewery - Bengaluru Hub,Hyderabad Metro Depot,Fresh Dairy & Perishables,14601.18,554,Mid Haul,35.08,42.34,2.5,5.22,11.37,4.8,11.28,0.795,5,67,64.7,120,7.56,100.0,1,0.983,Critical Risk (Immediate Action),CRITICAL: High Quality Degradation Detected; Expedite Destination QA Inspection
SHP-1917,AB-REEFER-8917,ThermoHaul Freight,Haryana Bottling Facility,Kolkata Eastern Terminal,Fresh Dairy & Perishables,12634.37,419,Mid Haul,40.57,47.52,2.5,3.32,8.22,2.2,6.08,0.399,5,20,85.1,91,5.18,42.65,0,0.0235,Low Risk (Safe),OPTIMAL: Thermal Profile Compliant; Clear for Immediate Inbound Put-away
SHP-1918,AB-REEFER-8918,ArcticLogistics Global,Punjab Regional Cold Hub,Mumbai Urban Distribution Center,Pharma Biologics & Vaccines,181826.35,898,Long Haul,37.44,42.7,4.0,5.93,11.57,1.8,20.58,0.898,8,78,81.6,121,8.07,51.33,1,0.8925,Critical Risk (Immediate Action),CRITICAL: Quash for Biologics Potency & Cold-Chain Excursion Audit; Do Not Release to Cold-Room
SHP-1919,AB-REEFER-8919,PolarTrans Logistics,AB InBev Brewery - Bengaluru Hub,Hyderabad Metro Depot,Fresh Dairy & Perishables,32199.8,554,Mid Haul,34.73,38.83,2.5,4.31,6.63,3.1,12.78,0.789,3,17,97.8,92,5.19,45.9,0,0.0322,Low Risk (Safe),OPTIMAL: Thermal Profile Compliant; Clear for Immediate Inbound Put-away
SHP-1920,AB-REEFER-8920,ArcticLogistics Global,Punjab Regional Cold Hub,Goa Coastal Transit Hub,Fresh Dairy & Perishables,21859.49,392,Mid Haul,38.39,43.01,2.5,4.79,8.64,3.0,7.41,0.905,1,8,66.9,152,6.25,52.48,1,0.9613,Critical Risk (Immediate Action),CRITICAL: High Quality Degradation Detected; Expedite Destination QA Inspection
SHP-1921,AB-REEFER-8921,ThermoHaul Freight,Maharashtra Distribution Center,Goa Coastal Transit Hub,Fresh Dairy & Perishables,29059.67,1177,Cross-Country,28.39,31.27,2.5,2.52,5.35,3.0,22.9,0.392,1,4,78.5,5,3.6,8.04,0,0.0223,Low Risk (Safe),OPTIMAL: Thermal Profile Compliant; Clear for Immediate Inbound Put-away
SHP-1922,AB-REEFER-8922,ThermoHaul Freight,Maharashtra Distribution Center,Goa Coastal Transit Hub,Pasteurized Keg Beer / Premium Lager,43207.96,609,Mid Haul,35.29,40.26,3.5,5.47,11.81,3.3,12.4,0.651,5,48,68.2,69,7.88,27.13,0,0.0262,Low Risk (Safe),OPTIMAL: Thermal Profile Compliant; Clear for Immediate Inbound Put-away
SHP-1923,AB-REEFER-8923,ThermoHaul Freight,Gujarat BioPharma Park,Mumbai Urban Distribution Center,Pasteurized Keg Beer / Premium Lager,49942.12,431,Mid Haul,36.28,43.17,3.5,4.67,7.99,3.1,7.07,0.375,1,13,95.7,0,5.93,6.56,0,0.0014,Low Risk (Safe),OPTIMAL: Thermal Profile Compliant; Clear for Immediate Inbound Put-away
SHP-1924,AB-REEFER-8924,ThermoHaul Freight,Haryana Bottling Facility,Mumbai Urban Distribution Center,Pasteurized Keg Beer / Premium Lager,42112.2,224,Short Haul,26.93,29.87,3.5,4.52,8.63,7.3,3.99,0.636,2,26,81.2,14,6.08,11.3,0,0.0019,Low Risk (Safe),OPTIMAL: Thermal Profile Compliant; Clear for Immediate Inbound Put-away
SHP-1925,AB-REEFER-8925,PolarTrans Logistics,Maharashtra Distribution Center,Goa Coastal Transit Hub,Pasteurized Keg Beer / Premium Lager,28160.25,390,Mid Haul,31.65,35.98,3.5,4.98,11.63,6.5,7.49,0.644,8,65,89.1,144,7.51,53.76,1,0.8987,Critical Risk (Immediate Action),CRITICAL: Inspect for Flavour Skunking & Colloidal Haze at Inbound Gate; Reroute to Priority Cross-Dock
SHP-1926,AB-REEFER-8926,ArcticLogistics Global,Punjab Regional Cold Hub,Mumbai Urban Distribution Center,Pasteurized Keg Beer / Premium Lager,47929.11,635,Mid Haul,28.97,34.49,3.5,5.28,10.66,7.5,12.78,0.243,3,37,63.6,98,7.32,52.39,1,0.8801,Critical Risk (Immediate Action),CRITICAL: Inspect for Flavour Skunking & Colloidal Haze at Inbound Gate; Reroute to Priority Cross-Dock
SHP-1927,AB-REEFER-8927,ArcticLogistics Global,Punjab Regional Cold Hub,Delhi NCR Mega Fulfillment,Fresh Dairy & Perishables,33586.84,937,Long Haul,36.56,42.18,2.5,5.4,10.76,3.1,20.45,0.63,8,47,67.6,109,7.44,100.0,1,0.9163,Critical Risk (Immediate Action),CRITICAL: High Quality Degradation Detected; Expedite Destination QA Inspection
SHP-1928,AB-REEFER-8928,ThermoHaul Freight,Punjab Regional Cold Hub,Mumbai Urban Distribution Center,Frozen Foods & Confectionery,19046.06,749,Long Haul,35.96,41.21,-20.0,-17.73,-11.16,7.7,10.95,0.243,16,67,72.9,60,-15.23,17.11,0,0.0034,Low Risk (Safe),OPTIMAL: Thermal Profile Compliant; Clear for Immediate Inbound Put-away
SHP-1929,AB-REEFER-8929,ArcticLogistics Global,Maharashtra Distribution Center,Goa Coastal Transit Hub,Pasteurized Keg Beer / Premium Lager,38921.46,313,Mid Haul,31.81,35.32,3.5,4.71,8.68,5.3,5.7,0.719,2,11,93.0,23,6.22,5.02,0,0.0019,Low Risk (Safe),OPTIMAL: Thermal Profile Compliant; Clear for Immediate Inbound Put-away
SHP-1930,AB-REEFER-8930,ColdFleet Express,AB InBev Brewery - Bengaluru Hub,Kolkata Eastern Terminal,Pharma Biologics & Vaccines,149061.17,457,Mid Haul,35.21,37.85,4.0,5.59,8.43,3.6,10.48,0.939,2,15,81.2,146,6.67,48.68,0,0.0453,Low Risk (Safe),OPTIMAL: Thermal Profile Compliant; Clear for Immediate Inbound Put-away
SHP-1931,AB-REEFER-8931,ThermoHaul Freight,Gujarat BioPharma Park,Delhi NCR Mega Fulfillment,Frozen Foods & Confectionery,37709.48,922,Long Haul,39.56,44.12,-20.0,-17.82,-13.07,7.6,18.67,0.942,2,24,66.3,17,-16.02,12.03,0,0.0034,Low Risk (Safe),OPTIMAL: Thermal Profile Compliant; Clear for Immediate Inbound Put-away
SHP-1932,AB-REEFER-8932,ThermoHaul Freight,AB InBev Brewery - Bengaluru Hub,Mumbai Urban Distribution Center,Frozen Foods & Confectionery,19306.58,879,Long Haul,38.37,43.28,-20.0,-16.93,-8.41,7.4,20.98,0.785,8,108,69.5,135,-13.69,54.73,1,0.9776,Critical Risk (Immediate Action),CRITICAL: High Quality Degradation Detected; Expedite Destination QA Inspection
SHP-1933,AB-REEFER-8933,ArcticLogistics Global,AB InBev Brewery - Bengaluru Hub,Hyderabad Metro Depot,Pasteurized Keg Beer / Premium Lager,27081.72,780,Long Haul,29.86,36.14,3.5,5.07,11.52,1.8,14.37,0.6,8,53,98.5,70,7.52,25.24,0,0.0063,Low Risk (Safe),OPTIMAL: Thermal Profile Compliant; Clear for Immediate Inbound Put-away
SHP-1934,AB-REEFER-8934,ColdFleet Express,Punjab Regional Cold Hub,Mumbai Urban Distribution Center,Fresh Dairy & Perishables,33968.98,134,Short Haul,38.18,41.89,2.5,5.11,7.44,6.0,2.43,0.507,1,9,84.7,35,6.0,9.26,0,0.0029,Low Risk (Safe),OPTIMAL: Thermal Profile Compliant; Clear for Immediate Inbound Put-away
SHP-1935,AB-REEFER-8935,ArcticLogistics Global,Maharashtra Distribution Center,Delhi NCR Mega Fulfillment,Pasteurized Keg Beer / Premium Lager,22123.39,1172,Cross-Country,38.42,41.08,3.5,4.5,7.48,6.6,18.54,0.366,3,17,70.4,0,5.63,16.97,0,0.0017,Low Risk (Safe),OPTIMAL: Thermal Profile Compliant; Clear for Immediate Inbound Put-away
SHP-1936,AB-REEFER-8936,ColdFleet Express,Haryana Bottling Facility,Goa Coastal Transit Hub,Pharma Biologics & Vaccines,142817.51,1031,Cross-Country,28.89,35.19,4.0,6.0,13.45,2.0,26.35,0.365,16,110,68.4,148,8.83,100.0,1,0.9923,Critical Risk (Immediate Action),CRITICAL: Quash for Biologics Potency & Cold-Chain Excursion Audit; Do Not Release to Cold-Room
SHP-1937,AB-REEFER-8937,ArcticLogistics Global,Maharashtra Distribution Center,Kolkata Eastern Terminal,Frozen Foods & Confectionery,40717.46,900,Long Haul,33.08,36.39,-20.0,-18.71,-13.65,4.5,17.61,0.664,2,25,68.5,16,-16.79,12.21,0,0.0018,Low Risk (Safe),OPTIMAL: Thermal Profile Compliant; Clear for Immediate Inbound Put-away
SHP-1938,AB-REEFER-8938,ColdFleet Express,Haryana Bottling Facility,Kolkata Eastern Terminal,Frozen Foods & Confectionery,38306.61,521,Mid Haul,28.44,31.84,-20.0,-18.76,-12.88,2.3,9.12,0.942,8,39,69.2,21,-16.53,10.78,0,0.0028,Low Risk (Safe),OPTIMAL: Thermal Profile Compliant; Clear for Immediate Inbound Put-away
SHP-1939,AB-REEFER-8939,ArcticLogistics Global,Gujarat BioPharma Park,Delhi NCR Mega Fulfillment,Fresh Dairy & Perishables,16120.25,505,Mid Haul,37.09,40.88,2.5,5.33,10.32,4.4,12.78,0.493,5,25,67.2,92,7.23,100.0,1,0.8519,Critical Risk (Immediate Action),CRITICAL: High Quality Degradation Detected; Expedite Destination QA Inspection
SHP-1940,AB-REEFER-8940,ThermoHaul Freight,Haryana Bottling Facility,Hyderabad Metro Depot,Fresh Dairy & Perishables,17143.26,639,Mid Haul,33.38,39.31,2.5,3.83,7.42,4.2,14.17,0.451,1,8,75.1,152,5.19,45.86,0,0.0579,Low Risk (Safe),OPTIMAL: Thermal Profile Compliant; Clear for Immediate Inbound Put-away
SHP-1941,AB-REEFER-8941,ThermoHaul Freight,Punjab Regional Cold Hub,Kolkata Eastern Terminal,Pasteurized Keg Beer / Premium Lager,44938.78,435,Mid Haul,30.99,34.96,3.5,4.83,7.62,0.5,8.45,0.444,3,19,67.5,0,5.89,14.9,0,0.0024,Low Risk (Safe),OPTIMAL: Thermal Profile Compliant; Clear for Immediate Inbound Put-away
SHP-1942,AB-REEFER-8942,ThermoHaul Freight,AB InBev Brewery - Bengaluru Hub,Kolkata Eastern Terminal,Fresh Dairy & Perishables,29732.63,1361,Cross-Country,31.6,36.81,2.5,4.33,10.8,3.8,36.9,0.732,8,74,77.1,99,6.79,100.0,1,0.9562,Critical Risk (Immediate Action),CRITICAL: High Quality Degradation Detected; Expedite Destination QA Inspection
SHP-1943,AB-REEFER-8943,ThermoHaul Freight,Gujarat BioPharma Park,Mumbai Urban Distribution Center,Pharma Biologics & Vaccines,259848.31,322,Mid Haul,28.39,34.2,4.0,4.99,8.81,5.4,5.76,0.226,2,14,88.1,42,6.44,5.42,0,0.0013,Low Risk (Safe),OPTIMAL: Thermal Profile Compliant; Clear for Immediate Inbound Put-away
SHP-1944,AB-REEFER-8944,ColdFleet Express,Gujarat BioPharma Park,Goa Coastal Transit Hub,Fresh Dairy & Perishables,22115.46,1348,Cross-Country,37.3,43.79,2.5,3.77,6.3,3.5,31.77,0.205,3,12,74.4,79,4.73,47.1,0,0.0534,Low Risk (Safe),OPTIMAL: Thermal Profile Compliant; Clear for Immediate Inbound Put-away
SHP-1945,AB-REEFER-8945,PolarTrans Logistics,Haryana Bottling Facility,Mumbai Urban Distribution Center,Pasteurized Keg Beer / Premium Lager,33556.98,1305,Cross-Country,29.88,35.26,3.5,5.61,12.89,2.2,19.56,0.942,8,83,77.5,128,8.38,55.89,1,0.9603,Critical Risk (Immediate Action),CRITICAL: Inspect for Flavour Skunking & Colloidal Haze at Inbound Gate; Reroute to Priority Cross-Dock
SHP-1946,AB-REEFER-8946,ArcticLogistics Global,AB InBev Brewery - Bengaluru Hub,Goa Coastal Transit Hub,Fresh Dairy & Perishables,12755.69,421,Mid Haul,31.92,38.65,2.5,4.12,6.26,1.1,8.73,0.824,1,13,83.6,19,4.93,8.89,0,0.0042,Low Risk (Safe),OPTIMAL: Thermal Profile Compliant; Clear for Immediate Inbound Put-away
SHP-1947,AB-REEFER-8947,ThermoHaul Freight,Haryana Bottling Facility,Mumbai Urban Distribution Center,Frozen Foods & Confectionery,22040.36,1209,Cross-Country,27.5,31.32,-20.0,-18.96,-14.63,1.5,25.91,0.499,1,13,95.4,0,-17.31,5.45,0,0.0013,Low Risk (Safe),OPTIMAL: Thermal Profile Compliant; Clear for Immediate Inbound Put-away
SHP-1948,AB-REEFER-8948,ThermoHaul Freight,Punjab Regional Cold Hub,Delhi NCR Mega Fulfillment,Fresh Dairy & Perishables,12922.84,550,Mid Haul,38.2,43.57,2.5,3.15,6.64,7.0,13.81,0.371,1,12,95.4,25,4.48,1.89,0,0.0028,Low Risk (Safe),OPTIMAL: Thermal Profile Compliant; Clear for Immediate Inbound Put-away
SHP-1949,AB-REEFER-8949,ThermoHaul Freight,Maharashtra Distribution Center,Kolkata Eastern Terminal,Pharma Biologics & Vaccines,277267.47,663,Long Haul,34.5,40.61,4.0,5.79,9.05,1.4,13.02,0.624,3,32,74.2,42,7.03,10.6,0,0.0026,Low Risk (Safe),OPTIMAL: Thermal Profile Compliant; Clear for Immediate Inbound Put-away
SHP-1950,AB-REEFER-8950,PolarTrans Logistics,Gujarat BioPharma Park,Hyderabad Metro Depot,Fresh Dairy & Perishables,27174.63,747,Long Haul,29.7,37.05,2.5,3.9,9.1,5.8,18.46,0.314,3,28,64.3,77,5.88,43.51,0,0.044,Low Risk (Safe),OPTIMAL: Thermal Profile Compliant; Clear for Immediate Inbound Put-away
SHP-1951,AB-REEFER-8951,ThermoHaul Freight,Haryana Bottling Facility,Mumbai Urban Distribution Center,Pasteurized Keg Beer / Premium Lager,36199.64,464,Mid Haul,33.17,36.59,3.5,5.72,8.76,5.4,7.19,0.763,1,10,87.9,15,6.88,6.04,0,0.0017,Low Risk (Safe),OPTIMAL: Thermal Profile Compliant; Clear for Immediate Inbound Put-away
SHP-1952,AB-REEFER-8952,ColdFleet Express,Gujarat BioPharma Park,Kolkata Eastern Terminal,Fresh Dairy & Perishables,23918.07,411,Mid Haul,41.57,47.64,2.5,3.82,6.76,4.3,7.04,0.284,1,11,82.3,43,4.94,9.63,0,0.0024,Low Risk (Safe),OPTIMAL: Thermal Profile Compliant; Clear for Immediate Inbound Put-away
SHP-1953,AB-REEFER-8953,ArcticLogistics Global,Haryana Bottling Facility,Goa Coastal Transit Hub,Pasteurized Keg Beer / Premium Lager,47164.19,272,Short Haul,28.99,36.39,3.5,5.1,11.0,3.5,4.27,0.445,3,39,91.7,76,7.34,26.43,0,0.005,Low Risk (Safe),OPTIMAL: Thermal Profile Compliant; Clear for Immediate Inbound Put-away
SHP-1954,AB-REEFER-8954,ThermoHaul Freight,Haryana Bottling Facility,Hyderabad Metro Depot,Pharma Biologics & Vaccines,248650.65,564,Mid Haul,33.9,36.87,4.0,4.5,9.85,2.3,11.68,0.253,5,37,94.0,73,6.53,43.68,0,0.0085,Low Risk (Safe),OPTIMAL: Thermal Profile Compliant; Clear for Immediate Inbound Put-away
SHP-1955,AB-REEFER-8955,ArcticLogistics Global,Haryana Bottling Facility,Delhi NCR Mega Fulfillment,Pharma Biologics & Vaccines,272522.3,581,Mid Haul,29.42,36.91,4.0,6.1,9.08,6.1,9.79,0.878,5,24,82.2,70,7.23,47.68,0,0.0179,Low Risk (Safe),OPTIMAL: Thermal Profile Compliant; Clear for Immediate Inbound Put-away
SHP-1956,AB-REEFER-8956,PolarTrans Logistics,Maharashtra Distribution Center,Hyderabad Metro Depot,Pasteurized Keg Beer / Premium Lager,48055.85,350,Mid Haul,39.39,46.14,3.5,5.99,13.06,6.1,6.72,0.484,12,102,64.4,105,8.68,60.75,1,0.9847,Critical Risk (Immediate Action),CRITICAL: Inspect for Flavour Skunking & Colloidal Haze at Inbound Gate; Reroute to Priority Cross-Dock
SHP-1957,AB-REEFER-8957,ColdFleet Express,Punjab Regional Cold Hub,Kolkata Eastern Terminal,Pharma Biologics & Vaccines,258758.54,788,Long Haul,39.68,43.02,4.0,6.02,12.35,7.8,15.44,0.414,5,49,88.5,155,8.43,95.11,1,0.9678,Critical Risk (Immediate Action),CRITICAL: Quash for Biologics Potency & Cold-Chain Excursion Audit; Do Not Release to Cold-Room
SHP-1958,AB-REEFER-8958,ColdFleet Express,Maharashtra Distribution Center,Kolkata Eastern Terminal,Pasteurized Keg Beer / Premium Lager,28473.88,957,Long Haul,41.16,47.05,3.5,5.11,10.98,2.2,16.89,0.64,5,56,68.3,71,7.34,34.5,0,0.0475,Low Risk (Safe),OPTIMAL: Thermal Profile Compliant; Clear for Immediate Inbound Put-away
SHP-1959,AB-REEFER-8959,ColdFleet Express,Haryana Bottling Facility,Goa Coastal Transit Hub,Frozen Foods & Confectionery,37923.42,696,Long Haul,30.18,34.76,-20.0,-19.71,-17.46,2.0,13.52,0.344,1,4,86.9,0,-18.86,0.0,0,0.0016,Low Risk (Safe),OPTIMAL: Thermal Profile Compliant; Clear for Immediate Inbound Put-away
SHP-1960,AB-REEFER-8960,ArcticLogistics Global,AB InBev Brewery - Bengaluru Hub,Goa Coastal Transit Hub,Pasteurized Keg Beer / Premium Lager,28732.81,1067,Cross-Country,36.95,40.16,3.5,4.68,6.88,3.3,26.46,0.51,3,16,87.5,0,5.52,10.58,0,0.0013,Low Risk (Safe),OPTIMAL: Thermal Profile Compliant; Clear for Immediate Inbound Put-away
SHP-1961,AB-REEFER-8961,ThermoHaul Freight,Gujarat BioPharma Park,Goa Coastal Transit Hub,Pasteurized Keg Beer / Premium Lager,36037.52,942,Long Haul,28.09,35.08,3.5,5.51,8.43,2.3,26.83,0.803,1,9,87.7,124,6.62,49.86,0,0.0196,Low Risk (Safe),OPTIMAL: Thermal Profile Compliant; Clear for Immediate Inbound Put-away
SHP-1962,AB-REEFER-8962,ThermoHaul Freight,Punjab Regional Cold Hub,Mumbai Urban Distribution Center,Pasteurized Keg Beer / Premium Lager,26103.79,284,Short Haul,36.65,42.61,3.5,3.96,6.74,5.9,6.39,0.571,1,4,78.6,0,5.02,12.67,0,0.0018,Low Risk (Safe),OPTIMAL: Thermal Profile Compliant; Clear for Immediate Inbound Put-away
SHP-1963,AB-REEFER-8963,PolarTrans Logistics,Gujarat BioPharma Park,Mumbai Urban Distribution Center,Fresh Dairy & Perishables,26919.47,742,Long Haul,38.83,45.57,2.5,4.85,8.18,1.8,18.0,0.763,3,35,72.1,50,6.12,17.86,0,0.004,Low Risk (Safe),OPTIMAL: Thermal Profile Compliant; Clear for Immediate Inbound Put-away
SHP-1964,AB-REEFER-8964,ThermoHaul Freight,Gujarat BioPharma Park,Delhi NCR Mega Fulfillment,Pasteurized Keg Beer / Premium Lager,26041.02,137,Short Haul,27.22,30.23,3.5,4.05,8.48,3.6,2.46,0.859,5,38,84.8,44,5.73,25.88,0,0.0022,Low Risk (Safe),OPTIMAL: Thermal Profile Compliant; Clear for Immediate Inbound Put-away
SHP-1965,AB-REEFER-8965,PolarTrans Logistics,Gujarat BioPharma Park,Delhi NCR Mega Fulfillment,Pharma Biologics & Vaccines,135552.12,615,Mid Haul,41.12,47.3,4.0,5.74,8.88,5.6,9.15,0.232,1,8,67.7,33,6.93,10.35,0,0.0019,Low Risk (Safe),OPTIMAL: Thermal Profile Compliant; Clear for Immediate Inbound Put-away
SHP-1966,AB-REEFER-8966,ColdFleet Express,Gujarat BioPharma Park,Kolkata Eastern Terminal,Pasteurized Keg Beer / Premium Lager,34378.87,577,Mid Haul,40.06,44.71,3.5,5.62,10.5,7.3,14.15,0.913,2,20,71.4,95,7.47,55.61,1,0.8424,Critical Risk (Immediate Action),CRITICAL: Inspect for Flavour Skunking & Colloidal Haze at Inbound Gate; Reroute to Priority Cross-Dock
SHP-1967,AB-REEFER-8967,PolarTrans Logistics,Gujarat BioPharma Park,Goa Coastal Transit Hub,Fresh Dairy & Perishables,15643.1,1149,Cross-Country,26.41,32.4,2.5,3.65,7.92,2.0,22.57,0.362,3,38,65.2,81,5.27,45.71,0,0.0797,Low Risk (Safe),OPTIMAL: Thermal Profile Compliant; Clear for Immediate Inbound Put-away
SHP-1968,AB-REEFER-8968,ColdFleet Express,Gujarat BioPharma Park,Mumbai Urban Distribution Center,Pharma Biologics & Vaccines,195913.23,471,Mid Haul,27.03,32.43,4.0,5.83,14.33,3.6,10.35,0.872,12,97,83.7,127,9.06,100.0,1,0.965,Critical Risk (Immediate Action),CRITICAL: Quash for Biologics Potency & Cold-Chain Excursion Audit; Do Not Release to Cold-Room
SHP-1969,AB-REEFER-8969,ThermoHaul Freight,Maharashtra Distribution Center,Goa Coastal Transit Hub,Pasteurized Keg Beer / Premium Lager,30990.84,943,Long Haul,37.26,40.86,3.5,4.76,14.76,0.6,16.13,0.937,12,121,76.2,188,8.56,57.04,1,0.9899,Critical Risk (Immediate Action),CRITICAL: Inspect for Flavour Skunking & Colloidal Haze at Inbound Gate; Reroute to Priority Cross-Dock
SHP-1970,AB-REEFER-8970,PolarTrans Logistics,Gujarat BioPharma Park,Delhi NCR Mega Fulfillment,Pharma Biologics & Vaccines,162176.81,748,Long Haul,34.77,41.64,4.0,6.04,8.53,3.3,20.04,0.607,1,4,78.6,41,6.99,6.35,0,0.0021,Low Risk (Safe),OPTIMAL: Thermal Profile Compliant; Clear for Immediate Inbound Put-away
SHP-1971,AB-REEFER-8971,PolarTrans Logistics,AB InBev Brewery - Bengaluru Hub,Mumbai Urban Distribution Center,Pasteurized Keg Beer / Premium Lager,29512.72,1126,Cross-Country,28.68,33.65,3.5,4.6,8.24,0.9,27.56,0.346,2,17,62.3,51,5.98,29.29,0,0.0026,Low Risk (Safe),OPTIMAL: Thermal Profile Compliant; Clear for Immediate Inbound Put-away
SHP-1972,AB-REEFER-8972,ColdFleet Express,Haryana Bottling Facility,Delhi NCR Mega Fulfillment,Fresh Dairy & Perishables,31589.5,637,Mid Haul,33.5,36.98,2.5,5.14,9.9,1.2,11.47,0.421,8,46,72.9,80,6.95,47.99,0,0.2627,Low Risk (Safe),OPTIMAL: Thermal Profile Compliant; Clear for Immediate Inbound Put-away
SHP-1973,AB-REEFER-8973,PolarTrans Logistics,AB InBev Brewery - Bengaluru Hub,Hyderabad Metro Depot,Pasteurized Keg Beer / Premium Lager,34633.1,423,Mid Haul,26.57,31.18,3.5,4.61,7.04,1.0,7.35,0.677,1,11,72.7,5,5.53,12.55,0,0.0021,Low Risk (Safe),OPTIMAL: Thermal Profile Compliant; Clear for Immediate Inbound Put-away
SHP-1974,AB-REEFER-8974,PolarTrans Logistics,AB InBev Brewery - Bengaluru Hub,Goa Coastal Transit Hub,Pasteurized Keg Beer / Premium Lager,44714.67,889,Long Haul,32.11,35.38,3.5,5.32,11.83,4.5,17.9,0.381,5,50,64.3,193,7.79,56.3,1,0.9452,Critical Risk (Immediate Action),CRITICAL: Inspect for Flavour Skunking & Colloidal Haze at Inbound Gate; Reroute to Priority Cross-Dock
SHP-1975,AB-REEFER-8975,ThermoHaul Freight,Punjab Regional Cold Hub,Kolkata Eastern Terminal,Pasteurized Keg Beer / Premium Lager,28707.74,463,Mid Haul,41.32,45.63,3.5,5.94,11.48,0.9,8.41,0.376,8,60,77.1,101,8.05,59.73,1,0.8887,Critical Risk (Immediate Action),CRITICAL: Inspect for Flavour Skunking & Colloidal Haze at Inbound Gate; Reroute to Priority Cross-Dock
SHP-1976,AB-REEFER-8976,ColdFleet Express,Punjab Regional Cold Hub,Delhi NCR Mega Fulfillment,Pharma Biologics & Vaccines,200181.15,611,Mid Haul,37.29,41.84,4.0,5.1,8.86,6.4,15.08,0.816,3,21,94.9,23,6.53,4.95,0,0.0018,Low Risk (Safe),OPTIMAL: Thermal Profile Compliant; Clear for Immediate Inbound Put-away
SHP-1977,AB-REEFER-8977,ColdFleet Express,Maharashtra Distribution Center,Mumbai Urban Distribution Center,Frozen Foods & Confectionery,36522.03,686,Long Haul,29.93,35.05,-20.0,-18.89,-15.16,3.7,16.16,0.945,3,21,75.5,0,-17.47,17.35,0,0.0018,Low Risk (Safe),OPTIMAL: Thermal Profile Compliant; Clear for Immediate Inbound Put-away
SHP-1978,AB-REEFER-8978,ArcticLogistics Global,Haryana Bottling Facility,Hyderabad Metro Depot,Pasteurized Keg Beer / Premium Lager,35726.71,1274,Cross-Country,40.97,47.12,3.5,5.28,8.07,3.5,34.78,0.63,5,24,69.1,29,6.34,14.35,0,0.0016,Low Risk (Safe),OPTIMAL: Thermal Profile Compliant; Clear for Immediate Inbound Put-away
SHP-1979,AB-REEFER-8979,ColdFleet Express,Punjab Regional Cold Hub,Goa Coastal Transit Hub,Fresh Dairy & Perishables,27897.83,923,Long Haul,35.91,40.49,2.5,4.08,10.44,6.8,12.35,0.633,5,60,94.0,216,6.5,98.57,1,0.9244,Critical Risk (Immediate Action),CRITICAL: High Quality Degradation Detected; Expedite Destination QA Inspection
SHP-1980,AB-REEFER-8980,ArcticLogistics Global,Maharashtra Distribution Center,Hyderabad Metro Depot,Frozen Foods & Confectionery,37816.03,844,Long Haul,36.16,39.51,-20.0,-18.26,-14.59,1.1,14.91,0.826,3,38,88.0,0,-16.87,8.07,0,0.002,Low Risk (Safe),OPTIMAL: Thermal Profile Compliant; Clear for Immediate Inbound Put-away
SHP-1981,AB-REEFER-8981,ThermoHaul Freight,AB InBev Brewery - Bengaluru Hub,Kolkata Eastern Terminal,Pasteurized Keg Beer / Premium Lager,22864.21,440,Mid Haul,33.53,37.06,3.5,4.62,8.7,4.1,9.92,0.943,3,39,82.2,32,6.17,11.57,0,0.0023,Low Risk (Safe),OPTIMAL: Thermal Profile Compliant; Clear for Immediate Inbound Put-away
SHP-1982,AB-REEFER-8982,ArcticLogistics Global,Maharashtra Distribution Center,Kolkata Eastern Terminal,Pharma Biologics & Vaccines,261124.48,290,Short Haul,41.19,48.64,4.0,4.95,8.74,7.0,7.26,0.337,2,14,95.2,52,6.39,2.02,0,0.0015,Low Risk (Safe),OPTIMAL: Thermal Profile Compliant; Clear for Immediate Inbound Put-away
SHP-1983,AB-REEFER-8983,ArcticLogistics Global,Punjab Regional Cold Hub,Mumbai Urban Distribution Center,Fresh Dairy & Perishables,15212.58,649,Mid Haul,28.37,33.91,2.5,4.19,6.29,7.2,12.19,0.313,1,5,66.0,74,4.99,46.47,0,0.0688,Low Risk (Safe),OPTIMAL: Thermal Profile Compliant; Clear for Immediate Inbound Put-away
SHP-1984,AB-REEFER-8984,ThermoHaul Freight,Haryana Bottling Facility,Delhi NCR Mega Fulfillment,Pasteurized Keg Beer / Premium Lager,27821.84,253,Short Haul,31.98,36.51,3.5,4.83,14.26,3.0,4.7,0.927,12,114,91.9,122,8.41,53.9,1,0.5509,Moderate Risk (Monitor),WARNING: Schedule Reefer Compressor Inspection & Door Seal Re-calibration at Hub
SHP-1985,AB-REEFER-8985,ThermoHaul Freight,Punjab Regional Cold Hub,Hyderabad Metro Depot,Pasteurized Keg Beer / Premium Lager,51601.82,488,Mid Haul,30.0,36.83,3.5,6.36,10.46,3.0,9.18,0.613,5,40,77.4,60,7.92,34.32,0,0.0022,Low Risk (Safe),OPTIMAL: Thermal Profile Compliant; Clear for Immediate Inbound Put-away
SHP-1986,AB-REEFER-8986,ArcticLogistics Global,AB InBev Brewery - Bengaluru Hub,Kolkata Eastern Terminal,Pasteurized Keg Beer / Premium Lager,35833.85,221,Short Haul,32.18,36.38,3.5,4.93,7.31,3.2,3.03,0.777,2,16,71.4,0,5.83,12.25,0,0.0019,Low Risk (Safe),OPTIMAL: Thermal Profile Compliant; Clear for Immediate Inbound Put-away
SHP-1987,AB-REEFER-8987,PolarTrans Logistics,Gujarat BioPharma Park,Delhi NCR Mega Fulfillment,Fresh Dairy & Perishables,21423.23,1032,Cross-Country,28.75,36.18,2.5,3.84,10.68,1.9,20.2,0.467,8,98,97.2,148,6.44,98.05,1,0.9314,Critical Risk (Immediate Action),CRITICAL: High Quality Degradation Detected; Expedite Destination QA Inspection
SHP-1988,AB-REEFER-8988,ArcticLogistics Global,Haryana Bottling Facility,Goa Coastal Transit Hub,Pasteurized Keg Beer / Premium Lager,49474.14,614,Mid Haul,38.3,44.48,3.5,4.74,8.84,1.3,14.0,0.347,3,27,88.4,85,6.3,31.65,0,0.0399,Low Risk (Safe),OPTIMAL: Thermal Profile Compliant; Clear for Immediate Inbound Put-away
SHP-1989,AB-REEFER-8989,ColdFleet Express,Haryana Bottling Facility,Hyderabad Metro Depot,Pharma Biologics & Vaccines,187241.39,700,Long Haul,30.13,33.75,4.0,5.63,9.44,3.5,17.05,0.653,1,6,85.4,45,7.08,11.21,0,0.0015,Low Risk (Safe),OPTIMAL: Thermal Profile Compliant; Clear for Immediate Inbound Put-away
SHP-1990,AB-REEFER-8990,ThermoHaul Freight,AB InBev Brewery - Bengaluru Hub,Mumbai Urban Distribution Center,Pharma Biologics & Vaccines,180567.39,774,Long Haul,37.78,41.68,4.0,5.86,9.16,5.8,17.93,0.918,1,13,85.2,34,7.11,7.78,0,0.0022,Low Risk (Safe),OPTIMAL: Thermal Profile Compliant; Clear for Immediate Inbound Put-away
SHP-1991,AB-REEFER-8991,ColdFleet Express,Punjab Regional Cold Hub,Kolkata Eastern Terminal,Pasteurized Keg Beer / Premium Lager,33813.48,1110,Cross-Country,27.63,31.76,3.5,4.26,7.13,3.8,24.41,0.415,1,13,65.8,0,5.35,15.03,0,0.001,Low Risk (Safe),OPTIMAL: Thermal Profile Compliant; Clear for Immediate Inbound Put-away
SHP-1992,AB-REEFER-8992,ColdFleet Express,Maharashtra Distribution Center,Delhi NCR Mega Fulfillment,Fresh Dairy & Perishables,29626.43,411,Mid Haul,28.93,34.56,2.5,3.55,8.0,8.3,7.04,0.427,2,22,92.5,59,5.24,11.27,0,0.0032,Low Risk (Safe),OPTIMAL: Thermal Profile Compliant; Clear for Immediate Inbound Put-away
SHP-1993,AB-REEFER-8993,ColdFleet Express,AB InBev Brewery - Bengaluru Hub,Goa Coastal Transit Hub,Pharma Biologics & Vaccines,214518.42,764,Long Haul,33.89,40.37,4.0,5.74,10.77,4.4,14.04,0.422,5,64,76.6,62,7.65,42.82,0,0.0334,Low Risk (Safe),OPTIMAL: Thermal Profile Compliant; Clear for Immediate Inbound Put-away
SHP-1994,AB-REEFER-8994,ThermoHaul Freight,Punjab Regional Cold Hub,Kolkata Eastern Terminal,Fresh Dairy & Perishables,33326.15,1060,Cross-Country,29.47,35.71,2.5,4.74,12.89,7.9,24.41,0.888,12,111,69.5,145,7.84,100.0,1,0.994,Critical Risk (Immediate Action),CRITICAL: High Quality Degradation Detected; Expedite Destination QA Inspection
SHP-1995,AB-REEFER-8995,PolarTrans Logistics,AB InBev Brewery - Bengaluru Hub,Goa Coastal Transit Hub,Pharma Biologics & Vaccines,164205.45,1043,Cross-Country,27.23,30.88,4.0,5.08,12.77,3.0,15.01,0.548,16,92,77.1,116,8.0,100.0,1,0.9475,Critical Risk (Immediate Action),CRITICAL: Quash for Biologics Potency & Cold-Chain Excursion Audit; Do Not Release to Cold-Room
SHP-1996,AB-REEFER-8996,ThermoHaul Freight,Gujarat BioPharma Park,Hyderabad Metro Depot,Pasteurized Keg Beer / Premium Lager,33151.69,514,Mid Haul,33.69,37.03,3.5,5.22,9.12,5.1,12.14,0.901,3,16,82.9,28,6.7,10.92,0,0.0023,Low Risk (Safe),OPTIMAL: Thermal Profile Compliant; Clear for Immediate Inbound Put-away
SHP-1997,AB-REEFER-8997,PolarTrans Logistics,AB InBev Brewery - Bengaluru Hub,Delhi NCR Mega Fulfillment,Pharma Biologics & Vaccines,207472.91,753,Long Haul,32.16,37.98,4.0,5.28,10.37,1.2,14.48,0.342,8,48,92.3,63,7.21,40.54,0,0.0097,Low Risk (Safe),OPTIMAL: Thermal Profile Compliant; Clear for Immediate Inbound Put-away
SHP-1998,AB-REEFER-8998,ColdFleet Express,Punjab Regional Cold Hub,Goa Coastal Transit Hub,Fresh Dairy & Perishables,26387.25,715,Long Haul,39.25,42.75,2.5,4.28,10.06,4.7,15.26,0.229,3,38,94.7,191,6.48,89.73,1,0.9187,Critical Risk (Immediate Action),CRITICAL: High Quality Degradation Detected; Expedite Destination QA Inspection
SHP-1999,AB-REEFER-8999,ColdFleet Express,AB InBev Brewery - Bengaluru Hub,Delhi NCR Mega Fulfillment,Frozen Foods & Confectionery,23270.18,1357,Cross-Country,35.44,39.35,-20.0,-17.83,-14.99,1.4,24.43,0.629,3,15,82.7,0,-16.75,8.33,0,0.0017,Low Risk (Safe),OPTIMAL: Thermal Profile Compliant; Clear for Immediate Inbound Put-away
SHP-2000,AB-REEFER-9000,ColdFleet Express,Haryana Bottling Facility,Hyderabad Metro Depot,Pharma Biologics & Vaccines,197483.98,640,Mid Haul,26.74,33.12,4.0,5.99,8.98,2.4,12.12,0.908,5,32,68.2,82,7.13,50.21,1,0.8094,Critical Risk (Immediate Action),CRITICAL: Quash for Biologics Potency & Cold-Chain Excursion Audit; Do Not Release to Cold-Room
SHP-2001,AB-REEFER-9001,ThermoHaul Freight,Maharashtra Distribution Center,Goa Coastal Transit Hub,Frozen Foods & Confectionery,33904.89,597,Mid Haul,33.76,38.03,-20.0,-18.28,-13.85,5.5,11.04,0.816,2,14,68.5,32,-16.6,7.93,0,0.0019,Low Risk (Safe),OPTIMAL: Thermal Profile Compliant; Clear for Immediate Inbound Put-away
SHP-2002,AB-REEFER-9002,ArcticLogistics Global,Maharashtra Distribution Center,Delhi NCR Mega Fulfillment,Pasteurized Keg Beer / Premium Lager,29366.63,342,Mid Haul,26.43,28.97,3.5,5.75,11.44,2.3,6.86,0.482,5,67,82.8,134,7.91,51.09,1,0.8179,Critical Risk (Immediate Action),CRITICAL: Inspect for Flavour Skunking & Colloidal Haze at Inbound Gate; Reroute to Priority Cross-Dock
SHP-2003,AB-REEFER-9003,ArcticLogistics Global,Punjab Regional Cold Hub,Hyderabad Metro Depot,Pharma Biologics & Vaccines,164581.35,1064,Cross-Country,39.51,44.72,4.0,5.14,9.41,4.3,16.33,0.384,3,39,92.2,46,6.76,5.85,0,0.0016,Low Risk (Safe),OPTIMAL: Thermal Profile Compliant; Clear for Immediate Inbound Put-away
SHP-2004,AB-REEFER-9004,ThermoHaul Freight,Maharashtra Distribution Center,Delhi NCR Mega Fulfillment,Frozen Foods & Confectionery,17741.07,360,Mid Haul,38.61,44.49,-20.0,-18.88,-12.04,3.8,5.83,0.727,8,72,95.6,46,-16.28,16.33,0,0.0022,Low Risk (Safe),OPTIMAL: Thermal Profile Compliant; Clear for Immediate Inbound Put-away
SHP-2005,AB-REEFER-9005,ArcticLogistics Global,Haryana Bottling Facility,Goa Coastal Transit Hub,Pharma Biologics & Vaccines,94859.87,1003,Cross-Country,29.14,33.94,4.0,4.6,6.8,5.8,19.05,0.58,1,7,92.3,0,5.44,7.33,0,0.0013,Low Risk (Safe),OPTIMAL: Thermal Profile Compliant; Clear for Immediate Inbound Put-away
SHP-2006,AB-REEFER-9006,PolarTrans Logistics,Punjab Regional Cold Hub,Goa Coastal Transit Hub,Frozen Foods & Confectionery,36737.22,935,Long Haul,32.95,36.53,-20.0,-17.67,-9.03,3.9,15.26,0.775,12,109,74.2,133,-14.39,54.71,1,0.9338,Critical Risk (Immediate Action),CRITICAL: High Quality Degradation Detected; Expedite Destination QA Inspection
SHP-2007,AB-REEFER-9007,ThermoHaul Freight,AB InBev Brewery - Bengaluru Hub,Hyderabad Metro Depot,Fresh Dairy & Perishables,23693.57,750,Long Haul,28.93,32.05,2.5,3.71,6.78,4.4,17.75,0.677,1,4,81.4,63,4.88,43.88,0,0.0245,Low Risk (Safe),OPTIMAL: Thermal Profile Compliant; Clear for Immediate Inbound Put-away
SHP-2008,AB-REEFER-9008,ArcticLogistics Global,Punjab Regional Cold Hub,Mumbai Urban Distribution Center,Pasteurized Keg Beer / Premium Lager,35751.73,627,Mid Haul,31.58,38.17,3.5,3.94,5.61,1.4,12.42,0.541,1,5,93.9,0,4.57,8.23,0,0.0015,Low Risk (Safe),OPTIMAL: Thermal Profile Compliant; Clear for Immediate Inbound Put-away
SHP-2009,AB-REEFER-9009,ArcticLogistics Global,Gujarat BioPharma Park,Kolkata Eastern Terminal,Pasteurized Keg Beer / Premium Lager,38810.42,311,Mid Haul,26.43,33.76,3.5,5.09,9.6,3.2,6.3,0.395,8,51,89.7,74,6.8,23.87,0,0.007,Low Risk (Safe),OPTIMAL: Thermal Profile Compliant; Clear for Immediate Inbound Put-away
SHP-2010,AB-REEFER-9010,ColdFleet Express,Punjab Regional Cold Hub,Kolkata Eastern Terminal,Frozen Foods & Confectionery,26702.18,1216,Cross-Country,29.49,34.56,-20.0,-17.78,-9.82,5.7,24.92,0.501,12,107,81.4,139,-14.76,45.05,0,0.2376,Low Risk (Safe),OPTIMAL: Thermal Profile Compliant; Clear for Immediate Inbound Put-away
SHP-2011,AB-REEFER-9011,ColdFleet Express,Punjab Regional Cold Hub,Delhi NCR Mega Fulfillment,Pasteurized Keg Beer / Premium Lager,41751.69,302,Mid Haul,32.17,39.03,3.5,4.2,7.54,4.6,7.05,0.66,3,17,91.6,5,5.47,14.29,0,0.002,Low Risk (Safe),OPTIMAL: Thermal Profile Compliant; Clear for Immediate Inbound Put-away
SHP-2012,AB-REEFER-9012,PolarTrans Logistics,Gujarat BioPharma Park,Kolkata Eastern Terminal,Pasteurized Keg Beer / Premium Lager,47916.28,584,Mid Haul,26.0,31.52,3.5,5.59,9.31,0.6,9.44,0.473,8,40,76.1,44,7.0,28.34,0,0.0017,Low Risk (Safe),OPTIMAL: Thermal Profile Compliant; Clear for Immediate Inbound Put-away
SHP-2013,AB-REEFER-9013,ColdFleet Express,Gujarat BioPharma Park,Delhi NCR Mega Fulfillment,Pasteurized Keg Beer / Premium Lager,41052.01,1353,Cross-Country,39.98,46.63,3.5,5.18,8.53,6.6,33.32,0.433,2,20,66.2,11,6.45,8.91,0,0.0012,Low Risk (Safe),OPTIMAL: Thermal Profile Compliant; Clear for Immediate Inbound Put-away
SHP-2014,AB-REEFER-9014,PolarTrans Logistics,Gujarat BioPharma Park,Goa Coastal Transit Hub,Pharma Biologics & Vaccines,129443.05,330,Mid Haul,35.71,41.87,4.0,5.68,11.28,5.8,5.43,0.918,5,65,68.2,60,7.81,18.32,0,0.0252,Low Risk (Safe),OPTIMAL: Thermal Profile Compliant; Clear for Immediate Inbound Put-away
SHP-2015,AB-REEFER-9015,ColdFleet Express,Punjab Regional Cold Hub,Goa Coastal Transit Hub,Pharma Biologics & Vaccines,245389.84,159,Short Haul,37.82,41.02,4.0,5.92,10.2,3.3,2.94,0.269,5,27,65.2,74,7.55,46.15,0,0.0159,Low Risk (Safe),OPTIMAL: Thermal Profile Compliant; Clear for Immediate Inbound Put-away
SHP-2016,AB-REEFER-9016,ArcticLogistics Global,AB InBev Brewery - Bengaluru Hub,Goa Coastal Transit Hub,Pharma Biologics & Vaccines,154504.96,736,Long Haul,37.73,42.66,4.0,4.89,8.19,3.9,13.01,0.338,3,14,85.6,130,6.14,43.83,0,0.0318,Low Risk (Safe),OPTIMAL: Thermal Profile Compliant; Clear for Immediate Inbound Put-away
SHP-2017,AB-REEFER-9017,ColdFleet Express,AB InBev Brewery - Bengaluru Hub,Mumbai Urban Distribution Center,Pasteurized Keg Beer / Premium Lager,37537.39,843,Long Haul,38.88,44.9,3.5,5.88,8.9,2.5,16.68,0.527,1,6,68.6,60,7.03,35.21,0,0.0016,Low Risk (Safe),OPTIMAL: Thermal Profile Compliant; Clear for Immediate Inbound Put-away
SHP-2018,AB-REEFER-9018,ArcticLogistics Global,Maharashtra Distribution Center,Hyderabad Metro Depot,Frozen Foods & Confectionery,38211.51,537,Mid Haul,39.73,46.74,-20.0,-18.02,-15.15,0.5,9.93,0.53,2,22,80.3,0,-16.93,8.95,0,0.002,Low Risk (Safe),OPTIMAL: Thermal Profile Compliant; Clear for Immediate Inbound Put-away
SHP-2019,AB-REEFER-9019,ThermoHaul Freight,Gujarat BioPharma Park,Goa Coastal Transit Hub,Pharma Biologics & Vaccines,196668.98,444,Mid Haul,30.91,33.62,4.0,5.0,7.02,2.9,6.5,0.768,1,7,88.7,0,5.77,5.82,0,0.0016,Low Risk (Safe),OPTIMAL: Thermal Profile Compliant; Clear for Immediate Inbound Put-away
SHP-2020,AB-REEFER-9020,ThermoHaul Freight,Maharashtra Distribution Center,Hyderabad Metro Depot,Pharma Biologics & Vaccines,152428.21,856,Long Haul,34.12,40.45,4.0,4.83,7.09,6.5,16.61,0.635,1,7,89.4,0,5.69,7.48,0,0.0016,Low Risk (Safe),OPTIMAL: Thermal Profile Compliant; Clear for Immediate Inbound Put-away
SHP-2021,AB-REEFER-9021,PolarTrans Logistics,AB InBev Brewery - Bengaluru Hub,Hyderabad Metro Depot,Pasteurized Keg Beer / Premium Lager,41525.06,1028,Cross-Country,35.27,42.67,3.5,5.64,10.18,2.7,24.96,0.506,3,30,78.8,123,7.37,48.67,0,0.0675,Low Risk (Safe),OPTIMAL: Thermal Profile Compliant; Clear for Immediate Inbound Put-away
SHP-2022,AB-REEFER-9022,ColdFleet Express,AB InBev Brewery - Bengaluru Hub,Hyderabad Metro Depot,Frozen Foods & Confectionery,37747.16,509,Mid Haul,37.73,41.22,-20.0,-18.56,-13.03,8.0,10.84,0.335,5,47,94.2,28,-16.46,10.98,0,0.0023,Low Risk (Safe),OPTIMAL: Thermal Profile Compliant; Clear for Immediate Inbound Put-away
SHP-2023,AB-REEFER-9023,PolarTrans Logistics,Punjab Regional Cold Hub,Goa Coastal Transit Hub,Fresh Dairy & Perishables,25219.15,1263,Cross-Country,37.06,42.37,2.5,4.75,11.96,6.8,20.92,0.501,16,84,93.8,136,7.49,98.94,1,0.9304,Critical Risk (Immediate Action),CRITICAL: High Quality Degradation Detected; Expedite Destination QA Inspection
SHP-2024,AB-REEFER-9024,PolarTrans Logistics,Maharashtra Distribution Center,Delhi NCR Mega Fulfillment,Fresh Dairy & Perishables,27454.67,856,Long Haul,28.09,34.03,2.5,3.86,8.55,5.1,17.16,0.821,3,32,70.5,57,5.64,8.48,0,0.0036,Low Risk (Safe),OPTIMAL: Thermal Profile Compliant; Clear for Immediate Inbound Put-away
SHP-2025,AB-REEFER-9025,PolarTrans Logistics,Gujarat BioPharma Park,Kolkata Eastern Terminal,Pharma Biologics & Vaccines,134143.45,539,Mid Haul,39.1,42.44,4.0,5.02,7.86,3.3,9.77,0.23,2,16,97.1,0,6.1,4.38,0,0.0014,Low Risk (Safe),OPTIMAL: Thermal Profile Compliant; Clear for Immediate Inbound Put-away
SHP-2026,AB-REEFER-9026,ThermoHaul Freight,Punjab Regional Cold Hub,Mumbai Urban Distribution Center,Pasteurized Keg Beer / Premium Lager,33150.0,700,Long Haul,38.72,44.88,3.5,4.65,6.83,2.0,10.99,0.518,2,10,88.4,10,5.48,11.85,0,0.0014,Low Risk (Safe),OPTIMAL: Thermal Profile Compliant; Clear for Immediate Inbound Put-away
SHP-2027,AB-REEFER-9027,PolarTrans Logistics,AB InBev Brewery - Bengaluru Hub,Kolkata Eastern Terminal,Pharma Biologics & Vaccines,95349.04,1132,Cross-Country,38.34,43.51,4.0,5.45,8.58,4.5,24.51,0.779,3,22,95.0,12,6.64,7.08,0,0.0015,Low Risk (Safe),OPTIMAL: Thermal Profile Compliant; Clear for Immediate Inbound Put-away
SHP-2028,AB-REEFER-9028,ArcticLogistics Global,Maharashtra Distribution Center,Kolkata Eastern Terminal,Fresh Dairy & Perishables,27382.44,333,Mid Haul,27.02,33.85,2.5,3.35,6.85,3.0,8.73,0.584,2,8,73.3,61,4.68,50.73,1,0.5653,Moderate Risk (Monitor),WARNING: Schedule Reefer Compressor Inspection & Door Seal Re-calibration at Hub
SHP-2029,AB-REEFER-9029,ThermoHaul Freight,Haryana Bottling Facility,Delhi NCR Mega Fulfillment,Fresh Dairy & Perishables,20578.41,578,Mid Haul,27.91,34.31,2.5,3.5,6.28,6.6,14.49,0.634,1,7,79.7,205,4.56,45.62,0,0.0218,Low Risk (Safe),OPTIMAL: Thermal Profile Compliant; Clear for Immediate Inbound Put-away
SHP-2030,AB-REEFER-9030,ColdFleet Express,Gujarat BioPharma Park,Mumbai Urban Distribution Center,Fresh Dairy & Perishables,28363.91,883,Long Haul,39.49,45.32,2.5,4.7,7.49,3.9,23.68,0.877,3,24,80.9,157,5.76,48.88,0,0.0245,Low Risk (Safe),OPTIMAL: Thermal Profile Compliant; Clear for Immediate Inbound Put-away
SHP-2031,AB-REEFER-9031,ThermoHaul Freight,Haryana Bottling Facility,Goa Coastal Transit Hub,Frozen Foods & Confectionery,34354.64,553,Mid Haul,31.1,33.94,-20.0,-18.69,-13.2,7.7,9.11,0.194,8,64,88.8,20,-16.6,4.77,0,0.0031,Low Risk (Safe),OPTIMAL: Thermal Profile Compliant; Clear for Immediate Inbound Put-away
SHP-2032,AB-REEFER-9032,ArcticLogistics Global,Gujarat BioPharma Park,Mumbai Urban Distribution Center,Pharma Biologics & Vaccines,261102.71,626,Mid Haul,39.47,45.23,4.0,4.84,6.96,1.0,12.26,0.469,2,8,81.5,0,5.65,8.98,0,0.0016,Low Risk (Safe),OPTIMAL: Thermal Profile Compliant; Clear for Immediate Inbound Put-away
SHP-2033,AB-REEFER-9033,PolarTrans Logistics,Gujarat BioPharma Park,Kolkata Eastern Terminal,Frozen Foods & Confectionery,34138.44,1206,Cross-Country,27.94,32.87,-20.0,-18.71,-13.15,7.0,19.74,0.312,3,33,94.0,30,-16.6,0.0,0,0.0016,Low Risk (Safe),OPTIMAL: Thermal Profile Compliant; Clear for Immediate Inbound Put-away
SHP-2034,AB-REEFER-9034,PolarTrans Logistics,Haryana Bottling Facility,Mumbai Urban Distribution Center,Fresh Dairy & Perishables,19603.79,355,Mid Haul,40.31,43.47,2.5,3.83,7.79,3.3,5.74,0.386,2,25,84.0,79,5.33,47.19,0,0.0292,Low Risk (Safe),OPTIMAL: Thermal Profile Compliant; Clear for Immediate Inbound Put-away
SHP-2035,AB-REEFER-9035,ThermoHaul Freight,Maharashtra Distribution Center,Goa Coastal Transit Hub,Fresh Dairy & Perishables,24566.94,193,Short Haul,34.28,40.23,2.5,3.17,7.29,5.7,3.19,0.186,5,46,85.3,73,4.74,47.99,0,0.0207,Low Risk (Safe),OPTIMAL: Thermal Profile Compliant; Clear for Immediate Inbound Put-away
SHP-2036,AB-REEFER-9036,PolarTrans Logistics,Gujarat BioPharma Park,Hyderabad Metro Depot,Pasteurized Keg Beer / Premium Lager,39953.47,620,Mid Haul,26.47,33.92,3.5,5.24,8.85,6.2,11.09,0.242,2,12,86.9,54,6.61,18.17,0,0.0012,Low Risk (Safe),OPTIMAL: Thermal Profile Compliant; Clear for Immediate Inbound Put-away
SHP-2037,AB-REEFER-9037,ThermoHaul Freight,Gujarat BioPharma Park,Hyderabad Metro Depot,Frozen Foods & Confectionery,31182.92,675,Long Haul,29.46,33.92,-20.0,-18.56,-12.03,7.1,15.22,0.898,5,61,80.7,88,-16.08,45.78,0,0.0185,Low Risk (Safe),OPTIMAL: Thermal Profile Compliant; Clear for Immediate Inbound Put-away
SHP-2038,AB-REEFER-9038,ColdFleet Express,Punjab Regional Cold Hub,Kolkata Eastern Terminal,Pasteurized Keg Beer / Premium Lager,33223.05,716,Long Haul,33.24,40.54,3.5,3.83,8.67,4.9,16.19,0.356,5,51,67.0,15,5.67,13.75,0,0.0028,Low Risk (Safe),OPTIMAL: Thermal Profile Compliant; Clear for Immediate Inbound Put-away
SHP-2039,AB-REEFER-9039,ColdFleet Express,Maharashtra Distribution Center,Goa Coastal Transit Hub,Pasteurized Keg Beer / Premium Lager,46045.74,1161,Cross-Country,29.29,33.75,3.5,4.23,7.5,7.9,24.64,0.382,2,9,83.1,0,5.47,8.57,0,0.0012,Low Risk (Safe),OPTIMAL: Thermal Profile Compliant; Clear for Immediate Inbound Put-away
SHP-2040,AB-REEFER-9040,ArcticLogistics Global,Gujarat BioPharma Park,Mumbai Urban Distribution Center,Pharma Biologics & Vaccines,118164.17,284,Short Haul,37.2,41.15,4.0,5.14,10.5,2.2,5.77,0.359,5,60,73.7,46,7.18,12.23,0,0.0026,Low Risk (Safe),OPTIMAL: Thermal Profile Compliant; Clear for Immediate Inbound Put-away
SHP-2041,AB-REEFER-9041,PolarTrans Logistics,Gujarat BioPharma Park,Mumbai Urban Distribution Center,Pasteurized Keg Beer / Premium Lager,28374.61,570,Mid Haul,37.07,40.79,3.5,5.14,13.82,8.0,12.61,0.446,8,95,91.9,148,8.44,51.57,1,0.928,Critical Risk (Immediate Action),CRITICAL: Inspect for Flavour Skunking & Colloidal Haze at Inbound Gate; Reroute to Priority Cross-Dock
SHP-2042,AB-REEFER-9042,ThermoHaul Freight,Punjab Regional Cold Hub,Goa Coastal Transit Hub,Pasteurized Keg Beer / Premium Lager,34994.7,776,Long Haul,40.48,46.76,3.5,5.13,9.43,1.1,15.04,0.426,3,37,78.1,137,6.76,49.29,0,0.2031,Low Risk (Safe),OPTIMAL: Thermal Profile Compliant; Clear for Immediate Inbound Put-away
SHP-2043,AB-REEFER-9043,PolarTrans Logistics,Gujarat BioPharma Park,Mumbai Urban Distribution Center,Pasteurized Keg Beer / Premium Lager,33727.11,653,Long Haul,38.07,42.19,3.5,4.29,6.81,1.5,15.44,0.492,2,13,92.8,0,5.25,10.04,0,0.0015,Low Risk (Safe),OPTIMAL: Thermal Profile Compliant; Clear for Immediate Inbound Put-away
SHP-2044,AB-REEFER-9044,ThermoHaul Freight,Haryana Bottling Facility,Mumbai Urban Distribution Center,Pasteurized Keg Beer / Premium Lager,33440.14,385,Mid Haul,33.46,37.45,3.5,4.61,7.78,3.5,8.17,0.438,1,7,91.4,5,5.81,4.21,0,0.0015,Low Risk (Safe),OPTIMAL: Thermal Profile Compliant; Clear for Immediate Inbound Put-away
SHP-2045,AB-REEFER-9045,ThermoHaul Freight,Maharashtra Distribution Center,Kolkata Eastern Terminal,Fresh Dairy & Perishables,14096.39,129,Short Haul,41.18,44.62,2.5,4.95,8.55,3.8,1.78,0.892,1,4,64.0,93,6.32,50.57,1,0.9481,Critical Risk (Immediate Action),CRITICAL: High Quality Degradation Detected; Expedite Destination QA Inspection
SHP-2046,AB-REEFER-9046,ColdFleet Express,Gujarat BioPharma Park,Kolkata Eastern Terminal,Pasteurized Keg Beer / Premium Lager,46152.67,473,Mid Haul,40.03,46.02,3.5,5.1,12.62,1.3,6.44,0.684,12,89,66.1,189,7.96,56.89,1,0.9801,Critical Risk (Immediate Action),CRITICAL: Inspect for Flavour Skunking & Colloidal Haze at Inbound Gate; Reroute to Priority Cross-Dock
SHP-2047,AB-REEFER-9047,PolarTrans Logistics,Haryana Bottling Facility,Goa Coastal Transit Hub,Frozen Foods & Confectionery,40530.03,521,Mid Haul,38.88,46.06,-20.0,-18.79,-15.1,8.5,9.43,0.611,3,27,94.6,0,-17.39,4.61,0,0.0021,Low Risk (Safe),OPTIMAL: Thermal Profile Compliant; Clear for Immediate Inbound Put-away
SHP-2048,AB-REEFER-9048,PolarTrans Logistics,Haryana Bottling Facility,Delhi NCR Mega Fulfillment,Frozen Foods & Confectionery,19935.71,394,Mid Haul,28.6,34.44,-20.0,-18.86,-14.63,6.5,6.3,0.536,2,14,79.4,0,-17.25,11.96,0,0.0015,Low Risk (Safe),OPTIMAL: Thermal Profile Compliant; Clear for Immediate Inbound Put-away
SHP-2049,AB-REEFER-9049,ArcticLogistics Global,Haryana Bottling Facility,Mumbai Urban Distribution Center,Pasteurized Keg Beer / Premium Lager,32301.13,560,Mid Haul,31.1,38.25,3.5,5.55,14.32,6.4,12.92,0.425,16,115,98.2,122,8.88,42.33,0,0.0765,Low Risk (Safe),OPTIMAL: Thermal Profile Compliant; Clear for Immediate Inbound Put-away
SHP-2050,AB-REEFER-9050,ArcticLogistics Global,Gujarat BioPharma Park,Kolkata Eastern Terminal,Fresh Dairy & Perishables,27404.62,553,Mid Haul,36.68,41.72,2.5,3.63,7.57,6.1,9.42,0.32,1,11,71.1,80,5.13,45.18,0,0.0459,Low Risk (Safe),OPTIMAL: Thermal Profile Compliant; Clear for Immediate Inbound Put-away
SHP-2051,AB-REEFER-9051,ColdFleet Express,AB InBev Brewery - Bengaluru Hub,Mumbai Urban Distribution Center,Pharma Biologics & Vaccines,198045.25,410,Mid Haul,41.39,47.08,4.0,5.42,10.17,4.0,8.27,0.635,3,36,94.3,74,7.22,47.21,0,0.0089,Low Risk (Safe),OPTIMAL: Thermal Profile Compliant; Clear for Immediate Inbound Put-away
SHP-2052,AB-REEFER-9052,ThermoHaul Freight,AB InBev Brewery - Bengaluru Hub,Kolkata Eastern Terminal,Fresh Dairy & Perishables,29243.94,843,Long Haul,37.21,43.28,2.5,4.91,8.14,0.8,19.02,0.899,3,36,70.5,96,6.14,55.2,1,0.8838,Critical Risk (Immediate Action),CRITICAL: High Quality Degradation Detected; Expedite Destination QA Inspection
SHP-2053,AB-REEFER-9053,ColdFleet Express,AB InBev Brewery - Bengaluru Hub,Delhi NCR Mega Fulfillment,Fresh Dairy & Perishables,30847.85,847,Long Haul,29.54,35.14,2.5,3.42,6.16,4.9,16.17,0.806,1,12,73.5,14,4.46,8.0,0,0.0055,Low Risk (Safe),OPTIMAL: Thermal Profile Compliant; Clear for Immediate Inbound Put-away
SHP-2054,AB-REEFER-9054,ArcticLogistics Global,Maharashtra Distribution Center,Hyderabad Metro Depot,Fresh Dairy & Perishables,20208.93,825,Long Haul,30.73,37.54,2.5,3.4,7.29,3.9,20.39,0.439,1,13,69.8,115,4.88,45.96,0,0.0568,Low Risk (Safe),OPTIMAL: Thermal Profile Compliant; Clear for Immediate Inbound Put-away
SHP-2055,AB-REEFER-9055,ColdFleet Express,Haryana Bottling Facility,Hyderabad Metro Depot,Pharma Biologics & Vaccines,210915.52,455,Mid Haul,34.3,38.58,4.0,6.06,11.05,5.7,9.95,0.64,8,48,80.8,74,7.96,44.43,0,0.0166,Low Risk (Safe),OPTIMAL: Thermal Profile Compliant; Clear for Immediate Inbound Put-away
SHP-2056,AB-REEFER-9056,ArcticLogistics Global,Maharashtra Distribution Center,Hyderabad Metro Depot,Frozen Foods & Confectionery,25828.99,468,Mid Haul,33.08,39.9,-20.0,-18.28,-14.36,3.3,7.73,0.374,5,43,86.0,0,-16.79,7.58,0,0.002,Low Risk (Safe),OPTIMAL: Thermal Profile Compliant; Clear for Immediate Inbound Put-away
SHP-2057,AB-REEFER-9057,ColdFleet Express,Gujarat BioPharma Park,Goa Coastal Transit Hub,Fresh Dairy & Perishables,19775.0,498,Mid Haul,32.26,34.91,2.5,4.37,8.28,7.8,12.88,0.742,3,33,93.2,138,5.86,40.89,0,0.0138,Low Risk (Safe),OPTIMAL: Thermal Profile Compliant; Clear for Immediate Inbound Put-away
SHP-2058,AB-REEFER-9058,PolarTrans Logistics,Punjab Regional Cold Hub,Mumbai Urban Distribution Center,Pasteurized Keg Beer / Premium Lager,25692.89,731,Long Haul,33.93,39.78,3.5,5.44,11.18,1.7,14.13,0.885,5,62,98.8,92,7.62,49.75,0,0.1663,Low Risk (Safe),OPTIMAL: Thermal Profile Compliant; Clear for Immediate Inbound Put-away
SHP-2059,AB-REEFER-9059,PolarTrans Logistics,Haryana Bottling Facility,Kolkata Eastern Terminal,Fresh Dairy & Perishables,15922.98,555,Mid Haul,33.2,37.81,2.5,3.63,6.72,1.6,13.67,0.724,1,5,96.8,41,4.8,4.09,0,0.0025,Low Risk (Safe),OPTIMAL: Thermal Profile Compliant; Clear for Immediate Inbound Put-away
SHP-2060,AB-REEFER-9060,ArcticLogistics Global,AB InBev Brewery - Bengaluru Hub,Goa Coastal Transit Hub,Fresh Dairy & Perishables,13282.94,363,Mid Haul,30.4,33.0,2.5,4.12,7.16,8.0,7.94,0.425,1,7,71.1,58,5.28,9.45,0,0.0031,Low Risk (Safe),OPTIMAL: Thermal Profile Compliant; Clear for Immediate Inbound Put-away
SHP-2061,AB-REEFER-9061,ThermoHaul Freight,Gujarat BioPharma Park,Hyderabad Metro Depot,Pasteurized Keg Beer / Premium Lager,48113.27,617,Mid Haul,27.84,35.33,3.5,5.44,8.01,7.5,11.5,0.89,2,9,66.6,12,6.42,16.15,0,0.0023,Low Risk (Safe),OPTIMAL: Thermal Profile Compliant; Clear for Immediate Inbound Put-away
SHP-2062,AB-REEFER-9062,PolarTrans Logistics,Gujarat BioPharma Park,Hyderabad Metro Depot,Pharma Biologics & Vaccines,192180.13,936,Long Haul,39.95,46.46,4.0,6.84,15.33,2.7,14.13,0.485,12,96,70.8,182,10.07,100.0,1,0.9914,Critical Risk (Immediate Action),CRITICAL: Quash for Biologics Potency & Cold-Chain Excursion Audit; Do Not Release to Cold-Room
SHP-2063,AB-REEFER-9063,ArcticLogistics Global,Gujarat BioPharma Park,Kolkata Eastern Terminal,Pasteurized Keg Beer / Premium Lager,22024.44,716,Long Haul,30.13,37.28,3.5,4.46,9.27,2.8,12.71,0.287,3,39,69.7,39,6.29,7.85,0,0.0026,Low Risk (Safe),OPTIMAL: Thermal Profile Compliant; Clear for Immediate Inbound Put-away
SHP-2064,AB-REEFER-9064,ThermoHaul Freight,Punjab Regional Cold Hub,Delhi NCR Mega Fulfillment,Frozen Foods & Confectionery,30661.55,896,Long Haul,29.83,32.95,-20.0,-18.95,-15.2,8.0,12.74,0.813,3,12,83.9,0,-17.52,10.98,0,0.0018,Low Risk (Safe),OPTIMAL: Thermal Profile Compliant; Clear for Immediate Inbound Put-away
SHP-2065,AB-REEFER-9065,ArcticLogistics Global,Haryana Bottling Facility,Goa Coastal Transit Hub,Fresh Dairy & Perishables,15417.87,749,Long Haul,34.75,37.9,2.5,4.53,14.9,3.7,17.23,0.674,12,134,96.7,205,8.47,100.0,1,0.9923,Critical Risk (Immediate Action),CRITICAL: High Quality Degradation Detected; Expedite Destination QA Inspection
SHP-2066,AB-REEFER-9066,ThermoHaul Freight,Maharashtra Distribution Center,Delhi NCR Mega Fulfillment,Pasteurized Keg Beer / Premium Lager,34183.57,829,Long Haul,28.28,33.08,3.5,5.2,12.42,8.2,19.6,0.937,8,101,75.9,96,7.94,53.53,1,0.9212,Critical Risk (Immediate Action),CRITICAL: Inspect for Flavour Skunking & Colloidal Haze at Inbound Gate; Reroute to Priority Cross-Dock
SHP-2067,AB-REEFER-9067,ThermoHaul Freight,Punjab Regional Cold Hub,Hyderabad Metro Depot,Frozen Foods & Confectionery,41215.12,404,Mid Haul,30.7,36.37,-20.0,-17.99,-13.45,1.1,7.72,0.183,3,23,67.8,86,-16.26,49.91,0,0.0378,Low Risk (Safe),OPTIMAL: Thermal Profile Compliant; Clear for Immediate Inbound Put-away
SHP-2068,AB-REEFER-9068,PolarTrans Logistics,Punjab Regional Cold Hub,Hyderabad Metro Depot,Fresh Dairy & Perishables,23772.83,639,Mid Haul,31.01,36.21,2.5,3.46,5.85,1.3,15.51,0.321,2,15,67.1,13,4.37,4.95,0,0.0029,Low Risk (Safe),OPTIMAL: Thermal Profile Compliant; Clear for Immediate Inbound Put-away
SHP-2069,AB-REEFER-9069,PolarTrans Logistics,Punjab Regional Cold Hub,Goa Coastal Transit Hub,Pasteurized Keg Beer / Premium Lager,39493.46,465,Mid Haul,31.46,38.25,3.5,5.09,11.15,8.4,10.55,0.686,12,71,69.2,79,7.39,38.45,0,0.0399,Low Risk (Safe),OPTIMAL: Thermal Profile Compliant; Clear for Immediate Inbound Put-away
SHP-2070,AB-REEFER-9070,ColdFleet Express,Haryana Bottling Facility,Delhi NCR Mega Fulfillment,Frozen Foods & Confectionery,23224.55,866,Long Haul,37.48,41.45,-20.0,-18.63,-14.24,1.4,13.65,0.266,3,13,82.4,0,-16.96,4.29,0,0.0018,Low Risk (Safe),OPTIMAL: Thermal Profile Compliant; Clear for Immediate Inbound Put-away
SHP-2071,AB-REEFER-9071,ArcticLogistics Global,Maharashtra Distribution Center,Hyderabad Metro Depot,Pasteurized Keg Beer / Premium Lager,49473.2,468,Mid Haul,36.69,43.79,3.5,6.01,15.03,4.1,7.62,0.337,16,117,67.6,164,9.44,100.0,1,0.9943,Critical Risk (Immediate Action),CRITICAL: Inspect for Flavour Skunking & Colloidal Haze at Inbound Gate; Reroute to Priority Cross-Dock
SHP-2072,AB-REEFER-9072,ThermoHaul Freight,Gujarat BioPharma Park,Hyderabad Metro Depot,Frozen Foods & Confectionery,16980.74,258,Short Haul,27.63,31.14,-20.0,-19.3,-17.2,0.8,5.75,0.257,1,13,91.7,0,-18.5,5.65,0,0.0016,Low Risk (Safe),OPTIMAL: Thermal Profile Compliant; Clear for Immediate Inbound Put-away
SHP-2073,AB-REEFER-9073,ThermoHaul Freight,Gujarat BioPharma Park,Goa Coastal Transit Hub,Pharma Biologics & Vaccines,195013.42,671,Long Haul,36.97,42.91,4.0,5.32,13.45,6.8,19.35,0.234,12,106,79.6,113,8.41,100.0,1,0.9918,Critical Risk (Immediate Action),CRITICAL: Quash for Biologics Potency & Cold-Chain Excursion Audit; Do Not Release to Cold-Room
SHP-2074,AB-REEFER-9074,PolarTrans Logistics,AB InBev Brewery - Bengaluru Hub,Hyderabad Metro Depot,Fresh Dairy & Perishables,19097.1,773,Long Haul,41.42,46.21,2.5,5.58,13.06,3.1,13.73,0.707,12,73,71.7,142,8.42,100.0,1,0.9894,Critical Risk (Immediate Action),CRITICAL: High Quality Degradation Detected; Expedite Destination QA Inspection
SHP-2075,AB-REEFER-9075,ColdFleet Express,Punjab Regional Cold Hub,Delhi NCR Mega Fulfillment,Frozen Foods & Confectionery,18020.54,208,Short Haul,37.55,42.82,-20.0,-18.28,-13.45,1.5,4.35,0.76,2,27,71.1,16,-16.44,15.6,0,0.0017,Low Risk (Safe),OPTIMAL: Thermal Profile Compliant; Clear for Immediate Inbound Put-away
SHP-2076,AB-REEFER-9076,PolarTrans Logistics,Gujarat BioPharma Park,Mumbai Urban Distribution Center,Pasteurized Keg Beer / Premium Lager,29768.68,700,Long Haul,39.58,46.09,3.5,4.76,7.2,1.3,14.03,0.731,1,7,88.8,0,5.69,13.83,0,0.0016,Low Risk (Safe),OPTIMAL: Thermal Profile Compliant; Clear for Immediate Inbound Put-away
SHP-2077,AB-REEFER-9077,ThermoHaul Freight,Maharashtra Distribution Center,Mumbai Urban Distribution Center,Pharma Biologics & Vaccines,267537.26,1128,Cross-Country,40.07,45.87,4.0,7.1,16.08,2.3,23.27,0.429,16,133,80.6,248,10.51,100.0,1,0.9932,Critical Risk (Immediate Action),CRITICAL: Quash for Biologics Potency & Cold-Chain Excursion Audit; Do Not Release to Cold-Room
SHP-2078,AB-REEFER-9078,ColdFleet Express,Punjab Regional Cold Hub,Mumbai Urban Distribution Center,Pharma Biologics & Vaccines,279843.62,700,Long Haul,38.56,41.66,4.0,6.68,13.96,5.9,12.5,0.241,12,78,63.3,238,9.45,100.0,1,0.9944,Critical Risk (Immediate Action),CRITICAL: Quash for Biologics Potency & Cold-Chain Excursion Audit; Do Not Release to Cold-Room
SHP-2079,AB-REEFER-9079,PolarTrans Logistics,Punjab Regional Cold Hub,Hyderabad Metro Depot,Pasteurized Keg Beer / Premium Lager,38931.27,913,Long Haul,38.73,42.0,3.5,4.61,6.76,4.8,19.07,0.861,1,12,94.0,5,5.43,7.84,0,0.0017,Low Risk (Safe),OPTIMAL: Thermal Profile Compliant; Clear for Immediate Inbound Put-away
SHP-2080,AB-REEFER-9080,ArcticLogistics Global,Gujarat BioPharma Park,Mumbai Urban Distribution Center,Pasteurized Keg Beer / Premium Lager,43049.17,610,Mid Haul,38.54,45.73,3.5,4.35,6.46,8.5,12.0,0.197,1,10,94.0,0,5.15,4.35,0,0.0015,Low Risk (Safe),OPTIMAL: Thermal Profile Compliant; Clear for Immediate Inbound Put-away
SHP-2081,AB-REEFER-9081,ArcticLogistics Global,Haryana Bottling Facility,Mumbai Urban Distribution Center,Pasteurized Keg Beer / Premium Lager,41765.15,1088,Cross-Country,26.65,29.22,3.5,4.86,7.17,2.1,23.03,0.825,2,14,73.6,0,5.74,9.24,0,0.0014,Low Risk (Safe),OPTIMAL: Thermal Profile Compliant; Clear for Immediate Inbound Put-away
SHP-2082,AB-REEFER-9082,ArcticLogistics Global,Punjab Regional Cold Hub,Delhi NCR Mega Fulfillment,Frozen Foods & Confectionery,36635.94,1194,Cross-Country,27.95,35.09,-20.0,-19.16,-14.4,2.2,28.98,0.747,3,26,88.5,0,-17.35,10.69,0,0.0015,Low Risk (Safe),OPTIMAL: Thermal Profile Compliant; Clear for Immediate Inbound Put-away
SHP-2083,AB-REEFER-9083,ColdFleet Express,Punjab Regional Cold Hub,Mumbai Urban Distribution Center,Frozen Foods & Confectionery,28027.42,1244,Cross-Country,37.73,45.11,-20.0,-17.05,-14.59,4.9,18.38,0.58,1,11,71.5,0,-16.12,12.7,0,0.0015,Low Risk (Safe),OPTIMAL: Thermal Profile Compliant; Clear for Immediate Inbound Put-away
SHP-2084,AB-REEFER-9084,ColdFleet Express,AB InBev Brewery - Bengaluru Hub,Kolkata Eastern Terminal,Pasteurized Keg Beer / Premium Lager,24116.41,414,Mid Haul,31.91,37.03,3.5,4.04,6.8,5.0,7.93,0.369,1,5,90.3,0,5.09,9.77,0,0.0013,Low Risk (Safe),OPTIMAL: Thermal Profile Compliant; Clear for Immediate Inbound Put-away
SHP-2085,AB-REEFER-9085,ColdFleet Express,Maharashtra Distribution Center,Mumbai Urban Distribution Center,Pharma Biologics & Vaccines,252367.81,688,Long Haul,28.35,32.64,4.0,4.96,8.89,4.9,13.62,0.689,1,6,86.2,125,6.45,44.68,0,0.02,Low Risk (Safe),OPTIMAL: Thermal Profile Compliant; Clear for Immediate Inbound Put-away
SHP-2086,AB-REEFER-9086,ColdFleet Express,Haryana Bottling Facility,Kolkata Eastern Terminal,Frozen Foods & Confectionery,24070.67,527,Mid Haul,30.19,33.91,-20.0,-18.61,-13.83,6.4,9.76,0.699,3,19,72.6,208,-16.79,47.25,0,0.1718,Low Risk (Safe),OPTIMAL: Thermal Profile Compliant; Clear for Immediate Inbound Put-away
SHP-2087,AB-REEFER-9087,ColdFleet Express,Gujarat BioPharma Park,Mumbai Urban Distribution Center,Pasteurized Keg Beer / Premium Lager,29642.66,1044,Cross-Country,27.36,31.3,3.5,3.38,6.96,4.0,24.08,0.378,1,7,93.8,0,4.74,3.3,0,0.0013,Low Risk (Safe),OPTIMAL: Thermal Profile Compliant; Clear for Immediate Inbound Put-away
SHP-2088,AB-REEFER-9088,ArcticLogistics Global,Punjab Regional Cold Hub,Goa Coastal Transit Hub,Frozen Foods & Confectionery,29255.02,655,Long Haul,29.45,34.91,-20.0,-18.47,-16.08,8.1,17.19,0.85,2,15,98.5,0,-17.56,4.36,0,0.0018,Low Risk (Safe),OPTIMAL: Thermal Profile Compliant; Clear for Immediate Inbound Put-away
SHP-2089,AB-REEFER-9089,ColdFleet Express,Gujarat BioPharma Park,Kolkata Eastern Terminal,Pasteurized Keg Beer / Premium Lager,42040.93,524,Mid Haul,34.12,41.14,3.5,6.39,12.17,1.0,7.93,0.482,5,53,69.1,131,8.59,54.04,1,0.9575,Critical Risk (Immediate Action),CRITICAL: Inspect for Flavour Skunking & Colloidal Haze at Inbound Gate; Reroute to Priority Cross-Dock
SHP-2090,AB-REEFER-9090,PolarTrans Logistics,Maharashtra Distribution Center,Goa Coastal Transit Hub,Pasteurized Keg Beer / Premium Lager,44792.75,746,Long Haul,28.28,31.65,3.5,4.74,8.94,0.6,14.68,0.565,2,23,73.7,93,6.34,47.18,0,0.0705,Low Risk (Safe),OPTIMAL: Thermal Profile Compliant; Clear for Immediate Inbound Put-away
SHP-2091,AB-REEFER-9091,PolarTrans Logistics,Maharashtra Distribution Center,Hyderabad Metro Depot,Pasteurized Keg Beer / Premium Lager,48929.46,685,Long Haul,27.6,32.57,3.5,5.18,9.16,7.4,11.53,0.199,3,15,65.9,91,6.69,46.51,0,0.0265,Low Risk (Safe),OPTIMAL: Thermal Profile Compliant; Clear for Immediate Inbound Put-away
SHP-2092,AB-REEFER-9092,ArcticLogistics Global,Haryana Bottling Facility,Kolkata Eastern Terminal,Pasteurized Keg Beer / Premium Lager,45519.04,527,Mid Haul,29.03,31.71,3.5,3.87,8.63,6.1,14.08,0.773,2,20,84.3,18,5.68,9.12,0,0.0018,Low Risk (Safe),OPTIMAL: Thermal Profile Compliant; Clear for Immediate Inbound Put-away
SHP-2093,AB-REEFER-9093,ColdFleet Express,Gujarat BioPharma Park,Hyderabad Metro Depot,Fresh Dairy & Perishables,32246.36,664,Long Haul,38.82,45.14,2.5,2.68,5.59,6.8,10.79,0.333,2,20,85.8,49,3.79,14.24,0,0.0028,Low Risk (Safe),OPTIMAL: Thermal Profile Compliant; Clear for Immediate Inbound Put-away
SHP-2094,AB-REEFER-9094,ArcticLogistics Global,Haryana Bottling Facility,Hyderabad Metro Depot,Frozen Foods & Confectionery,33670.5,514,Mid Haul,26.72,29.64,-20.0,-18.54,-14.43,1.1,11.22,0.608,2,8,84.3,0,-16.98,3.84,0,0.0019,Low Risk (Safe),OPTIMAL: Thermal Profile Compliant; Clear for Immediate Inbound Put-away
SHP-2095,AB-REEFER-9095,ColdFleet Express,Punjab Regional Cold Hub,Mumbai Urban Distribution Center,Fresh Dairy & Perishables,22216.8,933,Long Haul,26.64,33.61,2.5,3.97,7.9,2.8,25.78,0.447,2,18,67.1,137,5.46,44.17,0,0.0842,Low Risk (Safe),OPTIMAL: Thermal Profile Compliant; Clear for Immediate Inbound Put-away
SHP-2096,AB-REEFER-9096,ThermoHaul Freight,AB InBev Brewery - Bengaluru Hub,Goa Coastal Transit Hub,Pasteurized Keg Beer / Premium Lager,41628.62,457,Mid Haul,30.64,36.17,3.5,5.41,10.92,4.5,9.3,0.311,3,32,64.1,55,7.5,26.92,0,0.0031,Low Risk (Safe),OPTIMAL: Thermal Profile Compliant; Clear for Immediate Inbound Put-away
SHP-2097,AB-REEFER-9097,ThermoHaul Freight,Maharashtra Distribution Center,Delhi NCR Mega Fulfillment,Pharma Biologics & Vaccines,276107.14,892,Long Haul,27.42,34.03,4.0,3.47,5.79,3.5,20.62,0.235,1,11,81.3,0,4.35,3.45,0,0.0015,Low Risk (Safe),OPTIMAL: Thermal Profile Compliant; Clear for Immediate Inbound Put-away
SHP-2098,AB-REEFER-9098,ArcticLogistics Global,AB InBev Brewery - Bengaluru Hub,Kolkata Eastern Terminal,Pasteurized Keg Beer / Premium Lager,30799.66,641,Mid Haul,34.4,40.27,3.5,5.51,8.24,5.9,17.05,0.897,2,18,66.6,108,6.55,49.75,0,0.0526,Low Risk (Safe),OPTIMAL: Thermal Profile Compliant; Clear for Immediate Inbound Put-away
SHP-2099,AB-REEFER-9099,ColdFleet Express,Haryana Bottling Facility,Kolkata Eastern Terminal,Pharma Biologics & Vaccines,219061.04,784,Long Haul,27.75,31.21,4.0,5.12,7.9,5.5,17.62,0.276,3,27,69.1,0,6.18,3.92,0,0.0016,Low Risk (Safe),OPTIMAL: Thermal Profile Compliant; Clear for Immediate Inbound Put-away
SHP-2100,AB-REEFER-9100,ArcticLogistics Global,AB InBev Brewery - Bengaluru Hub,Goa Coastal Transit Hub,Pasteurized Keg Beer / Premium Lager,23018.19,468,Mid Haul,37.34,44.12,3.5,5.46,18.45,1.6,8.4,0.262,16,172,86.0,196,10.4,100.0,1,0.9925,Critical Risk (Immediate Action),CRITICAL: Inspect for Flavour Skunking & Colloidal Haze at Inbound Gate; Reroute to Priority Cross-Dock
SHP-2101,AB-REEFER-9101,ThermoHaul Freight,Gujarat BioPharma Park,Delhi NCR Mega Fulfillment,Pasteurized Keg Beer / Premium Lager,22881.17,464,Mid Haul,32.57,35.21,3.5,4.99,13.97,0.5,7.52,0.617,12,135,73.0,162,8.4,53.25,1,0.9788,Critical Risk (Immediate Action),CRITICAL: Inspect for Flavour Skunking & Colloidal Haze at Inbound Gate; Reroute to Priority Cross-Dock
SHP-2102,AB-REEFER-9102,ThermoHaul Freight,Punjab Regional Cold Hub,Mumbai Urban Distribution Center,Pharma Biologics & Vaccines,193263.62,558,Mid Haul,39.72,46.39,4.0,6.84,9.35,5.6,11.0,0.9,2,12,74.9,75,7.79,52.58,1,0.8623,Critical Risk (Immediate Action),CRITICAL: Quash for Biologics Potency & Cold-Chain Excursion Audit; Do Not Release to Cold-Room
SHP-2103,AB-REEFER-9103,ThermoHaul Freight,Maharashtra Distribution Center,Delhi NCR Mega Fulfillment,Pasteurized Keg Beer / Premium Lager,23297.95,277,Short Haul,37.13,44.35,3.5,4.9,9.12,6.7,4.84,0.415,5,53,87.1,111,6.5,50.51,1,0.8305,Critical Risk (Immediate Action),CRITICAL: Inspect for Flavour Skunking & Colloidal Haze at Inbound Gate; Reroute to Priority Cross-Dock
SHP-2104,AB-REEFER-9104,PolarTrans Logistics,Haryana Bottling Facility,Delhi NCR Mega Fulfillment,Pasteurized Keg Beer / Premium Lager,46912.46,504,Mid Haul,31.31,37.78,3.5,5.32,15.37,1.1,9.9,0.558,12,136,87.4,144,9.14,100.0,1,0.9868,Critical Risk (Immediate Action),CRITICAL: Inspect for Flavour Skunking & Colloidal Haze at Inbound Gate; Reroute to Priority Cross-Dock
SHP-2105,AB-REEFER-9105,ColdFleet Express,AB InBev Brewery - Bengaluru Hub,Kolkata Eastern Terminal,Frozen Foods & Confectionery,25568.98,1090,Cross-Country,40.67,45.29,-20.0,-18.71,-15.17,7.3,19.67,0.526,2,13,77.7,0,-17.36,6.78,0,0.0016,Low Risk (Safe),OPTIMAL: Thermal Profile Compliant; Clear for Immediate Inbound Put-away
SHP-2106,AB-REEFER-9106,ColdFleet Express,Haryana Bottling Facility,Hyderabad Metro Depot,Fresh Dairy & Perishables,15610.42,609,Mid Haul,32.28,38.41,2.5,4.96,16.08,2.2,13.19,0.81,12,156,85.1,195,9.19,94.67,1,0.9959,Critical Risk (Immediate Action),CRITICAL: High Quality Degradation Detected; Expedite Destination QA Inspection
SHP-2107,AB-REEFER-9107,ColdFleet Express,Punjab Regional Cold Hub,Goa Coastal Transit Hub,Pasteurized Keg Beer / Premium Lager,50104.88,345,Mid Haul,35.24,38.2,3.5,4.38,6.96,2.3,5.06,0.739,1,5,95.7,0,5.36,7.99,0,0.0017,Low Risk (Safe),OPTIMAL: Thermal Profile Compliant; Clear for Immediate Inbound Put-away
SHP-2108,AB-REEFER-9108,ThermoHaul Freight,Gujarat BioPharma Park,Goa Coastal Transit Hub,Frozen Foods & Confectionery,33477.08,489,Mid Haul,27.79,31.45,-20.0,-18.77,-16.82,8.5,10.57,0.83,1,5,65.8,0,-18.03,12.78,0,0.0027,Low Risk (Safe),OPTIMAL: Thermal Profile Compliant; Clear for Immediate Inbound Put-away
SHP-2109,AB-REEFER-9109,ColdFleet Express,Gujarat BioPharma Park,Kolkata Eastern Terminal,Fresh Dairy & Perishables,16356.75,1273,Cross-Country,28.77,35.57,2.5,3.99,10.66,2.8,27.42,0.474,12,63,72.6,98,6.52,100.0,1,0.9601,Critical Risk (Immediate Action),CRITICAL: High Quality Degradation Detected; Expedite Destination QA Inspection
SHP-2110,AB-REEFER-9110,PolarTrans Logistics,Punjab Regional Cold Hub,Delhi NCR Mega Fulfillment,Pharma Biologics & Vaccines,162120.82,486,Mid Haul,27.48,32.81,4.0,5.35,9.96,3.6,12.77,0.742,3,41,92.9,35,7.1,10.9,0,0.0018,Low Risk (Safe),OPTIMAL: Thermal Profile Compliant; Clear for Immediate Inbound Put-away
SHP-2111,AB-REEFER-9111,ThermoHaul Freight,AB InBev Brewery - Bengaluru Hub,Delhi NCR Mega Fulfillment,Fresh Dairy & Perishables,33842.83,713,Long Haul,39.66,46.93,2.5,4.63,10.95,3.1,18.34,0.785,5,49,69.8,124,7.03,99.48,1,0.9588,Critical Risk (Immediate Action),CRITICAL: High Quality Degradation Detected; Expedite Destination QA Inspection
SHP-2112,AB-REEFER-9112,ThermoHaul Freight,Maharashtra Distribution Center,Kolkata Eastern Terminal,Fresh Dairy & Perishables,28562.28,219,Short Haul,31.78,35.53,2.5,4.33,10.08,5.1,4.82,0.701,5,57,77.6,100,6.52,100.0,1,0.9427,Critical Risk (Immediate Action),CRITICAL: High Quality Degradation Detected; Expedite Destination QA Inspection
SHP-2113,AB-REEFER-9113,ArcticLogistics Global,AB InBev Brewery - Bengaluru Hub,Delhi NCR Mega Fulfillment,Frozen Foods & Confectionery,25276.84,640,Mid Haul,30.26,37.63,-20.0,-16.98,-10.26,4.5,9.63,0.903,8,63,91.4,139,-14.43,45.27,0,0.0608,Low Risk (Safe),OPTIMAL: Thermal Profile Compliant; Clear for Immediate Inbound Put-away
SHP-2114,AB-REEFER-9114,ColdFleet Express,Gujarat BioPharma Park,Goa Coastal Transit Hub,Pasteurized Keg Beer / Premium Lager,46552.44,409,Mid Haul,34.78,41.37,3.5,3.97,7.31,7.0,10.16,0.552,2,12,97.0,0,5.24,10.74,0,0.0018,Low Risk (Safe),OPTIMAL: Thermal Profile Compliant; Clear for Immediate Inbound Put-away
SHP-2115,AB-REEFER-9115,ThermoHaul Freight,AB InBev Brewery - Bengaluru Hub,Kolkata Eastern Terminal,Pharma Biologics & Vaccines,171775.11,559,Mid Haul,36.1,40.64,4.0,5.27,7.26,1.3,8.91,0.444,1,5,78.5,0,6.03,7.95,0,0.0018,Low Risk (Safe),OPTIMAL: Thermal Profile Compliant; Clear for Immediate Inbound Put-away
SHP-2116,AB-REEFER-9116,ColdFleet Express,Maharashtra Distribution Center,Mumbai Urban Distribution Center,Pharma Biologics & Vaccines,101828.27,749,Long Haul,35.37,39.37,4.0,5.67,9.54,4.4,17.42,0.294,1,12,66.5,37,7.14,8.34,0,0.0013,Low Risk (Safe),OPTIMAL: Thermal Profile Compliant; Clear for Immediate Inbound Put-away
SHP-2117,AB-REEFER-9117,ColdFleet Express,Maharashtra Distribution Center,Delhi NCR Mega Fulfillment,Pasteurized Keg Beer / Premium Lager,37053.1,464,Mid Haul,28.15,32.96,3.5,4.75,10.12,5.5,12.5,0.902,5,35,69.2,54,6.79,36.53,0,0.0034,Low Risk (Safe),OPTIMAL: Thermal Profile Compliant; Clear for Immediate Inbound Put-away
SHP-2118,AB-REEFER-9118,ThermoHaul Freight,AB InBev Brewery - Bengaluru Hub,Delhi NCR Mega Fulfillment,Fresh Dairy & Perishables,32432.76,629,Mid Haul,33.54,41.02,2.5,4.41,8.53,1.8,11.99,0.852,2,10,65.4,67,5.98,52.2,1,0.8644,Critical Risk (Immediate Action),CRITICAL: High Quality Degradation Detected; Expedite Destination QA Inspection
SHP-2119,AB-REEFER-9119,ArcticLogistics Global,Haryana Bottling Facility,Hyderabad Metro Depot,Pasteurized Keg Beer / Premium Lager,29110.12,322,Mid Haul,38.8,42.07,3.5,5.69,7.25,3.1,6.95,0.788,1,6,70.5,0,6.28,6.01,0,0.002,Low Risk (Safe),OPTIMAL: Thermal Profile Compliant; Clear for Immediate Inbound Put-away
SHP-2120,AB-REEFER-9120,PolarTrans Logistics,Punjab Regional Cold Hub,Hyderabad Metro Depot,Frozen Foods & Confectionery,36270.67,791,Long Haul,32.55,35.77,-20.0,-19.44,-16.36,6.9,17.81,0.517,1,11,70.0,0,-18.27,15.55,0,0.0014,Low Risk (Safe),OPTIMAL: Thermal Profile Compliant; Clear for Immediate Inbound Put-away
SHP-2121,AB-REEFER-9121,ColdFleet Express,Haryana Bottling Facility,Delhi NCR Mega Fulfillment,Pasteurized Keg Beer / Premium Lager,28336.55,628,Mid Haul,26.34,28.96,3.5,4.06,7.44,5.6,13.23,0.281,1,8,98.1,0,5.34,2.95,0,0.0016,Low Risk (Safe),OPTIMAL: Thermal Profile Compliant; Clear for Immediate Inbound Put-away
SHP-2122,AB-REEFER-9122,ThermoHaul Freight,Haryana Bottling Facility,Goa Coastal Transit Hub,Pharma Biologics & Vaccines,254307.95,998,Long Haul,39.23,43.44,4.0,5.59,7.97,1.8,17.99,0.22,3,15,72.3,0,6.49,11.32,0,0.0015,Low Risk (Safe),OPTIMAL: Thermal Profile Compliant; Clear for Immediate Inbound Put-away
SHP-2123,AB-REEFER-9123,ArcticLogistics Global,Gujarat BioPharma Park,Goa Coastal Transit Hub,Frozen Foods & Confectionery,25204.77,747,Long Haul,26.27,31.19,-20.0,-18.53,-12.94,2.2,14.22,0.384,5,49,64.5,23,-16.41,14.08,0,0.0035,Low Risk (Safe),OPTIMAL: Thermal Profile Compliant; Clear for Immediate Inbound Put-away
SHP-2124,AB-REEFER-9124,ColdFleet Express,Haryana Bottling Facility,Delhi NCR Mega Fulfillment,Pasteurized Keg Beer / Premium Lager,43037.56,260,Short Haul,31.85,36.17,3.5,5.66,8.7,5.6,4.12,0.723,3,30,85.5,38,6.82,19.82,0,0.0017,Low Risk (Safe),OPTIMAL: Thermal Profile Compliant; Clear for Immediate Inbound Put-away
SHP-2125,AB-REEFER-9125,PolarTrans Logistics,AB InBev Brewery - Bengaluru Hub,Hyderabad Metro Depot,Fresh Dairy & Perishables,25154.01,303,Mid Haul,26.44,32.09,2.5,3.63,7.43,5.9,5.24,0.258,3,31,73.6,104,5.07,50.81,1,0.7659,Critical Risk (Immediate Action),CRITICAL: High Quality Degradation Detected; Expedite Destination QA Inspection
SHP-2126,AB-REEFER-9126,PolarTrans Logistics,Gujarat BioPharma Park,Hyderabad Metro Depot,Fresh Dairy & Perishables,31805.31,776,Long Haul,34.76,40.07,2.5,3.41,9.88,7.6,19.76,0.501,16,91,95.7,103,5.87,41.94,0,0.0138,Low Risk (Safe),OPTIMAL: Thermal Profile Compliant; Clear for Immediate Inbound Put-away
SHP-2127,AB-REEFER-9127,ArcticLogistics Global,Maharashtra Distribution Center,Mumbai Urban Distribution Center,Pharma Biologics & Vaccines,208271.87,271,Short Haul,40.62,45.39,4.0,5.25,13.34,1.4,5.93,0.759,8,97,71.7,159,8.32,100.0,1,0.986,Critical Risk (Immediate Action),CRITICAL: Quash for Biologics Potency & Cold-Chain Excursion Audit; Do Not Release to Cold-Room
SHP-2128,AB-REEFER-9128,ColdFleet Express,Haryana Bottling Facility,Goa Coastal Transit Hub,Pasteurized Keg Beer / Premium Lager,37180.58,563,Mid Haul,32.17,36.73,3.5,5.44,8.78,5.3,11.94,0.355,2,22,77.1,32,6.71,14.76,0,0.0023,Low Risk (Safe),OPTIMAL: Thermal Profile Compliant; Clear for Immediate Inbound Put-away
SHP-2129,AB-REEFER-9129,ThermoHaul Freight,Punjab Regional Cold Hub,Hyderabad Metro Depot,Fresh Dairy & Perishables,16055.03,213,Short Haul,41.4,46.17,2.5,5.0,9.08,6.8,4.83,0.272,3,29,63.6,164,6.55,45.22,0,0.1296,Low Risk (Safe),OPTIMAL: Thermal Profile Compliant; Clear for Immediate Inbound Put-away
SHP-2130,AB-REEFER-9130,ThermoHaul Freight,Haryana Bottling Facility,Hyderabad Metro Depot,Pasteurized Keg Beer / Premium Lager,31871.78,985,Long Haul,31.87,36.47,3.5,4.03,7.0,3.1,18.07,0.38,2,21,95.5,0,5.16,0.0,0,0.0015,Low Risk (Safe),OPTIMAL: Thermal Profile Compliant; Clear for Immediate Inbound Put-away
SHP-2131,AB-REEFER-9131,ThermoHaul Freight,Haryana Bottling Facility,Kolkata Eastern Terminal,Fresh Dairy & Perishables,31554.19,1099,Cross-Country,34.1,39.07,2.5,4.37,7.82,7.0,27.03,0.547,1,9,89.5,122,5.68,43.91,0,0.0066,Low Risk (Safe),OPTIMAL: Thermal Profile Compliant; Clear for Immediate Inbound Put-away
SHP-2132,AB-REEFER-9132,PolarTrans Logistics,Gujarat BioPharma Park,Hyderabad Metro Depot,Frozen Foods & Confectionery,38717.4,744,Long Haul,27.2,32.49,-20.0,-19.53,-14.32,1.4,19.58,0.705,8,38,84.2,5,-17.55,9.35,0,0.0021,Low Risk (Safe),OPTIMAL: Thermal Profile Compliant; Clear for Immediate Inbound Put-away
SHP-2133,AB-REEFER-9133,ArcticLogistics Global,Punjab Regional Cold Hub,Delhi NCR Mega Fulfillment,Fresh Dairy & Perishables,26134.26,856,Long Haul,40.91,46.3,2.5,4.34,14.93,4.6,12.39,0.289,16,168,68.0,175,8.36,100.0,1,0.9965,Critical Risk (Immediate Action),CRITICAL: High Quality Degradation Detected; Expedite Destination QA Inspection
SHP-2134,AB-REEFER-9134,PolarTrans Logistics,Maharashtra Distribution Center,Mumbai Urban Distribution Center,Frozen Foods & Confectionery,20038.13,696,Long Haul,33.71,38.25,-20.0,-19.16,-15.92,4.3,13.98,0.922,2,23,98.2,0,-17.93,9.06,0,0.0018,Low Risk (Safe),OPTIMAL: Thermal Profile Compliant; Clear for Immediate Inbound Put-away
SHP-2135,AB-REEFER-9135,ThermoHaul Freight,Punjab Regional Cold Hub,Mumbai Urban Distribution Center,Pharma Biologics & Vaccines,242242.57,1044,Cross-Country,31.33,34.91,4.0,4.89,9.78,5.1,18.13,0.833,3,25,97.5,48,6.75,12.72,0,0.0018,Low Risk (Safe),OPTIMAL: Thermal Profile Compliant; Clear for Immediate Inbound Put-away
SHP-2136,AB-REEFER-9136,ColdFleet Express,Haryana Bottling Facility,Goa Coastal Transit Hub,Pharma Biologics & Vaccines,250511.11,948,Long Haul,41.94,49.23,4.0,4.82,9.33,3.6,19.69,0.561,5,59,91.8,61,6.53,44.04,0,0.0064,Low Risk (Safe),OPTIMAL: Thermal Profile Compliant; Clear for Immediate Inbound Put-away
SHP-2137,AB-REEFER-9137,ThermoHaul Freight,AB InBev Brewery - Bengaluru Hub,Hyderabad Metro Depot,Fresh Dairy & Perishables,16453.07,1110,Cross-Country,34.23,37.8,2.5,4.18,6.84,2.0,20.44,0.189,1,5,71.9,32,5.19,14.61,0,0.0027,Low Risk (Safe),OPTIMAL: Thermal Profile Compliant; Clear for Immediate Inbound Put-away
SHP-2138,AB-REEFER-9138,ColdFleet Express,Gujarat BioPharma Park,Kolkata Eastern Terminal,Pasteurized Keg Beer / Premium Lager,30483.42,521,Mid Haul,36.87,44.17,3.5,4.19,8.15,5.1,7.08,0.792,3,40,93.6,33,5.69,12.65,0,0.0021,Low Risk (Safe),OPTIMAL: Thermal Profile Compliant; Clear for Immediate Inbound Put-away
SHP-2139,AB-REEFER-9139,ArcticLogistics Global,Maharashtra Distribution Center,Hyderabad Metro Depot,Frozen Foods & Confectionery,19000.45,882,Long Haul,27.87,32.2,-20.0,-18.4,-11.89,2.7,17.61,0.281,5,55,84.6,158,-15.93,43.82,0,0.0378,Low Risk (Safe),OPTIMAL: Thermal Profile Compliant; Clear for Immediate Inbound Put-away
SHP-2140,AB-REEFER-9140,ThermoHaul Freight,Gujarat BioPharma Park,Mumbai Urban Distribution Center,Pasteurized Keg Beer / Premium Lager,25197.8,524,Mid Haul,36.92,40.1,3.5,4.85,10.2,2.9,10.99,0.893,5,35,83.9,58,6.88,37.07,0,0.0022,Low Risk (Safe),OPTIMAL: Thermal Profile Compliant; Clear for Immediate Inbound Put-away
SHP-2141,AB-REEFER-9141,ThermoHaul Freight,Gujarat BioPharma Park,Hyderabad Metro Depot,Pharma Biologics & Vaccines,169488.84,1158,Cross-Country,34.74,40.12,4.0,5.11,14.92,5.7,32.69,0.386,8,111,79.5,136,8.84,98.17,1,0.9887,Critical Risk (Immediate Action),CRITICAL: Quash for Biologics Potency & Cold-Chain Excursion Audit; Do Not Release to Cold-Room
SHP-2142,AB-REEFER-9142,PolarTrans Logistics,Haryana Bottling Facility,Delhi NCR Mega Fulfillment,Frozen Foods & Confectionery,41216.68,816,Long Haul,39.77,44.94,-20.0,-17.69,-13.89,6.8,11.99,0.791,8,39,72.0,8,-16.25,11.0,0,0.0026,Low Risk (Safe),OPTIMAL: Thermal Profile Compliant; Clear for Immediate Inbound Put-away
SHP-2143,AB-REEFER-9143,ColdFleet Express,Haryana Bottling Facility,Kolkata Eastern Terminal,Pharma Biologics & Vaccines,212846.92,700,Long Haul,26.65,30.99,4.0,5.18,9.79,2.6,15.49,0.453,3,39,89.0,49,6.93,12.08,0,0.0016,Low Risk (Safe),OPTIMAL: Thermal Profile Compliant; Clear for Immediate Inbound Put-away
SHP-2144,AB-REEFER-9144,ThermoHaul Freight,AB InBev Brewery - Bengaluru Hub,Kolkata Eastern Terminal,Pasteurized Keg Beer / Premium Lager,44323.91,973,Long Haul,38.43,42.73,3.5,7.23,23.12,8.0,22.72,0.841,16,223,66.6,272,13.27,100.0,1,0.9927,Critical Risk (Immediate Action),CRITICAL: Inspect for Flavour Skunking & Colloidal Haze at Inbound Gate; Reroute to Priority Cross-Dock
SHP-2145,AB-REEFER-9145,ThermoHaul Freight,Gujarat BioPharma Park,Hyderabad Metro Depot,Frozen Foods & Confectionery,41056.8,923,Long Haul,26.11,30.68,-20.0,-18.2,-14.63,6.4,13.23,0.704,1,8,72.7,0,-16.84,7.52,0,0.0016,Low Risk (Safe),OPTIMAL: Thermal Profile Compliant; Clear for Immediate Inbound Put-away
SHP-2146,AB-REEFER-9146,PolarTrans Logistics,Haryana Bottling Facility,Hyderabad Metro Depot,Pasteurized Keg Beer / Premium Lager,35263.04,659,Long Haul,28.07,32.64,3.5,4.24,8.44,7.0,10.55,0.436,3,20,98.3,13,5.84,7.25,0,0.0017,Low Risk (Safe),OPTIMAL: Thermal Profile Compliant; Clear for Immediate Inbound Put-away
SHP-2147,AB-REEFER-9147,PolarTrans Logistics,Gujarat BioPharma Park,Delhi NCR Mega Fulfillment,Pasteurized Keg Beer / Premium Lager,39140.03,1137,Cross-Country,32.78,35.31,3.5,5.04,8.47,1.6,21.53,0.46,2,18,96.2,24,6.34,14.95,0,0.0012,Low Risk (Safe),OPTIMAL: Thermal Profile Compliant; Clear for Immediate Inbound Put-away
SHP-2148,AB-REEFER-9148,ColdFleet Express,Maharashtra Distribution Center,Mumbai Urban Distribution Center,Frozen Foods & Confectionery,28264.61,523,Mid Haul,30.81,34.61,-20.0,-18.39,-14.32,6.4,11.24,0.391,3,13,70.8,0,-16.84,14.58,0,0.0017,Low Risk (Safe),OPTIMAL: Thermal Profile Compliant; Clear for Immediate Inbound Put-away
SHP-2149,AB-REEFER-9149,PolarTrans Logistics,Maharashtra Distribution Center,Mumbai Urban Distribution Center,Fresh Dairy & Perishables,13010.13,846,Long Haul,29.47,34.01,2.5,4.02,6.77,3.6,23.45,0.399,1,12,88.7,23,5.06,5.19,0,0.002,Low Risk (Safe),OPTIMAL: Thermal Profile Compliant; Clear for Immediate Inbound Put-away
SHP-2150,AB-REEFER-9150,ColdFleet Express,Maharashtra Distribution Center,Hyderabad Metro Depot,Pharma Biologics & Vaccines,183010.07,226,Short Haul,34.49,40.43,4.0,5.87,11.51,0.8,3.47,0.384,12,63,80.5,100,8.01,43.09,0,0.0939,Low Risk (Safe),OPTIMAL: Thermal Profile Compliant; Clear for Immediate Inbound Put-away
SHP-2151,AB-REEFER-9151,ThermoHaul Freight,Haryana Bottling Facility,Delhi NCR Mega Fulfillment,Frozen Foods & Confectionery,22332.24,749,Long Haul,31.42,38.1,-20.0,-18.91,-14.76,6.7,15.38,0.246,3,29,90.2,0,-17.33,13.56,0,0.0016,Low Risk (Safe),OPTIMAL: Thermal Profile Compliant; Clear for Immediate Inbound Put-away
SHP-2152,AB-REEFER-9152,ArcticLogistics Global,Punjab Regional Cold Hub,Kolkata Eastern Terminal,Pharma Biologics & Vaccines,210652.36,1059,Cross-Country,40.26,47.44,4.0,6.05,10.41,5.9,23.62,0.617,2,16,66.7,97,7.71,51.24,1,0.2423,Low Risk (Safe),OPTIMAL: Thermal Profile Compliant; Clear for Immediate Inbound Put-away
SHP-2153,AB-REEFER-9153,ColdFleet Express,Haryana Bottling Facility,Delhi NCR Mega Fulfillment,Pasteurized Keg Beer / Premium Lager,40803.09,670,Long Haul,38.95,42.51,3.5,5.32,7.3,1.6,9.71,0.248,2,12,72.3,0,6.07,8.55,0,0.0015,Low Risk (Safe),OPTIMAL: Thermal Profile Compliant; Clear for Immediate Inbound Put-away
SHP-2154,AB-REEFER-9154,ThermoHaul Freight,Punjab Regional Cold Hub,Delhi NCR Mega Fulfillment,Pharma Biologics & Vaccines,135540.51,334,Mid Haul,41.13,44.38,4.0,5.17,8.78,6.4,8.76,0.561,8,38,79.4,17,6.54,3.81,0,0.002,Low Risk (Safe),OPTIMAL: Thermal Profile Compliant; Clear for Immediate Inbound Put-away
SHP-2155,AB-REEFER-9155,ArcticLogistics Global,Punjab Regional Cold Hub,Mumbai Urban Distribution Center,Pasteurized Keg Beer / Premium Lager,43895.47,938,Long Haul,35.42,41.77,3.5,5.69,8.34,8.1,15.32,0.306,2,26,83.6,32,6.7,12.7,0,0.0018,Low Risk (Safe),OPTIMAL: Thermal Profile Compliant; Clear for Immediate Inbound Put-away
SHP-2156,AB-REEFER-9156,ColdFleet Express,AB InBev Brewery - Bengaluru Hub,Hyderabad Metro Depot,Pharma Biologics & Vaccines,217338.6,1235,Cross-Country,36.56,43.66,4.0,6.62,10.13,8.5,31.15,0.305,1,10,78.9,75,7.95,42.79,0,0.0381,Low Risk (Safe),OPTIMAL: Thermal Profile Compliant; Clear for Immediate Inbound Put-away
SHP-2157,AB-REEFER-9157,ThermoHaul Freight,Punjab Regional Cold Hub,Delhi NCR Mega Fulfillment,Pasteurized Keg Beer / Premium Lager,37818.81,460,Mid Haul,29.13,32.17,3.5,5.26,9.01,7.2,7.38,0.906,2,8,62.9,206,6.68,51.7,1,0.9519,Critical Risk (Immediate Action),CRITICAL: Inspect for Flavour Skunking & Colloidal Haze at Inbound Gate; Reroute to Priority Cross-Dock
SHP-2158,AB-REEFER-9158,PolarTrans Logistics,Punjab Regional Cold Hub,Delhi NCR Mega Fulfillment,Frozen Foods & Confectionery,33996.39,580,Mid Haul,41.57,44.21,-20.0,-18.39,-14.48,3.0,11.88,0.663,1,8,81.0,0,-16.9,18.5,0,0.0018,Low Risk (Safe),OPTIMAL: Thermal Profile Compliant; Clear for Immediate Inbound Put-away
SHP-2159,AB-REEFER-9159,ArcticLogistics Global,Maharashtra Distribution Center,Mumbai Urban Distribution Center,Pasteurized Keg Beer / Premium Lager,25507.97,630,Mid Haul,30.69,34.46,3.5,6.06,21.11,6.7,14.15,0.696,16,216,97.7,311,11.78,100.0,1,0.9613,Critical Risk (Immediate Action),CRITICAL: Inspect for Flavour Skunking & Colloidal Haze at Inbound Gate; Reroute to Priority Cross-Dock
SHP-2160,AB-REEFER-9160,ArcticLogistics Global,AB InBev Brewery - Bengaluru Hub,Delhi NCR Mega Fulfillment,Frozen Foods & Confectionery,33155.25,608,Mid Haul,38.41,45.26,-20.0,-19.14,-15.96,4.1,15.01,0.359,5,28,70.2,0,-17.93,8.93,0,0.0021,Low Risk (Safe),OPTIMAL: Thermal Profile Compliant; Clear for Immediate Inbound Put-away
SHP-2161,AB-REEFER-9161,ColdFleet Express,Punjab Regional Cold Hub,Mumbai Urban Distribution Center,Pasteurized Keg Beer / Premium Lager,41836.83,643,Mid Haul,39.04,43.21,3.5,5.4,8.2,7.7,13.49,0.262,1,7,80.2,76,6.46,29.28,0,0.0124,Low Risk (Safe),OPTIMAL: Thermal Profile Compliant; Clear for Immediate Inbound Put-away
SHP-2162,AB-REEFER-9162,ColdFleet Express,Maharashtra Distribution Center,Delhi NCR Mega Fulfillment,Frozen Foods & Confectionery,17098.33,644,Mid Haul,41.93,46.23,-20.0,-18.45,-15.21,4.3,10.51,0.335,3,12,66.7,0,-17.22,18.01,0,0.0014,Low Risk (Safe),OPTIMAL: Thermal Profile Compliant; Clear for Immediate Inbound Put-away
SHP-2163,AB-REEFER-9163,ThermoHaul Freight,Punjab Regional Cold Hub,Mumbai Urban Distribution Center,Pasteurized Keg Beer / Premium Lager,46747.05,1261,Cross-Country,27.22,32.53,3.5,4.99,7.88,3.7,18.16,0.332,1,10,80.1,5,6.09,10.97,0,0.0015,Low Risk (Safe),OPTIMAL: Thermal Profile Compliant; Clear for Immediate Inbound Put-away
SHP-2164,AB-REEFER-9164,ColdFleet Express,Haryana Bottling Facility,Delhi NCR Mega Fulfillment,Pasteurized Keg Beer / Premium Lager,24870.57,268,Short Haul,32.36,39.58,3.5,5.32,7.5,7.8,4.61,0.317,1,4,76.0,0,6.15,15.76,0,0.0012,Low Risk (Safe),OPTIMAL: Thermal Profile Compliant; Clear for Immediate Inbound Put-away
SHP-2165,AB-REEFER-9165,ThermoHaul Freight,Haryana Bottling Facility,Mumbai Urban Distribution Center,Fresh Dairy & Perishables,14620.8,482,Mid Haul,30.37,36.11,2.5,4.07,8.59,3.3,6.78,0.943,3,19,62.5,61,5.79,50.91,1,0.9451,Critical Risk (Immediate Action),CRITICAL: High Quality Degradation Detected; Expedite Destination QA Inspection
SHP-2166,AB-REEFER-9166,PolarTrans Logistics,Haryana Bottling Facility,Goa Coastal Transit Hub,Pharma Biologics & Vaccines,236898.64,813,Long Haul,27.99,33.74,4.0,6.3,10.21,8.2,21.25,0.647,1,11,83.9,67,7.79,43.49,0,0.013,Low Risk (Safe),OPTIMAL: Thermal Profile Compliant; Clear for Immediate Inbound Put-away
SHP-2167,AB-REEFER-9167,ColdFleet Express,AB InBev Brewery - Bengaluru Hub,Goa Coastal Transit Hub,Pasteurized Keg Beer / Premium Lager,39312.14,392,Mid Haul,29.62,34.42,3.5,5.97,15.92,4.9,8.01,0.342,16,122,79.0,189,9.75,100.0,1,0.9917,Critical Risk (Immediate Action),CRITICAL: Inspect for Flavour Skunking & Colloidal Haze at Inbound Gate; Reroute to Priority Cross-Dock
SHP-2168,AB-REEFER-9168,ColdFleet Express,Maharashtra Distribution Center,Mumbai Urban Distribution Center,Pasteurized Keg Beer / Premium Lager,23533.53,622,Mid Haul,36.89,42.1,3.5,5.29,10.53,5.7,12.37,0.797,3,30,88.6,52,7.28,34.17,0,0.0019,Low Risk (Safe),OPTIMAL: Thermal Profile Compliant; Clear for Immediate Inbound Put-away
SHP-2169,AB-REEFER-9169,PolarTrans Logistics,Punjab Regional Cold Hub,Mumbai Urban Distribution Center,Fresh Dairy & Perishables,28167.08,174,Short Haul,26.11,32.97,2.5,4.02,9.43,1.0,3.05,0.337,5,37,95.2,118,6.08,38.14,0,0.0081,Low Risk (Safe),OPTIMAL: Thermal Profile Compliant; Clear for Immediate Inbound Put-away
SHP-2170,AB-REEFER-9170,ColdFleet Express,Punjab Regional Cold Hub,Goa Coastal Transit Hub,Pharma Biologics & Vaccines,265799.74,410,Mid Haul,27.98,33.64,4.0,3.97,7.11,6.8,9.79,0.23,2,20,80.5,0,5.16,2.02,0,0.0017,Low Risk (Safe),OPTIMAL: Thermal Profile Compliant; Clear for Immediate Inbound Put-away
SHP-2171,AB-REEFER-9171,PolarTrans Logistics,Haryana Bottling Facility,Hyderabad Metro Depot,Frozen Foods & Confectionery,31992.11,849,Long Haul,41.91,44.86,-20.0,-18.97,-15.83,7.0,16.25,0.612,3,21,74.1,0,-17.78,4.34,0,0.0019,Low Risk (Safe),OPTIMAL: Thermal Profile Compliant; Clear for Immediate Inbound Put-away
SHP-2172,AB-REEFER-9172,ColdFleet Express,Maharashtra Distribution Center,Delhi NCR Mega Fulfillment,Pasteurized Keg Beer / Premium Lager,46167.54,396,Mid Haul,34.6,41.07,3.5,6.05,9.89,1.5,8.02,0.451,3,31,72.5,45,7.51,30.11,0,0.0021,Low Risk (Safe),OPTIMAL: Thermal Profile Compliant; Clear for Immediate Inbound Put-away
SHP-2173,AB-REEFER-9173,ArcticLogistics Global,Haryana Bottling Facility,Kolkata Eastern Terminal,Pasteurized Keg Beer / Premium Lager,51858.42,481,Mid Haul,32.67,37.68,3.5,5.0,10.18,6.7,10.08,0.555,5,40,98.0,76,6.97,24.87,0,0.0047,Low Risk (Safe),OPTIMAL: Thermal Profile Compliant; Clear for Immediate Inbound Put-away
SHP-2174,AB-REEFER-9174,PolarTrans Logistics,Punjab Regional Cold Hub,Delhi NCR Mega Fulfillment,Fresh Dairy & Perishables,13378.02,768,Long Haul,41.3,47.04,2.5,2.77,5.12,8.2,19.55,0.651,1,9,92.0,5,3.66,12.84,0,0.0025,Low Risk (Safe),OPTIMAL: Thermal Profile Compliant; Clear for Immediate Inbound Put-away
SHP-2175,AB-REEFER-9175,ColdFleet Express,Gujarat BioPharma Park,Mumbai Urban Distribution Center,Pasteurized Keg Beer / Premium Lager,38926.31,1094,Cross-Country,31.97,36.48,3.5,4.34,7.87,7.2,21.94,0.215,3,30,79.4,0,5.68,11.03,0,0.0018,Low Risk (Safe),OPTIMAL: Thermal Profile Compliant; Clear for Immediate Inbound Put-away
SHP-2176,AB-REEFER-9176,ThermoHaul Freight,AB InBev Brewery - Bengaluru Hub,Kolkata Eastern Terminal,Pasteurized Keg Beer / Premium Lager,40643.59,866,Long Haul,35.4,40.42,3.5,5.35,10.9,2.6,19.63,0.234,3,39,64.8,169,7.46,48.02,0,0.8711,Critical Risk (Immediate Action),CRITICAL: Inspect for Flavour Skunking & Colloidal Haze at Inbound Gate; Reroute to Priority Cross-Dock
SHP-2177,AB-REEFER-9177,PolarTrans Logistics,Punjab Regional Cold Hub,Delhi NCR Mega Fulfillment,Frozen Foods & Confectionery,31914.0,246,Short Haul,26.58,32.78,-20.0,-19.25,-12.13,6.2,6.81,0.582,12,71,95.5,60,-16.54,6.73,0,0.0019,Low Risk (Safe),OPTIMAL: Thermal Profile Compliant; Clear for Immediate Inbound Put-away
SHP-2178,AB-REEFER-9178,ThermoHaul Freight,Maharashtra Distribution Center,Delhi NCR Mega Fulfillment,Frozen Foods & Confectionery,16264.23,433,Mid Haul,31.06,34.86,-20.0,-18.03,-14.53,4.4,7.46,0.913,1,10,70.2,0,-16.7,14.68,0,0.0032,Low Risk (Safe),OPTIMAL: Thermal Profile Compliant; Clear for Immediate Inbound Put-away
SHP-2179,AB-REEFER-9179,PolarTrans Logistics,Punjab Regional Cold Hub,Goa Coastal Transit Hub,Fresh Dairy & Perishables,16735.82,1035,Cross-Country,40.59,44.42,2.5,4.4,7.31,4.1,14.57,0.754,1,13,76.5,95,5.51,46.29,0,0.0465,Low Risk (Safe),OPTIMAL: Thermal Profile Compliant; Clear for Immediate Inbound Put-away
SHP-2180,AB-REEFER-9180,ColdFleet Express,Gujarat BioPharma Park,Mumbai Urban Distribution Center,Fresh Dairy & Perishables,29568.74,319,Mid Haul,36.73,40.8,2.5,4.19,6.86,4.9,6.42,0.324,1,6,65.8,109,5.2,42.55,0,0.1174,Low Risk (Safe),OPTIMAL: Thermal Profile Compliant; Clear for Immediate Inbound Put-away
SHP-2181,AB-REEFER-9181,PolarTrans Logistics,Gujarat BioPharma Park,Hyderabad Metro Depot,Fresh Dairy & Perishables,30608.21,818,Long Haul,37.22,42.94,2.5,4.51,7.43,2.5,17.47,0.329,1,9,79.6,68,5.62,53.04,1,0.6921,Moderate Risk (Monitor),WARNING: Schedule Reefer Compressor Inspection & Door Seal Re-calibration at Hub
SHP-2182,AB-REEFER-9182,ArcticLogistics Global,Haryana Bottling Facility,Goa Coastal Transit Hub,Frozen Foods & Confectionery,16195.14,661,Long Haul,26.5,30.61,-20.0,-18.49,-14.47,4.2,14.42,0.774,5,47,73.1,0,-16.96,16.72,0,0.0022,Low Risk (Safe),OPTIMAL: Thermal Profile Compliant; Clear for Immediate Inbound Put-away
SHP-2183,AB-REEFER-9183,PolarTrans Logistics,AB InBev Brewery - Bengaluru Hub,Kolkata Eastern Terminal,Pharma Biologics & Vaccines,98062.67,1088,Cross-Country,38.83,42.01,4.0,5.05,9.29,1.9,20.71,0.554,5,34,96.8,58,6.66,3.0,0,0.0015,Low Risk (Safe),OPTIMAL: Thermal Profile Compliant; Clear for Immediate Inbound Put-away
SHP-2184,AB-REEFER-9184,ColdFleet Express,Gujarat BioPharma Park,Hyderabad Metro Depot,Pasteurized Keg Beer / Premium Lager,25373.13,598,Mid Haul,39.35,46.3,3.5,5.42,10.36,6.6,11.63,0.542,2,27,70.6,65,7.3,28.12,0,0.0141,Low Risk (Safe),OPTIMAL: Thermal Profile Compliant; Clear for Immediate Inbound Put-away
SHP-2185,AB-REEFER-9185,ArcticLogistics Global,AB InBev Brewery - Bengaluru Hub,Goa Coastal Transit Hub,Pharma Biologics & Vaccines,229274.41,529,Mid Haul,26.66,29.92,4.0,4.19,8.16,5.6,11.94,0.443,1,13,90.4,115,5.7,39.81,0,0.0101,Low Risk (Safe),OPTIMAL: Thermal Profile Compliant; Clear for Immediate Inbound Put-away
SHP-2186,AB-REEFER-9186,PolarTrans Logistics,AB InBev Brewery - Bengaluru Hub,Goa Coastal Transit Hub,Frozen Foods & Confectionery,20036.94,501,Mid Haul,35.98,41.41,-20.0,-16.85,-11.71,3.2,10.15,0.557,5,62,98.1,89,-14.9,46.63,0,0.0131,Low Risk (Safe),OPTIMAL: Thermal Profile Compliant; Clear for Immediate Inbound Put-away
SHP-2187,AB-REEFER-9187,ArcticLogistics Global,Punjab Regional Cold Hub,Delhi NCR Mega Fulfillment,Pharma Biologics & Vaccines,139137.13,932,Long Haul,30.23,37.38,4.0,5.09,9.36,5.8,18.95,0.39,5,33,84.0,52,6.71,8.9,0,0.0015,Low Risk (Safe),OPTIMAL: Thermal Profile Compliant; Clear for Immediate Inbound Put-away
SHP-2188,AB-REEFER-9188,ArcticLogistics Global,Maharashtra Distribution Center,Mumbai Urban Distribution Center,Frozen Foods & Confectionery,32618.49,335,Mid Haul,29.37,32.26,-20.0,-18.36,-15.16,8.5,6.3,0.719,1,5,92.4,0,-17.14,12.54,0,0.0017,Low Risk (Safe),OPTIMAL: Thermal Profile Compliant; Clear for Immediate Inbound Put-away
SHP-2189,AB-REEFER-9189,PolarTrans Logistics,AB InBev Brewery - Bengaluru Hub,Kolkata Eastern Terminal,Fresh Dairy & Perishables,29394.49,627,Mid Haul,32.52,37.2,2.5,4.08,7.62,7.3,15.17,0.739,3,25,89.8,99,5.43,43.7,0,0.0223,Low Risk (Safe),OPTIMAL: Thermal Profile Compliant; Clear for Immediate Inbound Put-away
SHP-2190,AB-REEFER-9190,ThermoHaul Freight,Maharashtra Distribution Center,Mumbai Urban Distribution Center,Pasteurized Keg Beer / Premium Lager,34530.25,1187,Cross-Country,31.88,39.27,3.5,5.09,9.87,6.7,21.61,0.57,5,38,82.4,51,6.91,29.43,0,0.0016,Low Risk (Safe),OPTIMAL: Thermal Profile Compliant; Clear for Immediate Inbound Put-away
SHP-2191,AB-REEFER-9191,ColdFleet Express,Maharashtra Distribution Center,Mumbai Urban Distribution Center,Fresh Dairy & Perishables,12154.96,635,Mid Haul,35.46,41.95,2.5,5.04,13.56,2.5,17.37,0.932,12,91,64.8,203,8.28,100.0,1,0.9962,Critical Risk (Immediate Action),CRITICAL: High Quality Degradation Detected; Expedite Destination QA Inspection
SHP-2192,AB-REEFER-9192,ColdFleet Express,Punjab Regional Cold Hub,Hyderabad Metro Depot,Pasteurized Keg Beer / Premium Lager,32475.13,570,Mid Haul,27.76,34.03,3.5,6.29,17.13,4.1,10.6,0.314,12,154,68.5,262,10.41,94.27,1,0.9928,Critical Risk (Immediate Action),CRITICAL: Inspect for Flavour Skunking & Colloidal Haze at Inbound Gate; Reroute to Priority Cross-Dock
SHP-2193,AB-REEFER-9193,ColdFleet Express,Maharashtra Distribution Center,Hyderabad Metro Depot,Pasteurized Keg Beer / Premium Lager,41677.52,684,Long Haul,33.05,36.29,3.5,3.39,6.03,4.7,11.47,0.275,1,7,92.5,0,4.39,2.44,0,0.0014,Low Risk (Safe),OPTIMAL: Thermal Profile Compliant; Clear for Immediate Inbound Put-away
SHP-2194,AB-REEFER-9194,PolarTrans Logistics,Maharashtra Distribution Center,Hyderabad Metro Depot,Pasteurized Keg Beer / Premium Lager,25350.66,643,Mid Haul,30.52,34.64,3.5,5.37,10.21,1.2,13.41,0.512,2,20,72.4,149,7.21,55.18,1,0.75,Critical Risk (Immediate Action),CRITICAL: Inspect for Flavour Skunking & Colloidal Haze at Inbound Gate; Reroute to Priority Cross-Dock
SHP-2195,AB-REEFER-9195,ColdFleet Express,AB InBev Brewery - Bengaluru Hub,Mumbai Urban Distribution Center,Pasteurized Keg Beer / Premium Lager,36328.24,966,Long Haul,29.72,35.22,3.5,5.69,9.55,2.6,23.67,0.299,2,17,62.2,65,7.16,32.8,0,0.0368,Low Risk (Safe),OPTIMAL: Thermal Profile Compliant; Clear for Immediate Inbound Put-away
SHP-2196,AB-REEFER-9196,ColdFleet Express,AB InBev Brewery - Bengaluru Hub,Mumbai Urban Distribution Center,Fresh Dairy & Perishables,13442.55,732,Long Haul,30.73,35.26,2.5,3.33,6.18,4.8,15.65,0.545,2,18,95.5,42,4.41,8.83,0,0.0023,Low Risk (Safe),OPTIMAL: Thermal Profile Compliant; Clear for Immediate Inbound Put-away
SHP-2197,AB-REEFER-9197,ColdFleet Express,AB InBev Brewery - Bengaluru Hub,Hyderabad Metro Depot,Pasteurized Keg Beer / Premium Lager,36075.24,646,Mid Haul,40.41,45.89,3.5,4.98,8.8,2.6,14.78,0.842,2,21,96.8,25,6.43,8.88,0,0.0019,Low Risk (Safe),OPTIMAL: Thermal Profile Compliant; Clear for Immediate Inbound Put-away
SHP-2198,AB-REEFER-9198,ColdFleet Express,Maharashtra Distribution Center,Mumbai Urban Distribution Center,Fresh Dairy & Perishables,19797.41,850,Long Haul,33.46,36.28,2.5,3.82,8.63,5.3,17.33,0.505,3,24,85.4,112,5.65,43.55,0,0.0131,Low Risk (Safe),OPTIMAL: Thermal Profile Compliant; Clear for Immediate Inbound Put-away
SHP-2199,AB-REEFER-9199,ThermoHaul Freight,Gujarat BioPharma Park,Kolkata Eastern Terminal,Frozen Foods & Confectionery,20299.31,1202,Cross-Country,28.34,32.98,-20.0,-18.5,-16.16,6.0,27.84,0.732,1,5,85.5,0,-17.61,7.68,0,0.0015,Low Risk (Safe),OPTIMAL: Thermal Profile Compliant; Clear for Immediate Inbound Put-away
