Ping_ID,Shipment_ID,Waypoint_Seq,Recorded_At,Vehicle_Speed_KMH,Instantaneous_Temp_C,Ambient_Temp_C,Compressor_Power_KW,Door_State
PING-1,SHP-1000,1,2026-03-01 06:00:00,51,3.64,27.93,2.4,CLOSED
PING-2,SHP-1000,2,2026-03-01 06:49:00,65,3.37,26.04,2.4,CLOSED
PING-3,SHP-1000,3,2026-03-01 07:25:00,0,7.64,30.41,4.8,OPEN
PING-4,SHP-1000,4,2026-03-01 08:20:00,55,6.44,25.64,2.4,CLOSED
PING-5,SHP-1000,5,2026-03-01 09:12:00,59,5.24,25.77,2.4,CLOSED
PING-6,SHP-1000,6,2026-03-01 09:59:00,46,4.04,30.1,2.4,CLOSED
PING-7,SHP-1000,7,2026-03-01 10:40:00,0,7.56,26.81,4.8,OPEN
PING-8,SHP-1000,8,2026-03-01 11:28:00,63,6.36,26.12,2.4,CLOSED
PING-9,SHP-1000,9,2026-03-01 12:27:00,70,5.16,30.27,2.4,CLOSED
PING-10,SHP-1000,10,2026-03-01 13:24:00,64,3.96,30.17,2.4,CLOSED
PING-11,SHP-1000,11,2026-03-01 14:01:00,46,3.78,26.89,2.4,CLOSED
PING-12,SHP-1000,12,2026-03-01 14:45:00,72,3.64,27.06,2.4,CLOSED
PING-101,SHP-1001,1,2026-03-01 08:00:00,74,4.27,38.46,2.4,CLOSED
PING-102,SHP-1001,2,2026-03-01 08:37:00,70,4.4,38.95,2.4,CLOSED
PING-103,SHP-1001,3,2026-03-01 09:31:00,62,4.4,38.21,2.4,CLOSED
PING-104,SHP-1001,4,2026-03-01 10:06:00,46,4.16,39.36,2.4,CLOSED
PING-105,SHP-1001,5,2026-03-01 10:48:00,74,4.17,37.23,2.4,CLOSED
PING-106,SHP-1001,6,2026-03-01 11:33:00,52,4.32,36.28,2.4,CLOSED
PING-107,SHP-1001,7,2026-03-01 12:15:00,75,4.12,40.3,2.4,CLOSED
PING-108,SHP-1001,8,2026-03-01 13:05:00,71,4.34,36.89,2.4,CLOSED
PING-201,SHP-1002,1,2026-03-01 10:00:00,53,3.66,28.51,2.4,CLOSED
PING-202,SHP-1002,2,2026-03-01 10:52:00,49,3.79,32.64,2.4,CLOSED
PING-203,SHP-1002,3,2026-03-01 11:33:00,58,4.08,27.33,2.4,CLOSED
PING-204,SHP-1002,4,2026-03-01 12:16:00,67,4.16,30.07,2.4,CLOSED
PING-205,SHP-1002,5,2026-03-01 13:02:00,64,4.19,27.59,2.4,CLOSED
PING-206,SHP-1002,6,2026-03-01 13:46:00,71,4.04,29.74,2.4,CLOSED
PING-207,SHP-1002,7,2026-03-01 14:45:00,71,3.98,31.54,2.4,CLOSED
PING-208,SHP-1002,8,2026-03-01 15:23:00,67,3.98,31.87,2.4,CLOSED
PING-301,SHP-1003,1,2026-03-01 12:00:00,74,3.05,43.5,2.4,CLOSED
PING-302,SHP-1003,2,2026-03-01 12:50:00,56,2.95,42.54,2.4,CLOSED
PING-303,SHP-1003,3,2026-03-01 13:47:00,0,7.06,42.84,4.8,OPEN
PING-304,SHP-1003,4,2026-03-01 14:38:00,47,5.86,39.44,2.4,CLOSED
PING-305,SHP-1003,5,2026-03-01 15:35:00,65,4.66,38.6,2.4,CLOSED
PING-306,SHP-1003,6,2026-03-01 16:12:00,66,3.46,38.58,2.4,CLOSED
PING-307,SHP-1003,7,2026-03-01 16:51:00,0,6.69,42.36,4.8,OPEN
PING-308,SHP-1003,8,2026-03-01 17:42:00,52,5.49,42.47,2.4,CLOSED
PING-401,SHP-1004,1,2026-03-01 14:00:00,46,3.72,37.11,2.4,CLOSED
PING-402,SHP-1004,2,2026-03-01 14:46:00,74,3.59,35.75,2.4,CLOSED
PING-403,SHP-1004,3,2026-03-01 15:44:00,63,3.49,34.79,2.4,CLOSED
PING-404,SHP-1004,4,2026-03-01 16:43:00,55,3.24,32.69,2.4,CLOSED
PING-405,SHP-1004,5,2026-03-01 17:24:00,57,3.23,33.81,2.4,CLOSED
PING-406,SHP-1004,6,2026-03-01 18:20:00,47,3.49,32.79,2.4,CLOSED
PING-407,SHP-1004,7,2026-03-01 19:11:00,53,3.41,33.26,2.4,CLOSED
PING-408,SHP-1004,8,2026-03-01 19:54:00,49,3.62,35.54,2.4,CLOSED
PING-409,SHP-1004,9,2026-03-01 20:42:00,58,3.5,33.05,2.4,CLOSED
PING-410,SHP-1004,10,2026-03-01 21:32:00,45,3.25,35.09,2.4,CLOSED
PING-411,SHP-1004,11,2026-03-01 22:11:00,58,2.99,31.92,2.4,CLOSED
PING-412,SHP-1004,12,2026-03-01 23:08:00,64,2.71,34.05,2.4,CLOSED
PING-501,SHP-1005,1,2026-03-01 16:00:00,46,4.0,26.31,2.4,CLOSED
PING-502,SHP-1005,2,2026-03-01 16:45:00,53,4.15,25.13,2.4,CLOSED
PING-503,SHP-1005,3,2026-03-01 17:22:00,0,7.06,27.91,4.8,OPEN
PING-504,SHP-1005,4,2026-03-01 17:58:00,75,5.86,26.55,2.4,CLOSED
PING-505,SHP-1005,5,2026-03-01 18:38:00,48,4.66,25.13,2.4,CLOSED
PING-506,SHP-1005,6,2026-03-01 19:36:00,66,3.46,26.96,2.4,CLOSED
PING-507,SHP-1005,7,2026-03-01 20:27:00,0,6.39,28.14,4.8,OPEN
PING-508,SHP-1005,8,2026-03-01 21:03:00,63,5.19,24.99,2.4,CLOSED
PING-601,SHP-1006,1,2026-03-01 18:00:00,65,3.64,31.5,2.4,CLOSED
PING-602,SHP-1006,2,2026-03-01 18:58:00,66,3.86,30.72,2.4,CLOSED
PING-603,SHP-1006,3,2026-03-01 19:49:00,49,3.9,30.77,2.4,CLOSED
PING-604,SHP-1006,4,2026-03-01 20:44:00,72,3.98,29.89,2.4,CLOSED
PING-605,SHP-1006,5,2026-03-01 21:24:00,52,3.84,28.38,2.4,CLOSED
PING-606,SHP-1006,6,2026-03-01 21:59:00,56,3.91,29.92,2.4,CLOSED
PING-607,SHP-1006,7,2026-03-01 22:43:00,56,4.02,27.74,2.4,CLOSED
PING-608,SHP-1006,8,2026-03-01 23:30:00,56,4.14,31.46,2.4,CLOSED
PING-701,SHP-1007,1,2026-03-01 20:00:00,54,3.93,36.96,2.4,CLOSED
PING-702,SHP-1007,2,2026-03-01 20:36:00,72,4.21,38.36,2.4,CLOSED
PING-703,SHP-1007,3,2026-03-01 21:34:00,0,7.77,39.06,4.8,OPEN
PING-704,SHP-1007,4,2026-03-01 22:21:00,47,6.57,36.91,2.4,CLOSED
PING-705,SHP-1007,5,2026-03-01 23:11:00,63,5.37,37.58,2.4,CLOSED
PING-706,SHP-1007,6,2026-03-02 00:09:00,70,4.17,37.03,2.4,CLOSED
PING-707,SHP-1007,7,2026-03-02 01:07:00,0,8.5,41.89,4.8,OPEN
PING-708,SHP-1007,8,2026-03-02 01:43:00,69,7.3,39.41,2.4,CLOSED
PING-709,SHP-1007,9,2026-03-02 02:35:00,76,6.1,40.19,2.4,CLOSED
PING-710,SHP-1007,10,2026-03-02 03:30:00,73,4.9,41.02,2.4,CLOSED
PING-801,SHP-1008,1,2026-03-01 22:00:00,63,3.25,28.94,2.4,CLOSED
PING-802,SHP-1008,2,2026-03-01 22:54:00,69,3.44,28.61,2.4,CLOSED
PING-803,SHP-1008,3,2026-03-01 23:34:00,0,6.28,27.49,4.8,OPEN
PING-804,SHP-1008,4,2026-03-02 00:11:00,62,5.08,27.26,2.4,CLOSED
PING-805,SHP-1008,5,2026-03-02 01:06:00,77,3.88,27.92,2.4,CLOSED
PING-806,SHP-1008,6,2026-03-02 01:49:00,75,3.61,29.92,2.4,CLOSED
PING-807,SHP-1008,7,2026-03-02 02:30:00,0,7.22,25.27,4.8,OPEN
PING-808,SHP-1008,8,2026-03-02 03:09:00,52,6.02,26.48,2.4,CLOSED
PING-809,SHP-1008,9,2026-03-02 04:08:00,67,4.82,26.97,2.4,CLOSED
PING-810,SHP-1008,10,2026-03-02 05:01:00,75,3.62,30.13,2.4,CLOSED
PING-811,SHP-1008,11,2026-03-02 05:37:00,48,3.56,26.71,2.4,CLOSED
PING-812,SHP-1008,12,2026-03-02 06:16:00,57,3.65,26.12,2.4,CLOSED
PING-901,SHP-1009,1,2026-03-02 00:00:00,49,4.04,36.41,2.4,CLOSED
PING-902,SHP-1009,2,2026-03-02 00:44:00,72,4.32,37.75,2.4,CLOSED
PING-903,SHP-1009,3,2026-03-02 01:30:00,0,7.2,34.64,4.8,OPEN
PING-904,SHP-1009,4,2026-03-02 02:06:00,73,6.0,37.61,2.4,CLOSED
PING-905,SHP-1009,5,2026-03-02 03:05:00,77,4.8,36.19,2.4,CLOSED
PING-906,SHP-1009,6,2026-03-02 03:59:00,76,3.6,37.81,2.4,CLOSED
PING-907,SHP-1009,7,2026-03-02 04:40:00,0,6.57,33.85,4.8,OPEN
PING-908,SHP-1009,8,2026-03-02 05:38:00,65,5.37,34.4,2.4,CLOSED
PING-909,SHP-1009,9,2026-03-02 06:29:00,65,4.17,35.11,2.4,CLOSED
PING-910,SHP-1009,10,2026-03-02 07:06:00,62,4.27,37.39,2.4,CLOSED
PING-1001,SHP-1010,1,2026-03-02 02:00:00,70,-20.11,35.12,2.4,CLOSED
PING-1002,SHP-1010,2,2026-03-02 02:50:00,76,-19.89,33.75,2.4,CLOSED
PING-1003,SHP-1010,3,2026-03-02 03:48:00,0,-16.81,34.36,4.8,OPEN
PING-1004,SHP-1010,4,2026-03-02 04:34:00,77,-18.01,35.65,2.4,CLOSED
PING-1005,SHP-1010,5,2026-03-02 05:17:00,65,-19.21,34.26,2.4,CLOSED
PING-1006,SHP-1010,6,2026-03-02 05:53:00,49,-19.43,33.78,2.4,CLOSED
PING-1007,SHP-1010,7,2026-03-02 06:31:00,0,-15.96,33.94,4.8,OPEN
PING-1008,SHP-1010,8,2026-03-02 07:14:00,74,-17.16,35.55,2.4,CLOSED
PING-1009,SHP-1010,9,2026-03-02 08:05:00,50,-18.36,34.0,2.4,CLOSED
PING-1010,SHP-1010,10,2026-03-02 08:41:00,50,-19.56,34.47,2.4,CLOSED
PING-1101,SHP-1011,1,2026-03-02 04:00:00,62,3.44,29.52,2.4,CLOSED
PING-1102,SHP-1011,2,2026-03-02 04:36:00,49,3.23,29.34,2.4,CLOSED
PING-1103,SHP-1011,3,2026-03-02 05:32:00,46,3.38,30.33,2.4,CLOSED
PING-1104,SHP-1011,4,2026-03-02 06:15:00,48,3.32,29.62,2.4,CLOSED
PING-1105,SHP-1011,5,2026-03-02 06:54:00,72,3.36,26.05,2.4,CLOSED
PING-1106,SHP-1011,6,2026-03-02 07:42:00,56,3.2,28.17,2.4,CLOSED
PING-1107,SHP-1011,7,2026-03-02 08:25:00,60,3.29,28.77,2.4,CLOSED
PING-1108,SHP-1011,8,2026-03-02 09:18:00,64,3.32,28.66,2.4,CLOSED
PING-1109,SHP-1011,9,2026-03-02 10:02:00,74,3.22,28.9,2.4,CLOSED
PING-1110,SHP-1011,10,2026-03-02 10:43:00,55,3.22,30.7,2.4,CLOSED
PING-1201,SHP-1012,1,2026-03-02 06:00:00,70,3.43,25.42,2.4,CLOSED
PING-1202,SHP-1012,2,2026-03-02 06:43:00,61,3.39,25.72,2.4,CLOSED
PING-1203,SHP-1012,3,2026-03-02 07:20:00,0,6.78,25.98,4.8,OPEN
PING-1204,SHP-1012,4,2026-03-02 08:09:00,50,5.58,27.04,2.4,CLOSED
PING-1205,SHP-1012,5,2026-03-02 08:57:00,46,4.38,26.24,2.4,CLOSED
PING-1206,SHP-1012,6,2026-03-02 09:35:00,77,4.12,26.16,2.4,CLOSED
PING-1207,SHP-1012,7,2026-03-02 10:30:00,0,6.58,28.14,4.8,OPEN
PING-1208,SHP-1012,8,2026-03-02 11:24:00,64,5.38,26.98,2.4,CLOSED
PING-1209,SHP-1012,9,2026-03-02 12:09:00,56,4.18,29.5,2.4,CLOSED
PING-1210,SHP-1012,10,2026-03-02 13:04:00,49,4.46,28.41,2.4,CLOSED
PING-1211,SHP-1012,11,2026-03-02 14:02:00,47,4.27,28.47,2.4,CLOSED
PING-1212,SHP-1012,12,2026-03-02 14:51:00,49,4.48,28.76,2.4,CLOSED
PING-1301,SHP-1013,1,2026-03-02 08:00:00,65,3.78,38.67,2.4,CLOSED
PING-1302,SHP-1013,2,2026-03-02 08:58:00,56,3.86,38.8,2.4,CLOSED
PING-1303,SHP-1013,3,2026-03-02 09:52:00,0,7.27,40.96,4.8,OPEN
PING-1304,SHP-1013,4,2026-03-02 10:49:00,71,6.07,38.86,2.4,CLOSED
PING-1305,SHP-1013,5,2026-03-02 11:31:00,53,4.87,42.12,2.4,CLOSED
PING-1306,SHP-1013,6,2026-03-02 12:06:00,63,3.67,42.22,2.4,CLOSED
PING-1307,SHP-1013,7,2026-03-02 13:02:00,0,6.36,42.55,4.8,OPEN
PING-1308,SHP-1013,8,2026-03-02 13:39:00,72,5.16,38.73,2.4,CLOSED
PING-1309,SHP-1013,9,2026-03-02 14:23:00,71,3.96,38.85,2.4,CLOSED
PING-1310,SHP-1013,10,2026-03-02 15:03:00,68,4.09,41.56,2.4,CLOSED
PING-1401,SHP-1014,1,2026-03-02 10:00:00,50,4.46,32.15,2.4,CLOSED
PING-1402,SHP-1014,2,2026-03-02 10:50:00,69,4.41,34.12,2.4,CLOSED
PING-1403,SHP-1014,3,2026-03-02 11:48:00,48,4.38,34.4,2.4,CLOSED
PING-1404,SHP-1014,4,2026-03-02 12:43:00,75,4.15,33.76,2.4,CLOSED
PING-1405,SHP-1014,5,2026-03-02 13:30:00,58,4.2,29.28,2.4,CLOSED
PING-1406,SHP-1014,6,2026-03-02 14:13:00,45,4.38,30.81,2.4,CLOSED
PING-1407,SHP-1014,7,2026-03-02 14:57:00,75,4.4,30.88,2.4,CLOSED
PING-1408,SHP-1014,8,2026-03-02 15:40:00,59,4.54,30.22,2.4,CLOSED
PING-1501,SHP-1015,1,2026-03-02 12:00:00,60,3.65,32.74,2.4,CLOSED
PING-1502,SHP-1015,2,2026-03-02 12:44:00,64,3.85,30.92,2.4,CLOSED
PING-1503,SHP-1015,3,2026-03-02 13:36:00,62,3.87,31.95,2.4,CLOSED
PING-1504,SHP-1015,4,2026-03-02 14:23:00,48,4.03,31.14,2.4,CLOSED
PING-1505,SHP-1015,5,2026-03-02 14:59:00,53,4.18,34.24,2.4,CLOSED
PING-1506,SHP-1015,6,2026-03-02 15:47:00,77,4.36,33.92,2.4,CLOSED
PING-1507,SHP-1015,7,2026-03-02 16:43:00,63,4.3,30.7,2.4,CLOSED
PING-1508,SHP-1015,8,2026-03-02 17:22:00,64,4.3,31.17,2.4,CLOSED
PING-1509,SHP-1015,9,2026-03-02 18:11:00,63,4.53,33.26,2.4,CLOSED
PING-1510,SHP-1015,10,2026-03-02 19:06:00,77,3.33,32.62,2.4,CLOSED
PING-1511,SHP-1015,11,2026-03-02 20:01:00,76,3.61,30.08,2.4,CLOSED
PING-1512,SHP-1015,12,2026-03-02 20:46:00,47,3.5,32.78,2.4,CLOSED
PING-1601,SHP-1016,1,2026-03-02 14:00:00,63,2.49,43.2,2.4,CLOSED
PING-1602,SHP-1016,2,2026-03-02 14:46:00,60,2.3,40.6,2.4,CLOSED
PING-1603,SHP-1016,3,2026-03-02 15:39:00,0,5.92,39.99,4.8,OPEN
PING-1604,SHP-1016,4,2026-03-02 16:19:00,66,4.72,40.1,2.4,CLOSED
PING-1605,SHP-1016,5,2026-03-02 16:57:00,74,3.52,41.58,2.4,CLOSED
PING-1606,SHP-1016,6,2026-03-02 17:49:00,72,2.32,40.69,2.4,CLOSED
PING-1607,SHP-1016,7,2026-03-02 18:44:00,0,5.42,38.15,4.8,OPEN
PING-1608,SHP-1016,8,2026-03-02 19:29:00,61,4.22,41.74,2.4,CLOSED
PING-1609,SHP-1016,9,2026-03-02 20:06:00,49,3.02,39.23,2.4,CLOSED
PING-1610,SHP-1016,10,2026-03-02 20:47:00,53,3.16,41.26,2.4,CLOSED
PING-1701,SHP-1017,1,2026-03-02 16:00:00,60,4.14,25.73,2.4,CLOSED
PING-1702,SHP-1017,2,2026-03-02 16:48:00,72,3.94,28.91,2.4,CLOSED
PING-1703,SHP-1017,3,2026-03-02 17:46:00,65,3.73,26.86,2.4,CLOSED
PING-1704,SHP-1017,4,2026-03-02 18:29:00,58,3.64,28.13,2.4,CLOSED
PING-1705,SHP-1017,5,2026-03-02 19:18:00,47,3.62,24.68,2.4,CLOSED
PING-1706,SHP-1017,6,2026-03-02 19:53:00,45,3.9,24.82,2.4,CLOSED
PING-1707,SHP-1017,7,2026-03-02 20:35:00,76,4.08,28.6,2.4,CLOSED
PING-1708,SHP-1017,8,2026-03-02 21:27:00,47,4.09,29.52,2.4,CLOSED
PING-1709,SHP-1017,9,2026-03-02 22:20:00,70,4.17,28.23,2.4,CLOSED
PING-1710,SHP-1017,10,2026-03-02 23:10:00,74,4.46,27.81,2.4,CLOSED
PING-1711,SHP-1017,11,2026-03-03 00:02:00,67,4.19,24.49,2.4,CLOSED
PING-1712,SHP-1017,12,2026-03-03 00:51:00,63,4.49,26.85,2.4,CLOSED
PING-1801,SHP-1018,1,2026-03-02 18:00:00,66,3.77,42.67,2.4,CLOSED
PING-1802,SHP-1018,2,2026-03-02 18:48:00,73,3.73,40.91,2.4,CLOSED
PING-1803,SHP-1018,3,2026-03-02 19:34:00,0,8.1,38.61,4.8,OPEN
PING-1804,SHP-1018,4,2026-03-02 20:13:00,57,6.9,43.74,2.4,CLOSED
PING-1805,SHP-1018,5,2026-03-02 20:49:00,45,5.7,38.9,2.4,CLOSED
PING-1806,SHP-1018,6,2026-03-02 21:26:00,46,4.5,41.25,2.4,CLOSED
PING-1807,SHP-1018,7,2026-03-02 22:15:00,0,7.01,40.8,4.8,OPEN
PING-1808,SHP-1018,8,2026-03-02 22:52:00,56,5.81,41.48,2.4,CLOSED
PING-1809,SHP-1018,9,2026-03-02 23:45:00,45,4.61,41.18,2.4,CLOSED
PING-1810,SHP-1018,10,2026-03-03 00:27:00,73,3.41,42.55,2.4,CLOSED
PING-1811,SHP-1018,11,2026-03-03 01:16:00,75,3.28,38.86,2.4,CLOSED
PING-1812,SHP-1018,12,2026-03-03 01:53:00,49,3.21,43.87,2.4,CLOSED
PING-1901,SHP-1019,1,2026-03-02 20:00:00,62,3.38,27.24,2.4,CLOSED
PING-1902,SHP-1019,2,2026-03-02 20:59:00,60,3.62,27.97,2.4,CLOSED
PING-1903,SHP-1019,3,2026-03-02 21:52:00,74,3.34,29.27,2.4,CLOSED
PING-1904,SHP-1019,4,2026-03-02 22:38:00,54,3.27,27.16,2.4,CLOSED
PING-1905,SHP-1019,5,2026-03-02 23:14:00,46,3.48,26.35,2.4,CLOSED
PING-1906,SHP-1019,6,2026-03-03 00:12:00,54,3.62,25.93,2.4,CLOSED
PING-1907,SHP-1019,7,2026-03-03 00:47:00,46,3.74,27.47,2.4,CLOSED
PING-1908,SHP-1019,8,2026-03-03 01:46:00,74,3.51,29.99,2.4,CLOSED
PING-1909,SHP-1019,9,2026-03-03 02:22:00,62,3.74,29.53,2.4,CLOSED
PING-1910,SHP-1019,10,2026-03-03 03:11:00,62,3.84,29.29,2.4,CLOSED
PING-2001,SHP-1020,1,2026-03-02 22:00:00,45,4.27,30.42,2.4,CLOSED
PING-2002,SHP-1020,2,2026-03-02 22:50:00,65,4.56,30.27,2.4,CLOSED
PING-2003,SHP-1020,3,2026-03-02 23:40:00,0,7.76,33.13,4.8,OPEN
PING-2004,SHP-1020,4,2026-03-03 00:17:00,70,6.56,31.82,2.4,CLOSED
PING-2005,SHP-1020,5,2026-03-03 01:16:00,56,5.36,32.32,2.4,CLOSED
PING-2006,SHP-1020,6,2026-03-03 02:14:00,48,4.16,33.99,2.4,CLOSED
PING-2007,SHP-1020,7,2026-03-03 03:06:00,0,6.14,30.5,4.8,OPEN
PING-2008,SHP-1020,8,2026-03-03 03:58:00,47,4.94,32.04,2.4,CLOSED
PING-2009,SHP-1020,9,2026-03-03 04:41:00,46,5.01,33.63,2.4,CLOSED
PING-2010,SHP-1020,10,2026-03-03 05:40:00,76,3.81,32.96,2.4,CLOSED
PING-2101,SHP-1021,1,2026-03-03 00:00:00,76,2.43,36.77,2.4,CLOSED
PING-2102,SHP-1021,2,2026-03-03 00:53:00,73,2.68,41.9,2.4,CLOSED
PING-2103,SHP-1021,3,2026-03-03 01:47:00,0,5.63,38.32,4.8,OPEN
PING-2104,SHP-1021,4,2026-03-03 02:30:00,68,4.43,40.7,2.4,CLOSED
PING-2105,SHP-1021,5,2026-03-03 03:10:00,73,3.23,40.53,2.4,CLOSED
PING-2106,SHP-1021,6,2026-03-03 03:59:00,62,3.21,37.48,2.4,CLOSED
PING-2107,SHP-1021,7,2026-03-03 04:39:00,0,5.25,37.45,4.8,OPEN
PING-2108,SHP-1021,8,2026-03-03 05:25:00,62,4.05,36.7,2.4,CLOSED
PING-2109,SHP-1021,9,2026-03-03 06:19:00,54,2.85,41.62,2.4,CLOSED
PING-2110,SHP-1021,10,2026-03-03 07:18:00,60,2.66,36.61,2.4,CLOSED
PING-2201,SHP-1022,1,2026-03-03 02:00:00,68,4.61,28.65,2.4,CLOSED
PING-2202,SHP-1022,2,2026-03-03 02:38:00,63,4.37,24.63,2.4,CLOSED
PING-2203,SHP-1022,3,2026-03-03 03:25:00,56,4.2,28.8,2.4,CLOSED
PING-2204,SHP-1022,4,2026-03-03 04:23:00,62,3.94,29.38,2.4,CLOSED
PING-2205,SHP-1022,5,2026-03-03 05:00:00,56,4.13,26.3,2.4,CLOSED
PING-2206,SHP-1022,6,2026-03-03 05:59:00,67,3.95,29.05,2.4,CLOSED
PING-2207,SHP-1022,7,2026-03-03 06:35:00,76,4.05,25.21,2.4,CLOSED
PING-2208,SHP-1022,8,2026-03-03 07:32:00,65,4.11,27.9,2.4,CLOSED
PING-2301,SHP-1023,1,2026-03-03 04:00:00,73,-19.88,38.93,2.4,CLOSED
PING-2302,SHP-1023,2,2026-03-03 04:36:00,45,-20.08,40.13,2.4,CLOSED
PING-2303,SHP-1023,3,2026-03-03 05:19:00,0,-16.87,39.25,4.8,OPEN
PING-2304,SHP-1023,4,2026-03-03 05:56:00,58,-18.07,37.75,2.4,CLOSED
PING-2305,SHP-1023,5,2026-03-03 06:41:00,51,-19.27,41.16,2.4,CLOSED
PING-2306,SHP-1023,6,2026-03-03 07:20:00,58,-18.99,41.19,2.4,CLOSED
PING-2307,SHP-1023,7,2026-03-03 08:10:00,0,-15.28,40.76,4.8,OPEN
PING-2308,SHP-1023,8,2026-03-03 08:57:00,62,-16.48,39.37,2.4,CLOSED
PING-2309,SHP-1023,9,2026-03-03 09:46:00,45,-17.68,38.72,2.4,CLOSED
PING-2310,SHP-1023,10,2026-03-03 10:36:00,64,-18.88,40.9,2.4,CLOSED
PING-2311,SHP-1023,11,2026-03-03 11:27:00,77,-20.08,38.1,2.4,CLOSED
PING-2312,SHP-1023,12,2026-03-03 12:10:00,60,-20.15,41.14,2.4,CLOSED
PING-2401,SHP-1024,1,2026-03-03 06:00:00,49,2.52,35.44,2.4,CLOSED
PING-2402,SHP-1024,2,2026-03-03 06:46:00,47,2.36,31.04,2.4,CLOSED
PING-2403,SHP-1024,3,2026-03-03 07:33:00,0,5.04,34.67,4.8,OPEN
PING-2404,SHP-1024,4,2026-03-03 08:18:00,53,3.84,33.5,2.4,CLOSED
PING-2405,SHP-1024,5,2026-03-03 09:10:00,50,2.64,31.03,2.4,CLOSED
PING-2406,SHP-1024,6,2026-03-03 09:45:00,66,2.78,32.72,2.4,CLOSED
PING-2407,SHP-1024,7,2026-03-03 10:41:00,0,6.67,33.33,4.8,OPEN
PING-2408,SHP-1024,8,2026-03-03 11:37:00,51,5.47,30.73,2.4,CLOSED
PING-2501,SHP-1025,1,2026-03-03 08:00:00,45,3.42,28.79,2.4,CLOSED
PING-2502,SHP-1025,2,2026-03-03 08:52:00,67,3.24,32.43,2.4,CLOSED
PING-2503,SHP-1025,3,2026-03-03 09:29:00,0,6.79,29.54,4.8,OPEN
PING-2504,SHP-1025,4,2026-03-03 10:25:00,50,5.59,30.91,2.4,CLOSED
PING-2505,SHP-1025,5,2026-03-03 11:20:00,76,4.39,30.86,2.4,CLOSED
PING-2506,SHP-1025,6,2026-03-03 12:07:00,73,4.46,30.24,2.4,CLOSED
PING-2507,SHP-1025,7,2026-03-03 12:42:00,0,8.68,30.89,4.8,OPEN
PING-2508,SHP-1025,8,2026-03-03 13:33:00,52,7.48,30.72,2.4,CLOSED
PING-2509,SHP-1025,9,2026-03-03 14:17:00,66,6.28,27.69,2.4,CLOSED
PING-2510,SHP-1025,10,2026-03-03 15:08:00,77,5.08,27.37,2.4,CLOSED
PING-2511,SHP-1025,11,2026-03-03 16:07:00,58,3.88,31.89,2.4,CLOSED
PING-2512,SHP-1025,12,2026-03-03 17:01:00,69,3.92,31.93,2.4,CLOSED
PING-2601,SHP-1026,1,2026-03-03 10:00:00,67,3.22,33.88,2.4,CLOSED
PING-2602,SHP-1026,2,2026-03-03 10:46:00,73,3.15,33.32,2.4,CLOSED
PING-2603,SHP-1026,3,2026-03-03 11:32:00,56,2.87,32.56,2.4,CLOSED
PING-2604,SHP-1026,4,2026-03-03 12:16:00,62,2.92,33.81,2.4,CLOSED
PING-2605,SHP-1026,5,2026-03-03 13:10:00,68,3.11,35.73,2.4,CLOSED
PING-2606,SHP-1026,6,2026-03-03 13:45:00,45,2.93,34.03,2.4,CLOSED
PING-2607,SHP-1026,7,2026-03-03 14:42:00,75,2.78,30.8,2.4,CLOSED
PING-2608,SHP-1026,8,2026-03-03 15:40:00,48,2.69,33.14,2.4,CLOSED
PING-2609,SHP-1026,9,2026-03-03 16:21:00,55,2.56,34.89,2.4,CLOSED
PING-2610,SHP-1026,10,2026-03-03 17:09:00,65,2.45,34.41,2.4,CLOSED
PING-2701,SHP-1027,1,2026-03-03 12:00:00,66,4.25,35.8,2.4,CLOSED
PING-2702,SHP-1027,2,2026-03-03 12:44:00,70,4.49,37.9,2.4,CLOSED
PING-2703,SHP-1027,3,2026-03-03 13:25:00,0,7.08,38.87,4.8,OPEN
PING-2704,SHP-1027,4,2026-03-03 14:21:00,67,5.88,39.29,2.4,CLOSED
PING-2705,SHP-1027,5,2026-03-03 15:15:00,49,4.68,37.17,2.4,CLOSED
PING-2706,SHP-1027,6,2026-03-03 15:53:00,73,4.52,37.44,2.4,CLOSED
PING-2707,SHP-1027,7,2026-03-03 16:41:00,0,6.78,36.56,4.8,OPEN
PING-2708,SHP-1027,8,2026-03-03 17:21:00,51,5.58,38.35,2.4,CLOSED
PING-2709,SHP-1027,9,2026-03-03 18:02:00,65,4.38,35.16,2.4,CLOSED
PING-2710,SHP-1027,10,2026-03-03 18:40:00,64,4.24,38.56,2.4,CLOSED
PING-2801,SHP-1028,1,2026-03-03 14:00:00,66,3.88,26.66,2.4,CLOSED
PING-2802,SHP-1028,2,2026-03-03 14:49:00,52,3.99,27.68,2.4,CLOSED
PING-2803,SHP-1028,3,2026-03-03 15:28:00,57,3.72,27.17,2.4,CLOSED
PING-2804,SHP-1028,4,2026-03-03 16:27:00,56,3.69,28.36,2.4,CLOSED
PING-2805,SHP-1028,5,2026-03-03 17:04:00,65,3.97,29.32,2.4,CLOSED
PING-2806,SHP-1028,6,2026-03-03 17:43:00,58,3.92,29.69,2.4,CLOSED
PING-2807,SHP-1028,7,2026-03-03 18:18:00,77,3.8,27.78,2.4,CLOSED
PING-2808,SHP-1028,8,2026-03-03 19:02:00,77,3.57,25.28,2.4,CLOSED
PING-2809,SHP-1028,9,2026-03-03 19:55:00,53,3.73,28.86,2.4,CLOSED
PING-2810,SHP-1028,10,2026-03-03 20:32:00,71,3.58,29.93,2.4,CLOSED
PING-2901,SHP-1029,1,2026-03-03 16:00:00,58,3.91,30.68,2.4,CLOSED
PING-2902,SHP-1029,2,2026-03-03 16:50:00,62,4.01,31.68,2.4,CLOSED
PING-2903,SHP-1029,3,2026-03-03 17:28:00,72,3.84,29.48,2.4,CLOSED
PING-2904,SHP-1029,4,2026-03-03 18:03:00,52,3.63,32.98,2.4,CLOSED
PING-2905,SHP-1029,5,2026-03-03 18:52:00,63,3.89,30.35,2.4,CLOSED
PING-2906,SHP-1029,6,2026-03-03 19:34:00,49,3.95,32.65,2.4,CLOSED
PING-2907,SHP-1029,7,2026-03-03 20:29:00,76,3.84,32.25,2.4,CLOSED
PING-2908,SHP-1029,8,2026-03-03 21:20:00,60,3.61,30.49,2.4,CLOSED
PING-3001,SHP-1030,1,2026-03-03 18:00:00,49,3.73,28.61,2.4,CLOSED
PING-3002,SHP-1030,2,2026-03-03 18:42:00,67,3.49,28.28,2.4,CLOSED
PING-3003,SHP-1030,3,2026-03-03 19:29:00,0,7.88,32.42,4.8,OPEN
PING-3004,SHP-1030,4,2026-03-03 20:19:00,55,6.68,31.37,2.4,CLOSED
PING-3005,SHP-1030,5,2026-03-03 21:07:00,59,5.48,28.66,2.4,CLOSED
PING-3006,SHP-1030,6,2026-03-03 22:04:00,59,4.28,29.01,2.4,CLOSED
PING-3007,SHP-1030,7,2026-03-03 22:48:00,0,7.16,32.49,4.8,OPEN
PING-3008,SHP-1030,8,2026-03-03 23:41:00,70,5.96,28.0,2.4,CLOSED
PING-3009,SHP-1030,9,2026-03-04 00:26:00,60,4.76,28.05,2.4,CLOSED
PING-3010,SHP-1030,10,2026-03-04 01:07:00,70,3.56,28.69,2.4,CLOSED
PING-3011,SHP-1030,11,2026-03-04 01:55:00,45,3.39,29.27,2.4,CLOSED
PING-3012,SHP-1030,12,2026-03-04 02:54:00,76,3.57,30.62,2.4,CLOSED
PING-3101,SHP-1031,1,2026-03-03 20:00:00,74,4.0,28.08,2.4,CLOSED
PING-3102,SHP-1031,2,2026-03-03 20:50:00,74,4.1,29.04,2.4,CLOSED
PING-3103,SHP-1031,3,2026-03-03 21:40:00,62,3.84,26.37,2.4,CLOSED
PING-3104,SHP-1031,4,2026-03-03 22:33:00,67,3.85,25.77,2.4,CLOSED
PING-3105,SHP-1031,5,2026-03-03 23:10:00,47,3.98,25.93,2.4,CLOSED
PING-3106,SHP-1031,6,2026-03-03 23:45:00,69,4.25,27.48,2.4,CLOSED
PING-3107,SHP-1031,7,2026-03-04 00:27:00,70,4.16,29.18,2.4,CLOSED
PING-3108,SHP-1031,8,2026-03-04 01:06:00,48,3.96,29.17,2.4,CLOSED
PING-3201,SHP-1032,1,2026-03-03 22:00:00,75,3.11,34.73,2.4,CLOSED
PING-3202,SHP-1032,2,2026-03-03 22:44:00,59,3.07,36.86,2.4,CLOSED
PING-3203,SHP-1032,3,2026-03-03 23:42:00,0,5.5,34.16,4.8,OPEN
PING-3204,SHP-1032,4,2026-03-04 00:21:00,74,4.3,37.04,2.4,CLOSED
PING-3205,SHP-1032,5,2026-03-04 01:03:00,73,4.49,38.15,2.4,CLOSED
PING-3206,SHP-1032,6,2026-03-04 02:00:00,69,4.34,36.02,2.4,CLOSED
PING-3207,SHP-1032,7,2026-03-04 02:56:00,0,8.03,37.76,4.8,OPEN
PING-3208,SHP-1032,8,2026-03-04 03:47:00,50,6.83,36.49,2.4,CLOSED
PING-3209,SHP-1032,9,2026-03-04 04:46:00,75,5.63,33.73,2.4,CLOSED
PING-3210,SHP-1032,10,2026-03-04 05:25:00,49,4.43,37.48,2.4,CLOSED
PING-3301,SHP-1033,1,2026-03-04 00:00:00,51,3.6,38.44,2.4,CLOSED
PING-3302,SHP-1033,2,2026-03-04 00:53:00,51,3.67,37.34,2.4,CLOSED
PING-3303,SHP-1033,3,2026-03-04 01:47:00,45,3.7,39.58,2.4,CLOSED
PING-3304,SHP-1033,4,2026-03-04 02:22:00,51,3.85,40.66,2.4,CLOSED
PING-3305,SHP-1033,5,2026-03-04 03:06:00,49,3.75,37.07,2.4,CLOSED
PING-3306,SHP-1033,6,2026-03-04 04:02:00,57,4.05,37.86,2.4,CLOSED
PING-3307,SHP-1033,7,2026-03-04 04:55:00,64,4.28,37.54,2.4,CLOSED
PING-3308,SHP-1033,8,2026-03-04 05:40:00,45,4.4,38.8,2.4,CLOSED
PING-3309,SHP-1033,9,2026-03-04 06:23:00,48,4.58,38.63,2.4,CLOSED
PING-3310,SHP-1033,10,2026-03-04 07:10:00,66,3.38,35.75,2.4,CLOSED
PING-3311,SHP-1033,11,2026-03-04 07:59:00,63,3.42,38.71,2.4,CLOSED
PING-3312,SHP-1033,12,2026-03-04 08:50:00,53,3.6,39.93,2.4,CLOSED
PING-3401,SHP-1034,1,2026-03-04 02:00:00,72,3.14,38.23,2.4,CLOSED
PING-3402,SHP-1034,2,2026-03-04 02:49:00,51,3.19,38.11,2.4,CLOSED
PING-3403,SHP-1034,3,2026-03-04 03:32:00,45,2.91,40.69,2.4,CLOSED
PING-3404,SHP-1034,4,2026-03-04 04:13:00,54,2.92,41.29,2.4,CLOSED
PING-3405,SHP-1034,5,2026-03-04 04:54:00,73,2.88,40.75,2.4,CLOSED
PING-3406,SHP-1034,6,2026-03-04 05:33:00,60,3.06,38.78,2.4,CLOSED
PING-3407,SHP-1034,7,2026-03-04 06:11:00,69,2.81,38.85,2.4,CLOSED
PING-3408,SHP-1034,8,2026-03-04 06:56:00,70,2.95,36.99,2.4,CLOSED
PING-3409,SHP-1034,9,2026-03-04 07:46:00,69,2.73,39.73,2.4,CLOSED
PING-3410,SHP-1034,10,2026-03-04 08:44:00,46,2.47,37.67,2.4,CLOSED
PING-3411,SHP-1034,11,2026-03-04 09:25:00,74,2.32,37.49,2.4,CLOSED
PING-3412,SHP-1034,12,2026-03-04 10:06:00,59,2.48,40.39,2.4,CLOSED
PING-3501,SHP-1035,1,2026-03-04 04:00:00,66,4.24,30.12,2.4,CLOSED
PING-3502,SHP-1035,2,2026-03-04 04:49:00,77,4.22,32.38,2.4,CLOSED
PING-3503,SHP-1035,3,2026-03-04 05:32:00,49,3.99,30.27,2.4,CLOSED
PING-3504,SHP-1035,4,2026-03-04 06:13:00,63,4.2,31.91,2.4,CLOSED
PING-3505,SHP-1035,5,2026-03-04 06:50:00,68,4.42,29.4,2.4,CLOSED
PING-3506,SHP-1035,6,2026-03-04 07:42:00,47,4.45,31.55,2.4,CLOSED
PING-3507,SHP-1035,7,2026-03-04 08:29:00,76,4.25,33.7,2.4,CLOSED
PING-3508,SHP-1035,8,2026-03-04 09:20:00,58,4.23,32.61,2.4,CLOSED
PING-3601,SHP-1036,1,2026-03-04 06:00:00,56,3.3,37.63,2.4,CLOSED
PING-3602,SHP-1036,2,2026-03-04 06:44:00,57,3.48,38.56,2.4,CLOSED
PING-3603,SHP-1036,3,2026-03-04 07:28:00,59,3.24,37.16,2.4,CLOSED
PING-3604,SHP-1036,4,2026-03-04 08:07:00,56,3.0,40.25,2.4,CLOSED
PING-3605,SHP-1036,5,2026-03-04 08:48:00,66,2.89,37.16,2.4,CLOSED
PING-3606,SHP-1036,6,2026-03-04 09:45:00,59,2.9,39.15,2.4,CLOSED
PING-3607,SHP-1036,7,2026-03-04 10:24:00,56,2.97,41.01,2.4,CLOSED
PING-3608,SHP-1036,8,2026-03-04 11:03:00,64,2.97,36.26,2.4,CLOSED
PING-3609,SHP-1036,9,2026-03-04 11:47:00,72,3.11,37.8,2.4,CLOSED
PING-3610,SHP-1036,10,2026-03-04 12:41:00,73,3.39,36.73,2.4,CLOSED
PING-3611,SHP-1036,11,2026-03-04 13:34:00,77,3.28,38.75,2.4,CLOSED
PING-3612,SHP-1036,12,2026-03-04 14:12:00,55,3.42,41.56,2.4,CLOSED
PING-3701,SHP-1037,1,2026-03-04 08:00:00,74,2.5,37.9,2.4,CLOSED
PING-3702,SHP-1037,2,2026-03-04 08:41:00,47,2.27,38.96,2.4,CLOSED
PING-3703,SHP-1037,3,2026-03-04 09:26:00,0,6.42,39.08,4.8,OPEN
PING-3704,SHP-1037,4,2026-03-04 10:05:00,65,5.22,37.41,2.4,CLOSED
PING-3705,SHP-1037,5,2026-03-04 10:54:00,69,4.02,39.44,2.4,CLOSED
PING-3706,SHP-1037,6,2026-03-04 11:50:00,53,2.82,35.18,2.4,CLOSED
PING-3707,SHP-1037,7,2026-03-04 12:43:00,0,4.9,36.74,4.8,OPEN
PING-3708,SHP-1037,8,2026-03-04 13:18:00,67,3.7,35.93,2.4,CLOSED
PING-3801,SHP-1038,1,2026-03-04 10:00:00,60,-20.34,34.03,2.4,CLOSED
PING-3802,SHP-1038,2,2026-03-04 10:48:00,77,-20.41,29.88,2.4,CLOSED
PING-3803,SHP-1038,3,2026-03-04 11:33:00,0,-18.5,33.34,4.8,OPEN
PING-3804,SHP-1038,4,2026-03-04 12:30:00,54,-19.7,33.99,2.4,CLOSED
PING-3805,SHP-1038,5,2026-03-04 13:12:00,69,-19.45,33.7,2.4,CLOSED
PING-3806,SHP-1038,6,2026-03-04 13:47:00,68,-19.17,30.95,2.4,CLOSED
PING-3807,SHP-1038,7,2026-03-04 14:42:00,0,-16.64,34.07,4.8,OPEN
PING-3808,SHP-1038,8,2026-03-04 15:19:00,68,-17.84,32.24,2.4,CLOSED
PING-3809,SHP-1038,9,2026-03-04 15:56:00,52,-19.04,29.34,2.4,CLOSED
PING-3810,SHP-1038,10,2026-03-04 16:42:00,64,-19.16,30.9,2.4,CLOSED
PING-3811,SHP-1038,11,2026-03-04 17:24:00,46,-19.01,34.24,2.4,CLOSED
PING-3812,SHP-1038,12,2026-03-04 18:20:00,64,-18.91,34.18,2.4,CLOSED
PING-3901,SHP-1039,1,2026-03-04 12:00:00,74,3.78,39.63,2.4,CLOSED
PING-3902,SHP-1039,2,2026-03-04 12:50:00,64,3.86,41.05,2.4,CLOSED
PING-3903,SHP-1039,3,2026-03-04 13:30:00,0,6.99,37.76,4.8,OPEN
PING-3904,SHP-1039,4,2026-03-04 14:14:00,61,5.79,40.78,2.4,CLOSED
PING-3905,SHP-1039,5,2026-03-04 15:12:00,64,4.59,41.28,2.4,CLOSED
PING-3906,SHP-1039,6,2026-03-04 15:59:00,65,3.39,37.58,2.4,CLOSED
PING-3907,SHP-1039,7,2026-03-04 16:40:00,0,6.13,39.79,4.8,OPEN
PING-3908,SHP-1039,8,2026-03-04 17:16:00,49,4.93,38.71,2.4,CLOSED
PING-3909,SHP-1039,9,2026-03-04 18:15:00,55,3.73,39.84,2.4,CLOSED
PING-3910,SHP-1039,10,2026-03-04 18:54:00,54,3.8,38.33,2.4,CLOSED
PING-4001,SHP-1040,1,2026-03-04 14:00:00,75,3.11,31.82,2.4,CLOSED
PING-4002,SHP-1040,2,2026-03-04 14:44:00,74,3.25,34.6,2.4,CLOSED
PING-4003,SHP-1040,3,2026-03-04 15:25:00,54,3.35,34.86,2.4,CLOSED
PING-4004,SHP-1040,4,2026-03-04 16:23:00,73,3.48,30.92,2.4,CLOSED
PING-4005,SHP-1040,5,2026-03-04 17:15:00,46,3.68,35.7,2.4,CLOSED
PING-4006,SHP-1040,6,2026-03-04 17:56:00,71,3.78,34.55,2.4,CLOSED
PING-4007,SHP-1040,7,2026-03-04 18:33:00,63,3.84,35.86,2.4,CLOSED
PING-4008,SHP-1040,8,2026-03-04 19:18:00,69,3.73,33.18,2.4,CLOSED
PING-4009,SHP-1040,9,2026-03-04 20:09:00,74,3.82,34.2,2.4,CLOSED
PING-4010,SHP-1040,10,2026-03-04 20:56:00,48,3.6,31.76,2.4,CLOSED
PING-4011,SHP-1040,11,2026-03-04 21:35:00,69,3.68,33.82,2.4,CLOSED
PING-4012,SHP-1040,12,2026-03-04 22:30:00,72,3.97,34.73,2.4,CLOSED
PING-4101,SHP-1041,1,2026-03-04 16:00:00,59,4.54,28.71,2.4,CLOSED
PING-4102,SHP-1041,2,2026-03-04 16:49:00,64,4.46,30.84,2.4,CLOSED
PING-4103,SHP-1041,3,2026-03-04 17:41:00,50,4.38,29.33,2.4,CLOSED
PING-4104,SHP-1041,4,2026-03-04 18:19:00,56,4.61,27.81,2.4,CLOSED
PING-4105,SHP-1041,5,2026-03-04 18:54:00,66,4.7,28.83,2.4,CLOSED
PING-4106,SHP-1041,6,2026-03-04 19:30:00,55,4.65,30.68,2.4,CLOSED
PING-4107,SHP-1041,7,2026-03-04 20:20:00,52,4.57,32.39,2.4,CLOSED
PING-4108,SHP-1041,8,2026-03-04 21:06:00,49,4.68,29.63,2.4,CLOSED
PING-4109,SHP-1041,9,2026-03-04 21:41:00,76,4.68,29.07,2.4,CLOSED
PING-4110,SHP-1041,10,2026-03-04 22:16:00,57,4.4,27.84,2.4,CLOSED
PING-4111,SHP-1041,11,2026-03-04 22:51:00,60,4.55,28.55,2.4,CLOSED
PING-4112,SHP-1041,12,2026-03-04 23:48:00,76,4.32,28.69,2.4,CLOSED
PING-4201,SHP-1042,1,2026-03-04 18:00:00,53,3.55,31.25,2.4,CLOSED
PING-4202,SHP-1042,2,2026-03-04 18:48:00,64,3.46,26.7,2.4,CLOSED
PING-4203,SHP-1042,3,2026-03-04 19:34:00,61,3.54,28.14,2.4,CLOSED
PING-4204,SHP-1042,4,2026-03-04 20:33:00,65,3.77,29.06,2.4,CLOSED
PING-4205,SHP-1042,5,2026-03-04 21:23:00,58,3.59,26.15,2.4,CLOSED
PING-4206,SHP-1042,6,2026-03-04 22:09:00,52,3.62,31.23,2.4,CLOSED
PING-4207,SHP-1042,7,2026-03-04 23:06:00,62,3.75,30.71,2.4,CLOSED
PING-4208,SHP-1042,8,2026-03-04 23:44:00,49,3.92,30.3,2.4,CLOSED
PING-4209,SHP-1042,9,2026-03-05 00:25:00,76,4.15,26.75,2.4,CLOSED
PING-4210,SHP-1042,10,2026-03-05 01:11:00,60,4.44,30.68,2.4,CLOSED
PING-4301,SHP-1043,1,2026-03-04 20:00:00,74,3.66,33.53,2.4,CLOSED
PING-4302,SHP-1043,2,2026-03-04 20:57:00,61,3.63,36.64,2.4,CLOSED
PING-4303,SHP-1043,3,2026-03-04 21:55:00,0,5.48,35.81,4.8,OPEN
PING-4304,SHP-1043,4,2026-03-04 22:47:00,68,4.28,37.0,2.4,CLOSED
PING-4305,SHP-1043,5,2026-03-04 23:25:00,56,4.16,37.61,2.4,CLOSED
PING-4306,SHP-1043,6,2026-03-05 00:06:00,76,3.99,33.24,2.4,CLOSED
PING-4307,SHP-1043,7,2026-03-05 01:05:00,0,7.55,37.75,4.8,OPEN
PING-4308,SHP-1043,8,2026-03-05 01:47:00,45,6.35,37.25,2.4,CLOSED
PING-4401,SHP-1044,1,2026-03-04 22:00:00,54,2.88,38.07,2.4,CLOSED
PING-4402,SHP-1044,2,2026-03-04 22:47:00,68,3.06,37.93,2.4,CLOSED
PING-4403,SHP-1044,3,2026-03-04 23:23:00,54,3.0,38.93,2.4,CLOSED
PING-4404,SHP-1044,4,2026-03-05 00:05:00,75,3.18,39.88,2.4,CLOSED
PING-4405,SHP-1044,5,2026-03-05 01:02:00,60,3.07,38.89,2.4,CLOSED
PING-4406,SHP-1044,6,2026-03-05 01:53:00,64,3.36,39.62,2.4,CLOSED
PING-4407,SHP-1044,7,2026-03-05 02:44:00,74,3.13,40.42,2.4,CLOSED
PING-4408,SHP-1044,8,2026-03-05 03:30:00,65,3.18,38.04,2.4,CLOSED
PING-4501,SHP-1045,1,2026-03-05 00:00:00,74,3.73,35.03,2.4,CLOSED
PING-4502,SHP-1045,2,2026-03-05 00:46:00,76,3.63,32.27,2.4,CLOSED
PING-4503,SHP-1045,3,2026-03-05 01:44:00,0,7.58,32.53,4.8,OPEN
PING-4504,SHP-1045,4,2026-03-05 02:33:00,73,6.38,34.96,2.4,CLOSED
PING-4505,SHP-1045,5,2026-03-05 03:30:00,76,5.18,34.14,2.4,CLOSED
PING-4506,SHP-1045,6,2026-03-05 04:14:00,75,3.98,35.53,2.4,CLOSED
PING-4507,SHP-1045,7,2026-03-05 04:51:00,0,5.89,34.93,4.8,OPEN
PING-4508,SHP-1045,8,2026-03-05 05:49:00,72,4.69,35.54,2.4,CLOSED
PING-4509,SHP-1045,9,2026-03-05 06:27:00,53,3.49,36.64,2.4,CLOSED
PING-4510,SHP-1045,10,2026-03-05 07:06:00,49,3.36,35.54,2.4,CLOSED
PING-4601,SHP-1046,1,2026-03-05 02:00:00,74,3.61,30.45,2.4,CLOSED
PING-4602,SHP-1046,2,2026-03-05 02:51:00,54,3.67,30.01,2.4,CLOSED
PING-4603,SHP-1046,3,2026-03-05 03:42:00,55,3.81,32.81,2.4,CLOSED
PING-4604,SHP-1046,4,2026-03-05 04:26:00,51,3.94,34.16,2.4,CLOSED
PING-4605,SHP-1046,5,2026-03-05 05:08:00,46,3.86,29.87,2.4,CLOSED
PING-4606,SHP-1046,6,2026-03-05 05:55:00,72,3.72,29.34,2.4,CLOSED
PING-4607,SHP-1046,7,2026-03-05 06:39:00,45,3.62,29.94,2.4,CLOSED
PING-4608,SHP-1046,8,2026-03-05 07:24:00,58,3.62,32.18,2.4,CLOSED
PING-4701,SHP-1047,1,2026-03-05 04:00:00,56,3.73,37.74,2.4,CLOSED
PING-4702,SHP-1047,2,2026-03-05 04:35:00,66,3.61,41.06,2.4,CLOSED
PING-4703,SHP-1047,3,2026-03-05 05:31:00,74,3.32,40.01,2.4,CLOSED
PING-4704,SHP-1047,4,2026-03-05 06:25:00,58,3.29,37.37,2.4,CLOSED
PING-4705,SHP-1047,5,2026-03-05 07:01:00,53,3.13,38.36,2.4,CLOSED
PING-4706,SHP-1047,6,2026-03-05 07:54:00,46,3.11,40.97,2.4,CLOSED
PING-4707,SHP-1047,7,2026-03-05 08:52:00,77,3.28,38.69,2.4,CLOSED
PING-4708,SHP-1047,8,2026-03-05 09:51:00,57,3.03,36.94,2.4,CLOSED
PING-4801,SHP-1048,1,2026-03-05 06:00:00,59,3.18,39.95,2.4,CLOSED
PING-4802,SHP-1048,2,2026-03-05 06:58:00,52,3.2,41.96,2.4,CLOSED
PING-4803,SHP-1048,3,2026-03-05 07:49:00,54,2.95,43.65,2.4,CLOSED
PING-4804,SHP-1048,4,2026-03-05 08:35:00,59,2.98,39.45,2.4,CLOSED
PING-4805,SHP-1048,5,2026-03-05 09:14:00,51,2.95,39.48,2.4,CLOSED
PING-4806,SHP-1048,6,2026-03-05 10:10:00,71,3.24,43.91,2.4,CLOSED
PING-4807,SHP-1048,7,2026-03-05 10:51:00,51,3.52,44.44,2.4,CLOSED
PING-4808,SHP-1048,8,2026-03-05 11:50:00,77,3.65,42.34,2.4,CLOSED
PING-4809,SHP-1048,9,2026-03-05 12:31:00,64,3.61,39.61,2.4,CLOSED
PING-4810,SHP-1048,10,2026-03-05 13:21:00,51,3.9,43.57,2.4,CLOSED
PING-4901,SHP-1049,1,2026-03-05 08:00:00,71,-20.03,30.76,2.4,CLOSED
PING-4902,SHP-1049,2,2026-03-05 08:47:00,53,-19.85,31.13,2.4,CLOSED
PING-4903,SHP-1049,3,2026-03-05 09:32:00,0,-15.72,29.78,4.8,OPEN
PING-4904,SHP-1049,4,2026-03-05 10:29:00,50,-16.92,35.23,2.4,CLOSED
PING-4905,SHP-1049,5,2026-03-05 11:27:00,61,-18.12,32.6,2.4,CLOSED
PING-4906,SHP-1049,6,2026-03-05 12:14:00,65,-19.32,30.28,2.4,CLOSED
PING-4907,SHP-1049,7,2026-03-05 12:49:00,0,-17.37,32.22,4.8,OPEN
PING-4908,SHP-1049,8,2026-03-05 13:30:00,65,-18.57,35.24,2.4,CLOSED
PING-4909,SHP-1049,9,2026-03-05 14:14:00,63,-19.77,32.07,2.4,CLOSED
PING-4910,SHP-1049,10,2026-03-05 15:10:00,73,-19.53,35.14,2.4,CLOSED
PING-5001,SHP-1050,1,2026-03-05 10:00:00,74,2.9,40.36,2.4,CLOSED
PING-5002,SHP-1050,2,2026-03-05 10:40:00,54,2.75,40.64,2.4,CLOSED
PING-5003,SHP-1050,3,2026-03-05 11:15:00,0,6.2,39.37,4.8,OPEN
PING-5004,SHP-1050,4,2026-03-05 11:57:00,74,5.0,39.9,2.4,CLOSED
PING-5005,SHP-1050,5,2026-03-05 12:34:00,72,3.8,37.63,2.4,CLOSED
PING-5006,SHP-1050,6,2026-03-05 13:27:00,70,2.6,39.31,2.4,CLOSED
PING-5007,SHP-1050,7,2026-03-05 14:22:00,0,5.74,39.92,4.8,OPEN
PING-5008,SHP-1050,8,2026-03-05 14:58:00,54,4.54,42.49,2.4,CLOSED
PING-5101,SHP-1051,1,2026-03-05 12:00:00,71,4.33,25.76,2.4,CLOSED
PING-5102,SHP-1051,2,2026-03-05 12:41:00,56,4.11,29.87,2.4,CLOSED
PING-5103,SHP-1051,3,2026-03-05 13:26:00,0,6.48,28.56,4.8,OPEN
PING-5104,SHP-1051,4,2026-03-05 14:14:00,49,5.28,26.46,2.4,CLOSED
PING-5105,SHP-1051,5,2026-03-05 14:59:00,69,4.08,24.48,2.4,CLOSED
PING-5106,SHP-1051,6,2026-03-05 15:40:00,53,4.09,27.83,2.4,CLOSED
PING-5107,SHP-1051,7,2026-03-05 16:27:00,0,6.83,29.59,4.8,OPEN
PING-5108,SHP-1051,8,2026-03-05 17:17:00,49,5.63,27.45,2.4,CLOSED
PING-5109,SHP-1051,9,2026-03-05 18:11:00,68,4.43,25.32,2.4,CLOSED
PING-5110,SHP-1051,10,2026-03-05 19:10:00,50,4.4,25.36,2.4,CLOSED
PING-5111,SHP-1051,11,2026-03-05 19:47:00,49,4.58,25.06,2.4,CLOSED
PING-5112,SHP-1051,12,2026-03-05 20:43:00,46,4.49,24.66,2.4,CLOSED
PING-5201,SHP-1052,1,2026-03-05 14:00:00,62,3.69,37.49,2.4,CLOSED
PING-5202,SHP-1052,2,2026-03-05 14:42:00,48,3.68,40.42,2.4,CLOSED
PING-5203,SHP-1052,3,2026-03-05 15:34:00,0,7.96,36.38,4.8,OPEN
PING-5204,SHP-1052,4,2026-03-05 16:30:00,71,6.76,38.85,2.4,CLOSED
PING-5205,SHP-1052,5,2026-03-05 17:20:00,55,5.56,39.62,2.4,CLOSED
PING-5206,SHP-1052,6,2026-03-05 18:07:00,47,4.36,36.85,2.4,CLOSED
PING-5207,SHP-1052,7,2026-03-05 19:05:00,0,8.37,40.53,4.8,OPEN
PING-5208,SHP-1052,8,2026-03-05 19:55:00,53,7.17,36.03,2.4,CLOSED
PING-5209,SHP-1052,9,2026-03-05 20:34:00,45,5.97,37.28,2.4,CLOSED
PING-5210,SHP-1052,10,2026-03-05 21:13:00,58,4.77,40.27,2.4,CLOSED
PING-5211,SHP-1052,11,2026-03-05 21:58:00,73,3.57,38.46,2.4,CLOSED
PING-5212,SHP-1052,12,2026-03-05 22:39:00,47,3.48,36.96,2.4,CLOSED
PING-5301,SHP-1053,1,2026-03-05 16:00:00,51,3.92,36.82,2.4,CLOSED
PING-5302,SHP-1053,2,2026-03-05 16:40:00,47,3.93,36.95,2.4,CLOSED
PING-5303,SHP-1053,3,2026-03-05 17:27:00,65,4.07,36.64,2.4,CLOSED
PING-5304,SHP-1053,4,2026-03-05 18:19:00,64,3.86,34.57,2.4,CLOSED
PING-5305,SHP-1053,5,2026-03-05 19:17:00,59,3.6,37.45,2.4,CLOSED
PING-5306,SHP-1053,6,2026-03-05 20:03:00,63,3.36,37.15,2.4,CLOSED
PING-5307,SHP-1053,7,2026-03-05 20:55:00,63,3.28,36.1,2.4,CLOSED
PING-5308,SHP-1053,8,2026-03-05 21:46:00,62,3.33,34.99,2.4,CLOSED
PING-5401,SHP-1054,1,2026-03-05 18:00:00,52,3.74,38.94,2.4,CLOSED
PING-5402,SHP-1054,2,2026-03-05 18:47:00,55,3.89,40.18,2.4,CLOSED
PING-5403,SHP-1054,3,2026-03-05 19:24:00,73,4.07,39.77,2.4,CLOSED
PING-5404,SHP-1054,4,2026-03-05 20:11:00,77,4.03,36.54,2.4,CLOSED
PING-5405,SHP-1054,5,2026-03-05 20:59:00,68,4.13,36.4,2.4,CLOSED
PING-5406,SHP-1054,6,2026-03-05 21:50:00,46,4.32,40.29,2.4,CLOSED
PING-5407,SHP-1054,7,2026-03-05 22:25:00,45,4.23,35.7,2.4,CLOSED
PING-5408,SHP-1054,8,2026-03-05 23:22:00,59,4.14,36.46,2.4,CLOSED
PING-5501,SHP-1055,1,2026-03-05 20:00:00,70,4.42,40.92,2.4,CLOSED
PING-5502,SHP-1055,2,2026-03-05 20:50:00,68,4.27,40.77,2.4,CLOSED
PING-5503,SHP-1055,3,2026-03-05 21:36:00,75,4.36,38.77,2.4,CLOSED
PING-5504,SHP-1055,4,2026-03-05 22:31:00,59,4.24,38.54,2.4,CLOSED
PING-5505,SHP-1055,5,2026-03-05 23:13:00,46,4.24,41.12,2.4,CLOSED
PING-5506,SHP-1055,6,2026-03-06 00:11:00,70,4.0,40.67,2.4,CLOSED
PING-5507,SHP-1055,7,2026-03-06 01:02:00,50,3.86,39.3,2.4,CLOSED
PING-5508,SHP-1055,8,2026-03-06 01:38:00,66,3.67,43.27,2.4,CLOSED
PING-5601,SHP-1056,1,2026-03-05 22:00:00,47,2.6,35.15,2.4,CLOSED
PING-5602,SHP-1056,2,2026-03-05 22:43:00,71,2.61,35.45,2.4,CLOSED
PING-5603,SHP-1056,3,2026-03-05 23:26:00,58,2.59,30.66,2.4,CLOSED
PING-5604,SHP-1056,4,2026-03-06 00:08:00,58,2.57,34.56,2.4,CLOSED
PING-5605,SHP-1056,5,2026-03-06 00:52:00,59,2.56,34.66,2.4,CLOSED
PING-5606,SHP-1056,6,2026-03-06 01:48:00,71,2.58,32.22,2.4,CLOSED
PING-5607,SHP-1056,7,2026-03-06 02:36:00,58,2.49,34.62,2.4,CLOSED
PING-5608,SHP-1056,8,2026-03-06 03:33:00,65,2.26,33.79,2.4,CLOSED
PING-5701,SHP-1057,1,2026-03-06 00:00:00,49,3.1,33.95,2.4,CLOSED
PING-5702,SHP-1057,2,2026-03-06 00:40:00,74,3.04,31.26,2.4,CLOSED
PING-5703,SHP-1057,3,2026-03-06 01:27:00,45,2.99,34.5,2.4,CLOSED
PING-5704,SHP-1057,4,2026-03-06 02:03:00,63,2.97,33.6,2.4,CLOSED
PING-5705,SHP-1057,5,2026-03-06 02:55:00,45,2.82,34.12,2.4,CLOSED
PING-5706,SHP-1057,6,2026-03-06 03:43:00,72,3.02,34.78,2.4,CLOSED
PING-5707,SHP-1057,7,2026-03-06 04:30:00,71,2.92,32.62,2.4,CLOSED
PING-5708,SHP-1057,8,2026-03-06 05:09:00,74,3.13,32.7,2.4,CLOSED
PING-5801,SHP-1058,1,2026-03-06 02:00:00,68,3.37,27.78,2.4,CLOSED
PING-5802,SHP-1058,2,2026-03-06 02:52:00,52,3.08,27.81,2.4,CLOSED
PING-5803,SHP-1058,3,2026-03-06 03:39:00,0,4.89,28.59,4.8,OPEN
PING-5804,SHP-1058,4,2026-03-06 04:33:00,63,3.69,24.54,2.4,CLOSED
PING-5805,SHP-1058,5,2026-03-06 05:27:00,70,3.74,28.3,2.4,CLOSED
PING-5806,SHP-1058,6,2026-03-06 06:22:00,49,3.75,27.86,2.4,CLOSED
PING-5807,SHP-1058,7,2026-03-06 07:12:00,0,7.48,25.1,4.8,OPEN
PING-5808,SHP-1058,8,2026-03-06 07:51:00,74,6.28,28.29,2.4,CLOSED
PING-5809,SHP-1058,9,2026-03-06 08:48:00,70,5.08,27.45,2.4,CLOSED
PING-5810,SHP-1058,10,2026-03-06 09:39:00,74,3.88,27.35,2.4,CLOSED
PING-5811,SHP-1058,11,2026-03-06 10:29:00,60,3.67,28.11,2.4,CLOSED
PING-5812,SHP-1058,12,2026-03-06 11:10:00,55,3.49,25.5,2.4,CLOSED
PING-5901,SHP-1059,1,2026-03-06 04:00:00,64,3.99,34.31,2.4,CLOSED
PING-5902,SHP-1059,2,2026-03-06 04:51:00,70,4.18,37.03,2.4,CLOSED
PING-5903,SHP-1059,3,2026-03-06 05:30:00,0,6.21,36.69,4.8,OPEN
PING-5904,SHP-1059,4,2026-03-06 06:14:00,59,5.01,33.02,2.4,CLOSED
PING-5905,SHP-1059,5,2026-03-06 06:55:00,46,3.81,37.69,2.4,CLOSED
PING-5906,SHP-1059,6,2026-03-06 07:36:00,46,3.84,36.52,2.4,CLOSED
PING-5907,SHP-1059,7,2026-03-06 08:19:00,0,7.97,37.73,4.8,OPEN
PING-5908,SHP-1059,8,2026-03-06 09:02:00,74,6.77,38.33,2.4,CLOSED
PING-6001,SHP-1060,1,2026-03-06 06:00:00,70,1.99,42.91,2.4,CLOSED
PING-6002,SHP-1060,2,2026-03-06 06:54:00,72,1.71,42.89,2.4,CLOSED
PING-6003,SHP-1060,3,2026-03-06 07:43:00,73,1.78,42.71,2.4,CLOSED
PING-6004,SHP-1060,4,2026-03-06 08:32:00,69,2.07,41.91,2.4,CLOSED
PING-6005,SHP-1060,5,2026-03-06 09:24:00,52,2.0,42.76,2.4,CLOSED
PING-6006,SHP-1060,6,2026-03-06 10:22:00,56,2.26,42.38,2.4,CLOSED
PING-6007,SHP-1060,7,2026-03-06 11:02:00,77,2.56,43.05,2.4,CLOSED
PING-6008,SHP-1060,8,2026-03-06 11:57:00,64,2.69,39.77,2.4,CLOSED
PING-6101,SHP-1061,1,2026-03-06 08:00:00,68,2.79,39.16,2.4,CLOSED
PING-6102,SHP-1061,2,2026-03-06 08:55:00,62,3.07,37.24,2.4,CLOSED
PING-6103,SHP-1061,3,2026-03-06 09:40:00,63,2.86,36.07,2.4,CLOSED
PING-6104,SHP-1061,4,2026-03-06 10:38:00,64,2.91,36.5,2.4,CLOSED
PING-6105,SHP-1061,5,2026-03-06 11:14:00,58,2.63,35.02,2.4,CLOSED
PING-6106,SHP-1061,6,2026-03-06 12:04:00,74,2.86,38.17,2.4,CLOSED
PING-6107,SHP-1061,7,2026-03-06 12:44:00,74,3.08,35.63,2.4,CLOSED
PING-6108,SHP-1061,8,2026-03-06 13:37:00,71,2.95,40.03,2.4,CLOSED
PING-6109,SHP-1061,9,2026-03-06 14:12:00,65,3.19,39.9,2.4,CLOSED
PING-6110,SHP-1061,10,2026-03-06 14:58:00,47,3.4,36.39,2.4,CLOSED
PING-6201,SHP-1062,1,2026-03-06 10:00:00,45,-20.06,34.22,2.4,CLOSED
PING-6202,SHP-1062,2,2026-03-06 10:44:00,54,-20.15,35.03,2.4,CLOSED
PING-6203,SHP-1062,3,2026-03-06 11:23:00,70,-19.91,30.09,2.4,CLOSED
PING-6204,SHP-1062,4,2026-03-06 12:22:00,48,-20.05,34.23,2.4,CLOSED
PING-6205,SHP-1062,5,2026-03-06 13:14:00,50,-19.98,32.3,2.4,CLOSED
PING-6206,SHP-1062,6,2026-03-06 14:08:00,55,-20.1,29.69,2.4,CLOSED
PING-6207,SHP-1062,7,2026-03-06 14:47:00,59,-19.87,35.08,2.4,CLOSED
PING-6208,SHP-1062,8,2026-03-06 15:31:00,54,-19.74,31.67,2.4,CLOSED
PING-6209,SHP-1062,9,2026-03-06 16:10:00,63,-19.83,35.12,2.4,CLOSED
PING-6210,SHP-1062,10,2026-03-06 17:01:00,46,-20.01,30.36,2.4,CLOSED
PING-6301,SHP-1063,1,2026-03-06 12:00:00,61,2.65,40.15,2.4,CLOSED
PING-6302,SHP-1063,2,2026-03-06 12:45:00,75,2.93,39.45,2.4,CLOSED
PING-6303,SHP-1063,3,2026-03-06 13:26:00,73,2.71,36.28,2.4,CLOSED
PING-6304,SHP-1063,4,2026-03-06 14:22:00,58,2.7,40.34,2.4,CLOSED
PING-6305,SHP-1063,5,2026-03-06 15:12:00,63,2.75,37.41,2.4,CLOSED
PING-6306,SHP-1063,6,2026-03-06 16:06:00,75,2.6,40.29,2.4,CLOSED
PING-6307,SHP-1063,7,2026-03-06 16:49:00,63,2.74,37.23,2.4,CLOSED
PING-6308,SHP-1063,8,2026-03-06 17:48:00,53,2.46,38.23,2.4,CLOSED
PING-6401,SHP-1064,1,2026-03-06 14:00:00,68,3.77,36.92,2.4,CLOSED
PING-6402,SHP-1064,2,2026-03-06 14:54:00,68,3.78,38.68,2.4,CLOSED
PING-6403,SHP-1064,3,2026-03-06 15:38:00,0,7.42,36.16,4.8,OPEN
PING-6404,SHP-1064,4,2026-03-06 16:29:00,70,6.22,33.79,2.4,CLOSED
PING-6405,SHP-1064,5,2026-03-06 17:20:00,52,5.02,37.23,2.4,CLOSED
PING-6406,SHP-1064,6,2026-03-06 18:06:00,70,3.82,34.22,2.4,CLOSED
PING-6407,SHP-1064,7,2026-03-06 18:56:00,0,6.34,38.23,4.8,OPEN
PING-6408,SHP-1064,8,2026-03-06 19:54:00,77,5.14,37.92,2.4,CLOSED
PING-6409,SHP-1064,9,2026-03-06 20:47:00,52,3.94,35.39,2.4,CLOSED
PING-6410,SHP-1064,10,2026-03-06 21:33:00,75,4.1,34.58,2.4,CLOSED
PING-6411,SHP-1064,11,2026-03-06 22:31:00,65,4.22,34.64,2.4,CLOSED
PING-6412,SHP-1064,12,2026-03-06 23:07:00,66,4.26,34.7,2.4,CLOSED
PING-6501,SHP-1065,1,2026-03-06 16:00:00,54,-19.55,26.45,2.4,CLOSED
PING-6502,SHP-1065,2,2026-03-06 16:59:00,68,-19.84,28.78,2.4,CLOSED
PING-6503,SHP-1065,3,2026-03-06 17:49:00,0,-15.47,26.62,4.8,OPEN
PING-6504,SHP-1065,4,2026-03-06 18:32:00,47,-16.67,27.34,2.4,CLOSED
PING-6505,SHP-1065,5,2026-03-06 19:13:00,56,-17.87,29.49,2.4,CLOSED
PING-6506,SHP-1065,6,2026-03-06 20:11:00,51,-19.07,26.95,2.4,CLOSED
PING-6507,SHP-1065,7,2026-03-06 21:09:00,0,-17.11,25.41,4.8,OPEN
PING-6508,SHP-1065,8,2026-03-06 21:48:00,64,-18.31,25.73,2.4,CLOSED
PING-6601,SHP-1066,1,2026-03-06 18:00:00,55,4.56,41.78,2.4,CLOSED
PING-6602,SHP-1066,2,2026-03-06 18:41:00,51,4.37,39.86,2.4,CLOSED
PING-6603,SHP-1066,3,2026-03-06 19:26:00,0,8.33,38.64,4.8,OPEN
PING-6604,SHP-1066,4,2026-03-06 20:19:00,62,7.13,39.56,2.4,CLOSED
PING-6605,SHP-1066,5,2026-03-06 21:06:00,54,5.93,41.26,2.4,CLOSED
PING-6606,SHP-1066,6,2026-03-06 21:51:00,50,4.73,38.62,2.4,CLOSED
PING-6607,SHP-1066,7,2026-03-06 22:39:00,0,8.88,39.87,4.8,OPEN
PING-6608,SHP-1066,8,2026-03-06 23:32:00,66,7.68,43.1,2.4,CLOSED
PING-6609,SHP-1066,9,2026-03-07 00:27:00,63,6.48,41.59,2.4,CLOSED
PING-6610,SHP-1066,10,2026-03-07 01:24:00,58,5.28,39.78,2.4,CLOSED
PING-6701,SHP-1067,1,2026-03-06 20:00:00,70,2.45,26.72,2.4,CLOSED
PING-6702,SHP-1067,2,2026-03-06 20:38:00,45,2.22,28.28,2.4,CLOSED
PING-6703,SHP-1067,3,2026-03-06 21:18:00,0,6.59,28.56,4.8,OPEN
PING-6704,SHP-1067,4,2026-03-06 21:56:00,67,5.39,30.34,2.4,CLOSED
PING-6705,SHP-1067,5,2026-03-06 22:49:00,47,4.19,30.33,2.4,CLOSED
PING-6706,SHP-1067,6,2026-03-06 23:43:00,50,2.99,25.68,2.4,CLOSED
PING-6707,SHP-1067,7,2026-03-07 00:31:00,0,5.2,29.99,4.8,OPEN
PING-6708,SHP-1067,8,2026-03-07 01:14:00,75,4.0,28.51,2.4,CLOSED
PING-6709,SHP-1067,9,2026-03-07 01:53:00,49,2.8,28.57,2.4,CLOSED
PING-6710,SHP-1067,10,2026-03-07 02:47:00,54,2.97,26.52,2.4,CLOSED
PING-6801,SHP-1068,1,2026-03-06 22:00:00,58,2.41,33.08,2.4,CLOSED
PING-6802,SHP-1068,2,2026-03-06 22:55:00,57,2.48,29.89,2.4,CLOSED
PING-6803,SHP-1068,3,2026-03-06 23:32:00,58,2.39,32.21,2.4,CLOSED
PING-6804,SHP-1068,4,2026-03-07 00:23:00,58,2.13,29.49,2.4,CLOSED
PING-6805,SHP-1068,5,2026-03-07 01:01:00,46,2.33,30.8,2.4,CLOSED
PING-6806,SHP-1068,6,2026-03-07 01:40:00,63,2.56,29.76,2.4,CLOSED
PING-6807,SHP-1068,7,2026-03-07 02:27:00,76,2.7,29.7,2.4,CLOSED
PING-6808,SHP-1068,8,2026-03-07 03:24:00,75,2.96,31.98,2.4,CLOSED
PING-6809,SHP-1068,9,2026-03-07 04:14:00,69,2.9,31.41,2.4,CLOSED
PING-6810,SHP-1068,10,2026-03-07 05:05:00,69,2.86,33.02,2.4,CLOSED
PING-6811,SHP-1068,11,2026-03-07 05:43:00,62,3.06,33.14,2.4,CLOSED
PING-6812,SHP-1068,12,2026-03-07 06:28:00,75,2.99,29.87,2.4,CLOSED
PING-6901,SHP-1069,1,2026-03-07 00:00:00,45,4.11,40.97,2.4,CLOSED
PING-6902,SHP-1069,2,2026-03-07 00:51:00,48,4.22,42.81,2.4,CLOSED
PING-6903,SHP-1069,3,2026-03-07 01:30:00,52,4.29,39.34,2.4,CLOSED
PING-6904,SHP-1069,4,2026-03-07 02:18:00,50,4.24,38.59,2.4,CLOSED
PING-6905,SHP-1069,5,2026-03-07 03:03:00,74,4.39,38.11,2.4,CLOSED
PING-6906,SHP-1069,6,2026-03-07 03:47:00,45,4.15,41.29,2.4,CLOSED
PING-6907,SHP-1069,7,2026-03-07 04:37:00,52,3.95,37.78,2.4,CLOSED
PING-6908,SHP-1069,8,2026-03-07 05:32:00,49,4.23,38.92,2.4,CLOSED
PING-6909,SHP-1069,9,2026-03-07 06:28:00,58,4.49,37.93,2.4,CLOSED
PING-6910,SHP-1069,10,2026-03-07 07:03:00,57,4.53,37.81,2.4,CLOSED
PING-6911,SHP-1069,11,2026-03-07 07:52:00,70,4.24,39.34,2.4,CLOSED
PING-6912,SHP-1069,12,2026-03-07 08:28:00,58,4.29,43.01,2.4,CLOSED
PING-7001,SHP-1070,1,2026-03-07 02:00:00,58,3.35,29.96,2.4,CLOSED
PING-7002,SHP-1070,2,2026-03-07 02:39:00,71,3.39,31.23,2.4,CLOSED
PING-7003,SHP-1070,3,2026-03-07 03:17:00,0,5.58,28.52,4.8,OPEN
PING-7004,SHP-1070,4,2026-03-07 04:01:00,58,4.38,30.79,2.4,CLOSED
PING-7005,SHP-1070,5,2026-03-07 04:37:00,57,4.1,30.88,2.4,CLOSED
PING-7006,SHP-1070,6,2026-03-07 05:16:00,53,4.18,31.92,2.4,CLOSED
PING-7007,SHP-1070,7,2026-03-07 06:13:00,0,6.75,28.31,4.8,OPEN
PING-7008,SHP-1070,8,2026-03-07 06:58:00,52,5.55,30.75,2.4,CLOSED
PING-7101,SHP-1071,1,2026-03-07 04:00:00,58,2.55,34.41,2.4,CLOSED
PING-7102,SHP-1071,2,2026-03-07 04:43:00,73,2.59,33.17,2.4,CLOSED
PING-7103,SHP-1071,3,2026-03-07 05:41:00,72,2.7,35.12,2.4,CLOSED
PING-7104,SHP-1071,4,2026-03-07 06:35:00,72,2.41,32.28,2.4,CLOSED
PING-7105,SHP-1071,5,2026-03-07 07:32:00,54,2.71,33.22,2.4,CLOSED
PING-7106,SHP-1071,6,2026-03-07 08:26:00,73,2.56,32.63,2.4,CLOSED
PING-7107,SHP-1071,7,2026-03-07 09:04:00,67,2.85,36.72,2.4,CLOSED
PING-7108,SHP-1071,8,2026-03-07 09:47:00,64,2.96,35.38,2.4,CLOSED
PING-7109,SHP-1071,9,2026-03-07 10:39:00,59,3.01,33.58,2.4,CLOSED
PING-7110,SHP-1071,10,2026-03-07 11:33:00,67,2.85,33.34,2.4,CLOSED
PING-7111,SHP-1071,11,2026-03-07 12:23:00,52,3.0,32.39,2.4,CLOSED
PING-7112,SHP-1071,12,2026-03-07 13:01:00,73,3.06,32.31,2.4,CLOSED
PING-7201,SHP-1072,1,2026-03-07 06:00:00,61,3.6,24.33,2.4,CLOSED
PING-7202,SHP-1072,2,2026-03-07 06:37:00,56,3.66,28.99,2.4,CLOSED
PING-7203,SHP-1072,3,2026-03-07 07:22:00,0,5.83,27.88,4.8,OPEN
PING-7204,SHP-1072,4,2026-03-07 08:04:00,62,4.63,27.79,2.4,CLOSED
PING-7205,SHP-1072,5,2026-03-07 09:01:00,71,3.43,27.67,2.4,CLOSED
PING-7206,SHP-1072,6,2026-03-07 09:52:00,54,3.7,23.96,2.4,CLOSED
PING-7207,SHP-1072,7,2026-03-07 10:33:00,0,6.07,27.59,4.8,OPEN
PING-7208,SHP-1072,8,2026-03-07 11:23:00,64,4.87,24.04,2.4,CLOSED
PING-7301,SHP-1073,1,2026-03-07 08:00:00,61,3.91,31.95,2.4,CLOSED
PING-7302,SHP-1073,2,2026-03-07 08:48:00,65,3.84,33.62,2.4,CLOSED
PING-7303,SHP-1073,3,2026-03-07 09:29:00,55,3.6,32.01,2.4,CLOSED
PING-7304,SHP-1073,4,2026-03-07 10:08:00,59,3.89,34.41,2.4,CLOSED
PING-7305,SHP-1073,5,2026-03-07 11:04:00,64,4.19,35.95,2.4,CLOSED
PING-7306,SHP-1073,6,2026-03-07 11:47:00,58,4.07,35.18,2.4,CLOSED
PING-7307,SHP-1073,7,2026-03-07 12:39:00,49,3.96,34.96,2.4,CLOSED
PING-7308,SHP-1073,8,2026-03-07 13:17:00,67,4.01,35.33,2.4,CLOSED
PING-7401,SHP-1074,1,2026-03-07 10:00:00,60,-19.45,24.28,2.4,CLOSED
PING-7402,SHP-1074,2,2026-03-07 10:36:00,75,-19.57,26.79,2.4,CLOSED
PING-7403,SHP-1074,3,2026-03-07 11:17:00,0,-16.73,27.2,4.8,OPEN
PING-7404,SHP-1074,4,2026-03-07 12:08:00,50,-17.93,29.28,2.4,CLOSED
PING-7405,SHP-1074,5,2026-03-07 12:56:00,49,-19.13,28.82,2.4,CLOSED
PING-7406,SHP-1074,6,2026-03-07 13:32:00,77,-18.89,27.76,2.4,CLOSED
PING-7407,SHP-1074,7,2026-03-07 14:26:00,0,-16.21,29.09,4.8,OPEN
PING-7408,SHP-1074,8,2026-03-07 15:14:00,69,-17.41,28.99,2.4,CLOSED
PING-7409,SHP-1074,9,2026-03-07 16:13:00,72,-18.61,25.58,2.4,CLOSED
PING-7410,SHP-1074,10,2026-03-07 17:12:00,65,-19.81,29.03,2.4,CLOSED
PING-7411,SHP-1074,11,2026-03-07 18:03:00,57,-19.93,26.94,2.4,CLOSED
PING-7412,SHP-1074,12,2026-03-07 18:57:00,64,-20.04,25.81,2.4,CLOSED
PING-7501,SHP-1075,1,2026-03-07 12:00:00,50,3.53,32.17,2.4,CLOSED
PING-7502,SHP-1075,2,2026-03-07 12:48:00,73,3.3,32.37,2.4,CLOSED
PING-7503,SHP-1075,3,2026-03-07 13:27:00,0,6.86,30.94,4.8,OPEN
PING-7504,SHP-1075,4,2026-03-07 14:17:00,68,5.66,31.91,2.4,CLOSED
PING-7505,SHP-1075,5,2026-03-07 14:53:00,57,4.46,31.27,2.4,CLOSED
PING-7506,SHP-1075,6,2026-03-07 15:30:00,54,4.31,33.64,2.4,CLOSED
PING-7507,SHP-1075,7,2026-03-07 16:21:00,0,7.65,31.55,4.8,OPEN
PING-7508,SHP-1075,8,2026-03-07 17:00:00,73,6.45,33.8,2.4,CLOSED
PING-7509,SHP-1075,9,2026-03-07 17:56:00,57,5.25,34.11,2.4,CLOSED
PING-7510,SHP-1075,10,2026-03-07 18:44:00,55,4.05,33.31,2.4,CLOSED
PING-7601,SHP-1076,1,2026-03-07 14:00:00,70,3.61,39.44,2.4,CLOSED
PING-7602,SHP-1076,2,2026-03-07 14:43:00,45,3.83,37.29,2.4,CLOSED
PING-7603,SHP-1076,3,2026-03-07 15:32:00,0,6.54,39.4,4.8,OPEN
PING-7604,SHP-1076,4,2026-03-07 16:07:00,48,5.34,36.74,2.4,CLOSED
PING-7605,SHP-1076,5,2026-03-07 16:46:00,60,4.14,40.18,2.4,CLOSED
PING-7606,SHP-1076,6,2026-03-07 17:43:00,51,4.34,38.47,2.4,CLOSED
PING-7607,SHP-1076,7,2026-03-07 18:22:00,0,6.83,38.81,4.8,OPEN
PING-7608,SHP-1076,8,2026-03-07 18:58:00,52,5.63,41.18,2.4,CLOSED
PING-7701,SHP-1077,1,2026-03-07 16:00:00,74,4.56,32.64,2.4,CLOSED
PING-7702,SHP-1077,2,2026-03-07 16:39:00,45,4.54,31.29,2.4,CLOSED
PING-7703,SHP-1077,3,2026-03-07 17:27:00,0,7.69,36.62,4.8,OPEN
PING-7704,SHP-1077,4,2026-03-07 18:07:00,53,6.49,31.77,2.4,CLOSED
PING-7705,SHP-1077,5,2026-03-07 19:04:00,70,5.29,35.67,2.4,CLOSED
PING-7706,SHP-1077,6,2026-03-07 20:01:00,62,4.09,33.63,2.4,CLOSED
PING-7707,SHP-1077,7,2026-03-07 20:44:00,0,7.42,33.65,4.8,OPEN
PING-7708,SHP-1077,8,2026-03-07 21:30:00,75,6.22,36.56,2.4,CLOSED
PING-7709,SHP-1077,9,2026-03-07 22:24:00,69,5.02,34.89,2.4,CLOSED
PING-7710,SHP-1077,10,2026-03-07 23:03:00,46,3.82,34.95,2.4,CLOSED
PING-7711,SHP-1077,11,2026-03-07 23:56:00,75,3.55,31.65,2.4,CLOSED
PING-7712,SHP-1077,12,2026-03-08 00:38:00,50,3.65,31.45,2.4,CLOSED
PING-7801,SHP-1078,1,2026-03-07 18:00:00,65,2.69,28.63,2.4,CLOSED
PING-7802,SHP-1078,2,2026-03-07 18:56:00,67,2.58,30.36,2.4,CLOSED
PING-7803,SHP-1078,3,2026-03-07 19:49:00,65,2.57,29.14,2.4,CLOSED
PING-7804,SHP-1078,4,2026-03-07 20:39:00,51,2.28,29.53,2.4,CLOSED
PING-7805,SHP-1078,5,2026-03-07 21:20:00,57,2.42,27.94,2.4,CLOSED
PING-7806,SHP-1078,6,2026-03-07 21:56:00,76,2.23,29.97,2.4,CLOSED
PING-7807,SHP-1078,7,2026-03-07 22:47:00,67,2.21,28.47,2.4,CLOSED
PING-7808,SHP-1078,8,2026-03-07 23:36:00,65,1.95,29.3,2.4,CLOSED
PING-7809,SHP-1078,9,2026-03-08 00:35:00,69,1.66,28.21,2.4,CLOSED
PING-7810,SHP-1078,10,2026-03-08 01:20:00,58,1.44,27.02,2.4,CLOSED
PING-7811,SHP-1078,11,2026-03-08 02:02:00,68,1.58,28.31,2.4,CLOSED
PING-7812,SHP-1078,12,2026-03-08 03:00:00,53,1.49,28.68,2.4,CLOSED
PING-7901,SHP-1079,1,2026-03-07 20:00:00,58,3.14,36.06,2.4,CLOSED
PING-7902,SHP-1079,2,2026-03-07 20:41:00,55,2.89,31.65,2.4,CLOSED
PING-7903,SHP-1079,3,2026-03-07 21:19:00,0,6.18,31.4,4.8,OPEN
PING-7904,SHP-1079,4,2026-03-07 21:54:00,68,4.98,33.06,2.4,CLOSED
PING-7905,SHP-1079,5,2026-03-07 22:32:00,53,3.78,34.6,2.4,CLOSED
PING-7906,SHP-1079,6,2026-03-07 23:13:00,49,3.78,34.3,2.4,CLOSED
PING-7907,SHP-1079,7,2026-03-07 23:55:00,0,7.21,35.52,4.8,OPEN
PING-7908,SHP-1079,8,2026-03-08 00:45:00,54,6.01,32.48,2.4,CLOSED
PING-8001,SHP-1080,1,2026-03-07 22:00:00,53,3.22,34.74,2.4,CLOSED
PING-8002,SHP-1080,2,2026-03-07 22:48:00,66,3.34,37.35,2.4,CLOSED
PING-8003,SHP-1080,3,2026-03-07 23:45:00,45,3.53,36.96,2.4,CLOSED
PING-8004,SHP-1080,4,2026-03-08 00:25:00,66,3.31,34.67,2.4,CLOSED
PING-8005,SHP-1080,5,2026-03-08 01:01:00,45,3.09,37.88,2.4,CLOSED
PING-8006,SHP-1080,6,2026-03-08 01:36:00,58,2.92,34.87,2.4,CLOSED
PING-8007,SHP-1080,7,2026-03-08 02:33:00,61,2.64,36.65,2.4,CLOSED
PING-8008,SHP-1080,8,2026-03-08 03:31:00,71,2.71,33.37,2.4,CLOSED
PING-8101,SHP-1081,1,2026-03-08 00:00:00,57,3.97,30.55,2.4,CLOSED
PING-8102,SHP-1081,2,2026-03-08 00:57:00,51,4.18,31.68,2.4,CLOSED
PING-8103,SHP-1081,3,2026-03-08 01:41:00,47,4.08,29.09,2.4,CLOSED
PING-8104,SHP-1081,4,2026-03-08 02:18:00,55,3.93,30.87,2.4,CLOSED
PING-8105,SHP-1081,5,2026-03-08 03:14:00,73,3.81,31.13,2.4,CLOSED
PING-8106,SHP-1081,6,2026-03-08 04:08:00,67,3.6,31.62,2.4,CLOSED
PING-8107,SHP-1081,7,2026-03-08 05:00:00,61,3.5,29.97,2.4,CLOSED
PING-8108,SHP-1081,8,2026-03-08 05:47:00,55,3.27,30.83,2.4,CLOSED
PING-8109,SHP-1081,9,2026-03-08 06:43:00,76,3.05,28.23,2.4,CLOSED
PING-8110,SHP-1081,10,2026-03-08 07:34:00,71,3.2,31.62,2.4,CLOSED
PING-8201,SHP-1082,1,2026-03-08 02:00:00,60,-19.93,38.41,2.4,CLOSED
PING-8202,SHP-1082,2,2026-03-08 02:55:00,48,-19.8,38.46,2.4,CLOSED
PING-8203,SHP-1082,3,2026-03-08 03:46:00,56,-19.68,38.69,2.4,CLOSED
PING-8204,SHP-1082,4,2026-03-08 04:39:00,58,-19.91,38.73,2.4,CLOSED
PING-8205,SHP-1082,5,2026-03-08 05:15:00,67,-19.63,37.32,2.4,CLOSED
PING-8206,SHP-1082,6,2026-03-08 05:56:00,76,-19.78,35.49,2.4,CLOSED
PING-8207,SHP-1082,7,2026-03-08 06:50:00,49,-19.84,33.91,2.4,CLOSED
PING-8208,SHP-1082,8,2026-03-08 07:38:00,57,-19.55,35.81,2.4,CLOSED
PING-8301,SHP-1083,1,2026-03-08 04:00:00,55,4.21,33.13,2.4,CLOSED
PING-8302,SHP-1083,2,2026-03-08 04:59:00,75,4.17,31.75,2.4,CLOSED
PING-8303,SHP-1083,3,2026-03-08 05:35:00,0,6.5,32.15,4.8,OPEN
PING-8304,SHP-1083,4,2026-03-08 06:15:00,45,5.3,34.88,2.4,CLOSED
PING-8305,SHP-1083,5,2026-03-08 07:11:00,69,4.1,30.77,2.4,CLOSED
PING-8306,SHP-1083,6,2026-03-08 07:49:00,68,3.84,34.96,2.4,CLOSED
PING-8307,SHP-1083,7,2026-03-08 08:34:00,0,5.95,32.67,4.8,OPEN
PING-8308,SHP-1083,8,2026-03-08 09:17:00,57,4.75,33.27,2.4,CLOSED
PING-8309,SHP-1083,9,2026-03-08 10:09:00,46,4.52,35.32,2.4,CLOSED
PING-8310,SHP-1083,10,2026-03-08 10:49:00,51,4.25,30.06,2.4,CLOSED
PING-8311,SHP-1083,11,2026-03-08 11:33:00,56,4.43,32.29,2.4,CLOSED
PING-8312,SHP-1083,12,2026-03-08 12:24:00,73,4.44,34.61,2.4,CLOSED
PING-8401,SHP-1084,1,2026-03-08 06:00:00,52,1.99,33.78,2.4,CLOSED
PING-8402,SHP-1084,2,2026-03-08 06:36:00,63,1.8,34.1,2.4,CLOSED
PING-8403,SHP-1084,3,2026-03-08 07:21:00,0,4.58,37.32,4.8,OPEN
PING-8404,SHP-1084,4,2026-03-08 08:18:00,61,3.38,34.32,2.4,CLOSED
PING-8405,SHP-1084,5,2026-03-08 08:55:00,46,3.65,34.14,2.4,CLOSED
PING-8406,SHP-1084,6,2026-03-08 09:37:00,55,2.45,33.4,2.4,CLOSED
PING-8407,SHP-1084,7,2026-03-08 10:31:00,0,4.57,35.99,4.8,OPEN
PING-8408,SHP-1084,8,2026-03-08 11:09:00,47,3.37,37.5,2.4,CLOSED
PING-8409,SHP-1084,9,2026-03-08 11:48:00,62,3.56,32.93,2.4,CLOSED
PING-8410,SHP-1084,10,2026-03-08 12:46:00,53,2.36,37.23,2.4,CLOSED
PING-8411,SHP-1084,11,2026-03-08 13:25:00,45,2.57,35.31,2.4,CLOSED
PING-8412,SHP-1084,12,2026-03-08 14:19:00,75,2.83,37.01,2.4,CLOSED
PING-8501,SHP-1085,1,2026-03-08 08:00:00,51,3.52,33.65,2.4,CLOSED
PING-8502,SHP-1085,2,2026-03-08 08:59:00,68,3.66,36.9,2.4,CLOSED
PING-8503,SHP-1085,3,2026-03-08 09:36:00,0,7.3,34.98,4.8,OPEN
PING-8504,SHP-1085,4,2026-03-08 10:31:00,61,6.1,35.62,2.4,CLOSED
PING-8505,SHP-1085,5,2026-03-08 11:17:00,60,4.9,36.43,2.4,CLOSED
PING-8506,SHP-1085,6,2026-03-08 12:07:00,65,3.7,34.69,2.4,CLOSED
PING-8507,SHP-1085,7,2026-03-08 12:55:00,0,7.44,36.75,4.8,OPEN
PING-8508,SHP-1085,8,2026-03-08 13:47:00,75,6.24,36.72,2.4,CLOSED
PING-8601,SHP-1086,1,2026-03-08 10:00:00,58,2.41,30.71,2.4,CLOSED
PING-8602,SHP-1086,2,2026-03-08 10:45:00,64,2.15,34.31,2.4,CLOSED
PING-8603,SHP-1086,3,2026-03-08 11:38:00,0,4.89,30.09,4.8,OPEN
PING-8604,SHP-1086,4,2026-03-08 12:18:00,63,3.69,30.75,2.4,CLOSED
PING-8605,SHP-1086,5,2026-03-08 13:06:00,52,2.49,34.28,2.4,CLOSED
PING-8606,SHP-1086,6,2026-03-08 13:50:00,71,2.34,31.5,2.4,CLOSED
PING-8607,SHP-1086,7,2026-03-08 14:27:00,0,5.62,32.81,4.8,OPEN
PING-8608,SHP-1086,8,2026-03-08 15:19:00,52,4.42,32.05,2.4,CLOSED
PING-8609,SHP-1086,9,2026-03-08 16:01:00,47,3.22,34.43,2.4,CLOSED
PING-8610,SHP-1086,10,2026-03-08 16:54:00,64,3.1,30.72,2.4,CLOSED
PING-8701,SHP-1087,1,2026-03-08 12:00:00,59,3.42,39.31,2.4,CLOSED
PING-8702,SHP-1087,2,2026-03-08 12:53:00,72,3.6,43.01,2.4,CLOSED
PING-8703,SHP-1087,3,2026-03-08 13:47:00,56,3.66,40.59,2.4,CLOSED
PING-8704,SHP-1087,4,2026-03-08 14:23:00,59,3.81,37.7,2.4,CLOSED
PING-8705,SHP-1087,5,2026-03-08 14:59:00,64,3.74,40.14,2.4,CLOSED
PING-8706,SHP-1087,6,2026-03-08 15:49:00,66,3.73,38.8,2.4,CLOSED
PING-8707,SHP-1087,7,2026-03-08 16:26:00,60,3.79,37.74,2.4,CLOSED
PING-8708,SHP-1087,8,2026-03-08 17:10:00,62,3.55,39.77,2.4,CLOSED
PING-8709,SHP-1087,9,2026-03-08 18:00:00,54,3.73,42.88,2.4,CLOSED
PING-8710,SHP-1087,10,2026-03-08 18:48:00,67,3.8,41.26,2.4,CLOSED
PING-8801,SHP-1088,1,2026-03-08 14:00:00,65,3.89,35.9,2.4,CLOSED
PING-8802,SHP-1088,2,2026-03-08 14:39:00,64,3.92,35.25,2.4,CLOSED
PING-8803,SHP-1088,3,2026-03-08 15:35:00,0,5.94,36.07,4.8,OPEN
PING-8804,SHP-1088,4,2026-03-08 16:27:00,54,4.74,38.66,2.4,CLOSED
PING-8805,SHP-1088,5,2026-03-08 17:20:00,48,4.91,34.88,2.4,CLOSED
PING-8806,SHP-1088,6,2026-03-08 18:02:00,69,4.92,38.71,2.4,CLOSED
PING-8807,SHP-1088,7,2026-03-08 18:54:00,0,9.13,38.17,4.8,OPEN
PING-8808,SHP-1088,8,2026-03-08 19:36:00,53,7.93,37.94,2.4,CLOSED
PING-8809,SHP-1088,9,2026-03-08 20:15:00,48,6.73,37.04,2.4,CLOSED
PING-8810,SHP-1088,10,2026-03-08 21:10:00,48,5.53,38.47,2.4,CLOSED
PING-8901,SHP-1089,1,2026-03-08 16:00:00,53,4.37,37.64,2.4,CLOSED
PING-8902,SHP-1089,2,2026-03-08 16:44:00,73,4.37,37.5,2.4,CLOSED
PING-8903,SHP-1089,3,2026-03-08 17:39:00,0,6.53,33.76,4.8,OPEN
PING-8904,SHP-1089,4,2026-03-08 18:36:00,57,5.33,34.96,2.4,CLOSED
PING-8905,SHP-1089,5,2026-03-08 19:29:00,72,4.13,38.12,2.4,CLOSED
PING-8906,SHP-1089,6,2026-03-08 20:11:00,46,4.34,33.65,2.4,CLOSED
PING-8907,SHP-1089,7,2026-03-08 21:01:00,0,6.3,35.17,4.8,OPEN
PING-8908,SHP-1089,8,2026-03-08 21:52:00,56,5.1,34.37,2.4,CLOSED
PING-9001,SHP-1090,1,2026-03-08 18:00:00,56,4.31,40.5,2.4,CLOSED
PING-9002,SHP-1090,2,2026-03-08 18:43:00,74,4.38,38.17,2.4,CLOSED
PING-9003,SHP-1090,3,2026-03-08 19:28:00,73,4.68,40.01,2.4,CLOSED
PING-9004,SHP-1090,4,2026-03-08 20:15:00,62,4.55,41.56,2.4,CLOSED
PING-9005,SHP-1090,5,2026-03-08 21:07:00,51,4.42,38.36,2.4,CLOSED
PING-9006,SHP-1090,6,2026-03-08 21:46:00,58,4.18,37.52,2.4,CLOSED
PING-9007,SHP-1090,7,2026-03-08 22:25:00,50,4.21,37.25,2.4,CLOSED
PING-9008,SHP-1090,8,2026-03-08 23:07:00,62,4.04,37.46,2.4,CLOSED
PING-9009,SHP-1090,9,2026-03-09 00:00:00,69,4.28,39.83,2.4,CLOSED
PING-9010,SHP-1090,10,2026-03-09 00:56:00,45,4.4,39.07,2.4,CLOSED
PING-9101,SHP-1091,1,2026-03-08 20:00:00,77,3.92,36.36,2.4,CLOSED
PING-9102,SHP-1091,2,2026-03-08 20:41:00,72,3.89,35.01,2.4,CLOSED
PING-9103,SHP-1091,3,2026-03-08 21:39:00,0,6.58,39.3,4.8,OPEN
PING-9104,SHP-1091,4,2026-03-08 22:34:00,71,5.38,35.63,2.4,CLOSED
PING-9105,SHP-1091,5,2026-03-08 23:09:00,57,4.18,35.54,2.4,CLOSED
PING-9106,SHP-1091,6,2026-03-08 23:44:00,58,4.18,37.37,2.4,CLOSED
PING-9107,SHP-1091,7,2026-03-09 00:34:00,0,6.29,39.25,4.8,OPEN
PING-9108,SHP-1091,8,2026-03-09 01:13:00,59,5.09,36.56,2.4,CLOSED
PING-9109,SHP-1091,9,2026-03-09 02:08:00,48,3.89,36.24,2.4,CLOSED
PING-9110,SHP-1091,10,2026-03-09 02:58:00,65,3.72,38.96,2.4,CLOSED
PING-9111,SHP-1091,11,2026-03-09 03:57:00,52,3.44,35.59,2.4,CLOSED
PING-9112,SHP-1091,12,2026-03-09 04:41:00,51,3.29,39.13,2.4,CLOSED
PING-9201,SHP-1092,1,2026-03-08 22:00:00,56,3.28,35.95,2.4,CLOSED
PING-9202,SHP-1092,2,2026-03-08 22:36:00,74,3.33,34.58,2.4,CLOSED
PING-9203,SHP-1092,3,2026-03-08 23:25:00,0,6.86,36.06,4.8,OPEN
PING-9204,SHP-1092,4,2026-03-09 00:17:00,58,5.66,36.53,2.4,CLOSED
PING-9205,SHP-1092,5,2026-03-09 00:52:00,67,4.46,37.39,2.4,CLOSED
PING-9206,SHP-1092,6,2026-03-09 01:27:00,77,4.38,36.06,2.4,CLOSED
PING-9207,SHP-1092,7,2026-03-09 02:14:00,0,8.55,37.69,4.8,OPEN
PING-9208,SHP-1092,8,2026-03-09 03:03:00,71,7.35,38.5,2.4,CLOSED
PING-9209,SHP-1092,9,2026-03-09 03:49:00,60,6.15,35.87,2.4,CLOSED
PING-9210,SHP-1092,10,2026-03-09 04:48:00,68,4.95,34.21,2.4,CLOSED
PING-9301,SHP-1093,1,2026-03-09 00:00:00,50,3.81,28.59,2.4,CLOSED
PING-9302,SHP-1093,2,2026-03-09 00:58:00,77,3.72,29.43,2.4,CLOSED
PING-9303,SHP-1093,3,2026-03-09 01:37:00,0,7.84,29.29,4.8,OPEN
PING-9304,SHP-1093,4,2026-03-09 02:29:00,77,6.64,27.04,2.4,CLOSED
PING-9305,SHP-1093,5,2026-03-09 03:06:00,68,5.44,28.31,2.4,CLOSED
PING-9306,SHP-1093,6,2026-03-09 03:45:00,46,4.24,26.88,2.4,CLOSED
PING-9307,SHP-1093,7,2026-03-09 04:39:00,0,6.39,29.33,4.8,OPEN
PING-9308,SHP-1093,8,2026-03-09 05:29:00,59,5.19,26.91,2.4,CLOSED
PING-9309,SHP-1093,9,2026-03-09 06:23:00,45,3.99,30.95,2.4,CLOSED
PING-9310,SHP-1093,10,2026-03-09 07:20:00,62,3.95,29.38,2.4,CLOSED
PING-9311,SHP-1093,11,2026-03-09 08:04:00,74,4.18,28.61,2.4,CLOSED
PING-9312,SHP-1093,12,2026-03-09 08:54:00,76,4.44,29.56,2.4,CLOSED
PING-9401,SHP-1094,1,2026-03-09 02:00:00,53,3.61,29.87,2.4,CLOSED
PING-9402,SHP-1094,2,2026-03-09 02:54:00,75,3.69,31.7,2.4,CLOSED
PING-9403,SHP-1094,3,2026-03-09 03:43:00,76,3.76,32.3,2.4,CLOSED
PING-9404,SHP-1094,4,2026-03-09 04:18:00,67,3.78,32.08,2.4,CLOSED
PING-9405,SHP-1094,5,2026-03-09 04:58:00,76,4.0,29.26,2.4,CLOSED
PING-9406,SHP-1094,6,2026-03-09 05:55:00,46,3.76,28.67,2.4,CLOSED
PING-9407,SHP-1094,7,2026-03-09 06:31:00,46,3.97,29.45,2.4,CLOSED
PING-9408,SHP-1094,8,2026-03-09 07:08:00,47,3.85,31.63,2.4,CLOSED
PING-9409,SHP-1094,9,2026-03-09 07:46:00,71,4.06,28.04,2.4,CLOSED
PING-9410,SHP-1094,10,2026-03-09 08:43:00,52,3.78,28.14,2.4,CLOSED
PING-9411,SHP-1094,11,2026-03-09 09:26:00,71,3.79,29.82,2.4,CLOSED
PING-9412,SHP-1094,12,2026-03-09 10:18:00,69,3.6,29.26,2.4,CLOSED
PING-9501,SHP-1095,1,2026-03-09 04:00:00,56,3.72,39.74,2.4,CLOSED
PING-9502,SHP-1095,2,2026-03-09 04:59:00,55,3.69,37.7,2.4,CLOSED
PING-9503,SHP-1095,3,2026-03-09 05:51:00,69,3.55,35.09,2.4,CLOSED
PING-9504,SHP-1095,4,2026-03-09 06:27:00,56,3.48,36.55,2.4,CLOSED
PING-9505,SHP-1095,5,2026-03-09 07:14:00,51,3.37,36.51,2.4,CLOSED
PING-9506,SHP-1095,6,2026-03-09 08:13:00,59,3.32,37.98,2.4,CLOSED
PING-9507,SHP-1095,7,2026-03-09 09:12:00,67,3.16,38.75,2.4,CLOSED
PING-9508,SHP-1095,8,2026-03-09 10:02:00,67,2.91,35.16,2.4,CLOSED
PING-9509,SHP-1095,9,2026-03-09 10:51:00,51,3.05,39.44,2.4,CLOSED
PING-9510,SHP-1095,10,2026-03-09 11:26:00,60,3.26,36.01,2.4,CLOSED
PING-9511,SHP-1095,11,2026-03-09 12:04:00,47,3.53,35.91,2.4,CLOSED
PING-9512,SHP-1095,12,2026-03-09 12:47:00,62,3.6,35.5,2.4,CLOSED
PING-9601,SHP-1096,1,2026-03-09 06:00:00,55,3.5,31.98,2.4,CLOSED
PING-9602,SHP-1096,2,2026-03-09 06:52:00,58,3.21,33.46,2.4,CLOSED
PING-9603,SHP-1096,3,2026-03-09 07:44:00,0,7.0,33.32,4.8,OPEN
PING-9604,SHP-1096,4,2026-03-09 08:39:00,54,5.8,34.1,2.4,CLOSED
PING-9605,SHP-1096,5,2026-03-09 09:32:00,67,4.6,37.08,2.4,CLOSED
PING-9606,SHP-1096,6,2026-03-09 10:12:00,66,3.4,35.0,2.4,CLOSED
PING-9607,SHP-1096,7,2026-03-09 11:09:00,0,5.61,35.78,4.8,OPEN
PING-9608,SHP-1096,8,2026-03-09 11:58:00,54,4.41,34.26,2.4,CLOSED
PING-9701,SHP-1097,1,2026-03-09 08:00:00,59,4.4,24.53,2.4,CLOSED
PING-9702,SHP-1097,2,2026-03-09 08:47:00,53,4.56,28.76,2.4,CLOSED
PING-9703,SHP-1097,3,2026-03-09 09:28:00,47,4.75,29.08,2.4,CLOSED
PING-9704,SHP-1097,4,2026-03-09 10:15:00,53,4.63,26.7,2.4,CLOSED
PING-9705,SHP-1097,5,2026-03-09 11:14:00,48,4.46,27.54,2.4,CLOSED
PING-9706,SHP-1097,6,2026-03-09 12:01:00,67,4.47,25.79,2.4,CLOSED
PING-9707,SHP-1097,7,2026-03-09 12:58:00,49,4.43,28.4,2.4,CLOSED
PING-9708,SHP-1097,8,2026-03-09 13:49:00,65,4.32,25.53,2.4,CLOSED
PING-9709,SHP-1097,9,2026-03-09 14:35:00,49,4.56,26.45,2.4,CLOSED
PING-9710,SHP-1097,10,2026-03-09 15:30:00,59,4.84,27.11,2.4,CLOSED
PING-9801,SHP-1098,1,2026-03-09 10:00:00,64,-19.63,28.89,2.4,CLOSED
PING-9802,SHP-1098,2,2026-03-09 10:37:00,64,-19.89,32.26,2.4,CLOSED
PING-9803,SHP-1098,3,2026-03-09 11:33:00,0,-16.88,32.03,4.8,OPEN
PING-9804,SHP-1098,4,2026-03-09 12:31:00,54,-18.08,29.91,2.4,CLOSED
PING-9805,SHP-1098,5,2026-03-09 13:29:00,56,-19.28,32.75,2.4,CLOSED
PING-9806,SHP-1098,6,2026-03-09 14:28:00,71,-19.18,31.84,2.4,CLOSED
PING-9807,SHP-1098,7,2026-03-09 15:20:00,0,-16.58,28.03,4.8,OPEN
PING-9808,SHP-1098,8,2026-03-09 16:03:00,67,-17.78,28.28,2.4,CLOSED
PING-9809,SHP-1098,9,2026-03-09 16:38:00,49,-18.98,31.66,2.4,CLOSED
PING-9810,SHP-1098,10,2026-03-09 17:37:00,77,-20.18,30.44,2.4,CLOSED
PING-9811,SHP-1098,11,2026-03-09 18:33:00,61,-20.04,30.87,2.4,CLOSED
PING-9812,SHP-1098,12,2026-03-09 19:11:00,56,-19.78,30.17,2.4,CLOSED
PING-9901,SHP-1099,1,2026-03-09 12:00:00,62,3.56,38.56,2.4,CLOSED
PING-9902,SHP-1099,2,2026-03-09 12:59:00,59,3.84,38.43,2.4,CLOSED
PING-9903,SHP-1099,3,2026-03-09 13:54:00,67,3.97,41.91,2.4,CLOSED
PING-9904,SHP-1099,4,2026-03-09 14:46:00,67,3.84,38.68,2.4,CLOSED
PING-9905,SHP-1099,5,2026-03-09 15:39:00,47,3.91,39.82,2.4,CLOSED
PING-9906,SHP-1099,6,2026-03-09 16:22:00,64,3.81,38.77,2.4,CLOSED
PING-9907,SHP-1099,7,2026-03-09 17:16:00,66,3.55,41.45,2.4,CLOSED
PING-9908,SHP-1099,8,2026-03-09 18:07:00,76,3.55,38.65,2.4,CLOSED
PING-9909,SHP-1099,9,2026-03-09 18:42:00,46,3.51,42.25,2.4,CLOSED
PING-9910,SHP-1099,10,2026-03-09 19:22:00,70,3.68,38.2,2.4,CLOSED
PING-10001,SHP-1100,1,2026-03-09 14:00:00,72,3.56,40.61,2.4,CLOSED
PING-10002,SHP-1100,2,2026-03-09 14:41:00,51,3.79,43.3,2.4,CLOSED
PING-10003,SHP-1100,3,2026-03-09 15:21:00,0,7.19,39.32,4.8,OPEN
PING-10004,SHP-1100,4,2026-03-09 16:09:00,67,5.99,39.14,2.4,CLOSED
PING-10005,SHP-1100,5,2026-03-09 16:57:00,60,4.79,38.48,2.4,CLOSED
PING-10006,SHP-1100,6,2026-03-09 17:52:00,56,3.59,41.25,2.4,CLOSED
PING-10007,SHP-1100,7,2026-03-09 18:39:00,0,6.72,38.68,4.8,OPEN
PING-10008,SHP-1100,8,2026-03-09 19:24:00,59,5.52,42.13,2.4,CLOSED
PING-10009,SHP-1100,9,2026-03-09 20:20:00,62,4.32,38.57,2.4,CLOSED
PING-10010,SHP-1100,10,2026-03-09 21:00:00,49,4.12,40.1,2.4,CLOSED
PING-10011,SHP-1100,11,2026-03-09 21:40:00,46,3.95,38.19,2.4,CLOSED
PING-10012,SHP-1100,12,2026-03-09 22:17:00,59,3.75,40.9,2.4,CLOSED
PING-10101,SHP-1101,1,2026-03-09 16:00:00,76,3.65,44.42,2.4,CLOSED
PING-10102,SHP-1101,2,2026-03-09 16:40:00,60,3.72,44.0,2.4,CLOSED
PING-10103,SHP-1101,3,2026-03-09 17:21:00,0,5.53,40.07,4.8,OPEN
PING-10104,SHP-1101,4,2026-03-09 18:04:00,55,4.33,43.53,2.4,CLOSED
PING-10105,SHP-1101,5,2026-03-09 18:56:00,60,4.21,39.71,2.4,CLOSED
PING-10106,SHP-1101,6,2026-03-09 19:53:00,77,4.47,43.96,2.4,CLOSED
PING-10107,SHP-1101,7,2026-03-09 20:32:00,0,6.39,42.37,4.8,OPEN
PING-10108,SHP-1101,8,2026-03-09 21:29:00,50,5.19,39.22,2.4,CLOSED
PING-10201,SHP-1102,1,2026-03-09 18:00:00,50,3.55,41.24,2.4,CLOSED
PING-10202,SHP-1102,2,2026-03-09 18:55:00,47,3.42,36.13,2.4,CLOSED
PING-10203,SHP-1102,3,2026-03-09 19:33:00,75,3.47,38.55,2.4,CLOSED
PING-10204,SHP-1102,4,2026-03-09 20:29:00,68,3.44,39.85,2.4,CLOSED
PING-10205,SHP-1102,5,2026-03-09 21:08:00,66,3.36,36.21,2.4,CLOSED
PING-10206,SHP-1102,6,2026-03-09 21:52:00,77,3.38,38.43,2.4,CLOSED
PING-10207,SHP-1102,7,2026-03-09 22:47:00,71,3.34,39.09,2.4,CLOSED
PING-10208,SHP-1102,8,2026-03-09 23:44:00,64,3.29,39.29,2.4,CLOSED
PING-10209,SHP-1102,9,2026-03-10 00:29:00,48,3.08,35.91,2.4,CLOSED
PING-10210,SHP-1102,10,2026-03-10 01:25:00,51,2.92,39.87,2.4,CLOSED
PING-10211,SHP-1102,11,2026-03-10 02:08:00,50,2.92,41.1,2.4,CLOSED
PING-10212,SHP-1102,12,2026-03-10 03:04:00,58,3.14,40.01,2.4,CLOSED
PING-10301,SHP-1103,1,2026-03-09 20:00:00,62,3.41,23.91,2.4,CLOSED
PING-10302,SHP-1103,2,2026-03-09 20:52:00,75,3.14,27.48,2.4,CLOSED
PING-10303,SHP-1103,3,2026-03-09 21:39:00,0,6.09,24.34,4.8,OPEN
PING-10304,SHP-1103,4,2026-03-09 22:21:00,73,4.89,28.59,2.4,CLOSED
PING-10305,SHP-1103,5,2026-03-09 22:56:00,64,3.69,27.58,2.4,CLOSED
PING-10306,SHP-1103,6,2026-03-09 23:46:00,52,3.44,25.0,2.4,CLOSED
PING-10307,SHP-1103,7,2026-03-10 00:41:00,0,6.44,26.3,4.8,OPEN
PING-10308,SHP-1103,8,2026-03-10 01:39:00,66,5.24,28.56,2.4,CLOSED
PING-10309,SHP-1103,9,2026-03-10 02:25:00,49,4.04,28.73,2.4,CLOSED
PING-10310,SHP-1103,10,2026-03-10 03:11:00,54,3.85,23.9,2.4,CLOSED
PING-10401,SHP-1104,1,2026-03-09 22:00:00,61,-20.31,24.99,2.4,CLOSED
PING-10402,SHP-1104,2,2026-03-09 22:45:00,62,-20.48,30.33,2.4,CLOSED
PING-10403,SHP-1104,3,2026-03-09 23:40:00,65,-20.27,25.08,2.4,CLOSED
PING-10404,SHP-1104,4,2026-03-10 00:20:00,57,-20.01,25.42,2.4,CLOSED
PING-10405,SHP-1104,5,2026-03-10 01:12:00,53,-20.13,30.34,2.4,CLOSED
PING-10406,SHP-1104,6,2026-03-10 02:08:00,77,-20.19,28.43,2.4,CLOSED
PING-10407,SHP-1104,7,2026-03-10 03:01:00,49,-20.47,28.33,2.4,CLOSED
PING-10408,SHP-1104,8,2026-03-10 03:58:00,49,-20.4,25.49,2.4,CLOSED
PING-10409,SHP-1104,9,2026-03-10 04:54:00,62,-20.62,25.05,2.4,CLOSED
PING-10410,SHP-1104,10,2026-03-10 05:31:00,67,-20.52,26.73,2.4,CLOSED
PING-10411,SHP-1104,11,2026-03-10 06:11:00,52,-20.33,27.83,2.4,CLOSED
PING-10412,SHP-1104,12,2026-03-10 07:10:00,76,-20.54,25.86,2.4,CLOSED
PING-10501,SHP-1105,1,2026-03-10 00:00:00,49,3.7,35.11,2.4,CLOSED
PING-10502,SHP-1105,2,2026-03-10 00:39:00,65,3.92,32.4,2.4,CLOSED
PING-10503,SHP-1105,3,2026-03-10 01:38:00,0,7.07,31.94,4.8,OPEN
PING-10504,SHP-1105,4,2026-03-10 02:28:00,53,5.87,35.96,2.4,CLOSED
PING-10505,SHP-1105,5,2026-03-10 03:23:00,77,4.67,34.3,2.4,CLOSED
PING-10506,SHP-1105,6,2026-03-10 04:09:00,69,3.47,32.27,2.4,CLOSED
PING-10507,SHP-1105,7,2026-03-10 04:57:00,0,6.69,32.03,4.8,OPEN
PING-10508,SHP-1105,8,2026-03-10 05:42:00,73,5.49,36.25,2.4,CLOSED
PING-10601,SHP-1106,1,2026-03-10 02:00:00,70,3.35,33.94,2.4,CLOSED
PING-10602,SHP-1106,2,2026-03-10 02:47:00,75,3.54,36.18,2.4,CLOSED
PING-10603,SHP-1106,3,2026-03-10 03:45:00,0,6.73,35.53,4.8,OPEN
PING-10604,SHP-1106,4,2026-03-10 04:41:00,61,5.53,35.96,2.4,CLOSED
PING-10605,SHP-1106,5,2026-03-10 05:28:00,72,4.33,37.94,2.4,CLOSED
PING-10606,SHP-1106,6,2026-03-10 06:13:00,61,4.23,36.51,2.4,CLOSED
PING-10607,SHP-1106,7,2026-03-10 06:53:00,0,8.09,36.04,4.8,OPEN
PING-10608,SHP-1106,8,2026-03-10 07:36:00,48,6.89,34.67,2.4,CLOSED
PING-10609,SHP-1106,9,2026-03-10 08:34:00,55,5.69,34.29,2.4,CLOSED
PING-10610,SHP-1106,10,2026-03-10 09:20:00,55,4.49,33.55,2.4,CLOSED
PING-10611,SHP-1106,11,2026-03-10 10:03:00,63,4.52,35.32,2.4,CLOSED
PING-10612,SHP-1106,12,2026-03-10 10:49:00,76,3.32,35.44,2.4,CLOSED
PING-10701,SHP-1107,1,2026-03-10 04:00:00,49,3.6,35.1,2.4,CLOSED
PING-10702,SHP-1107,2,2026-03-10 04:47:00,51,3.35,39.31,2.4,CLOSED
PING-10703,SHP-1107,3,2026-03-10 05:46:00,0,6.13,39.2,4.8,OPEN
PING-10704,SHP-1107,4,2026-03-10 06:34:00,53,4.93,37.98,2.4,CLOSED
PING-10705,SHP-1107,5,2026-03-10 07:25:00,77,3.73,35.58,2.4,CLOSED
PING-10706,SHP-1107,6,2026-03-10 08:16:00,48,3.46,34.14,2.4,CLOSED
PING-10707,SHP-1107,7,2026-03-10 09:15:00,0,7.35,38.45,4.8,OPEN
PING-10708,SHP-1107,8,2026-03-10 10:02:00,54,6.15,34.95,2.4,CLOSED
PING-10709,SHP-1107,9,2026-03-10 10:44:00,57,4.95,38.28,2.4,CLOSED
PING-10710,SHP-1107,10,2026-03-10 11:32:00,47,3.75,34.22,2.4,CLOSED
PING-10711,SHP-1107,11,2026-03-10 12:09:00,75,3.7,37.63,2.4,CLOSED
PING-10712,SHP-1107,12,2026-03-10 13:04:00,56,3.68,34.72,2.4,CLOSED
PING-10801,SHP-1108,1,2026-03-10 06:00:00,59,2.55,33.91,2.4,CLOSED
PING-10802,SHP-1108,2,2026-03-10 06:49:00,54,2.64,35.31,2.4,CLOSED
PING-10803,SHP-1108,3,2026-03-10 07:30:00,0,5.4,33.66,4.8,OPEN
PING-10804,SHP-1108,4,2026-03-10 08:27:00,45,4.2,37.63,2.4,CLOSED
PING-10805,SHP-1108,5,2026-03-10 09:16:00,55,3.0,36.76,2.4,CLOSED
PING-10806,SHP-1108,6,2026-03-10 10:03:00,48,3.0,34.92,2.4,CLOSED
PING-10807,SHP-1108,7,2026-03-10 10:44:00,0,4.84,34.76,4.8,OPEN
PING-10808,SHP-1108,8,2026-03-10 11:21:00,53,3.64,33.29,2.4,CLOSED
PING-10901,SHP-1109,1,2026-03-10 08:00:00,70,3.33,43.2,2.4,CLOSED
PING-10902,SHP-1109,2,2026-03-10 08:38:00,57,3.25,39.61,2.4,CLOSED
PING-10903,SHP-1109,3,2026-03-10 09:32:00,0,6.89,39.83,4.8,OPEN
PING-10904,SHP-1109,4,2026-03-10 10:16:00,48,5.69,42.24,2.4,CLOSED
PING-10905,SHP-1109,5,2026-03-10 10:54:00,77,4.49,43.07,2.4,CLOSED
PING-10906,SHP-1109,6,2026-03-10 11:38:00,75,4.54,41.83,2.4,CLOSED
PING-10907,SHP-1109,7,2026-03-10 12:17:00,0,7.32,43.42,4.8,OPEN
PING-10908,SHP-1109,8,2026-03-10 13:08:00,66,6.12,43.55,2.4,CLOSED
PING-11001,SHP-1110,1,2026-03-10 10:00:00,48,-19.9,34.82,2.4,CLOSED
PING-11002,SHP-1110,2,2026-03-10 10:38:00,72,-19.62,32.89,2.4,CLOSED
PING-11003,SHP-1110,3,2026-03-10 11:37:00,55,-19.86,33.65,2.4,CLOSED
PING-11004,SHP-1110,4,2026-03-10 12:20:00,47,-19.6,33.16,2.4,CLOSED
PING-11005,SHP-1110,5,2026-03-10 13:09:00,53,-19.51,32.15,2.4,CLOSED
PING-11006,SHP-1110,6,2026-03-10 14:05:00,72,-19.69,33.23,2.4,CLOSED
PING-11007,SHP-1110,7,2026-03-10 14:59:00,51,-19.56,33.27,2.4,CLOSED
PING-11008,SHP-1110,8,2026-03-10 15:55:00,76,-19.6,32.63,2.4,CLOSED
PING-11009,SHP-1110,9,2026-03-10 16:33:00,76,-19.67,31.9,2.4,CLOSED
PING-11010,SHP-1110,10,2026-03-10 17:29:00,56,-19.44,30.6,2.4,CLOSED
PING-11011,SHP-1110,11,2026-03-10 18:22:00,70,-19.55,32.57,2.4,CLOSED
PING-11012,SHP-1110,12,2026-03-10 19:09:00,57,-19.38,32.58,2.4,CLOSED
PING-11101,SHP-1111,1,2026-03-10 12:00:00,60,3.81,35.44,2.4,CLOSED
PING-11102,SHP-1111,2,2026-03-10 12:35:00,62,3.94,37.95,2.4,CLOSED
PING-11103,SHP-1111,3,2026-03-10 13:16:00,0,7.68,36.08,4.8,OPEN
PING-11104,SHP-1111,4,2026-03-10 13:55:00,60,6.48,36.72,2.4,CLOSED
PING-11105,SHP-1111,5,2026-03-10 14:36:00,66,5.28,38.73,2.4,CLOSED
PING-11106,SHP-1111,6,2026-03-10 15:31:00,58,4.08,35.55,2.4,CLOSED
PING-11107,SHP-1111,7,2026-03-10 16:12:00,0,8.43,38.43,4.8,OPEN
PING-11108,SHP-1111,8,2026-03-10 17:04:00,45,7.23,38.0,2.4,CLOSED
PING-11201,SHP-1112,1,2026-03-10 14:00:00,69,3.49,38.83,2.4,CLOSED
PING-11202,SHP-1112,2,2026-03-10 14:59:00,64,3.72,37.2,2.4,CLOSED
PING-11203,SHP-1112,3,2026-03-10 15:34:00,60,3.57,37.74,2.4,CLOSED
PING-11204,SHP-1112,4,2026-03-10 16:22:00,54,3.72,37.39,2.4,CLOSED
PING-11205,SHP-1112,5,2026-03-10 16:59:00,69,3.67,38.09,2.4,CLOSED
PING-11206,SHP-1112,6,2026-03-10 17:58:00,61,3.54,36.09,2.4,CLOSED
PING-11207,SHP-1112,7,2026-03-10 18:44:00,67,3.75,39.13,2.4,CLOSED
PING-11208,SHP-1112,8,2026-03-10 19:24:00,46,3.97,39.17,2.4,CLOSED
PING-11209,SHP-1112,9,2026-03-10 20:07:00,61,3.86,39.45,2.4,CLOSED
PING-11210,SHP-1112,10,2026-03-10 20:43:00,73,3.77,36.46,2.4,CLOSED
PING-11301,SHP-1113,1,2026-03-10 16:00:00,63,4.26,38.33,2.4,CLOSED
PING-11302,SHP-1113,2,2026-03-10 16:38:00,53,4.28,37.82,2.4,CLOSED
PING-11303,SHP-1113,3,2026-03-10 17:31:00,0,6.16,40.97,4.8,OPEN
PING-11304,SHP-1113,4,2026-03-10 18:19:00,76,4.96,40.36,2.4,CLOSED
PING-11305,SHP-1113,5,2026-03-10 18:55:00,72,4.99,43.18,2.4,CLOSED
PING-11306,SHP-1113,6,2026-03-10 19:40:00,74,4.88,38.75,2.4,CLOSED
PING-11307,SHP-1113,7,2026-03-10 20:30:00,0,7.73,37.93,4.8,OPEN
PING-11308,SHP-1113,8,2026-03-10 21:13:00,53,6.53,41.47,2.4,CLOSED
PING-11401,SHP-1114,1,2026-03-10 18:00:00,77,3.33,39.06,2.4,CLOSED
PING-11402,SHP-1114,2,2026-03-10 18:41:00,72,3.33,39.34,2.4,CLOSED
PING-11403,SHP-1114,3,2026-03-10 19:22:00,0,5.3,42.32,4.8,OPEN
PING-11404,SHP-1114,4,2026-03-10 20:02:00,57,4.1,40.88,2.4,CLOSED
PING-11405,SHP-1114,5,2026-03-10 20:59:00,49,4.05,41.32,2.4,CLOSED
PING-11406,SHP-1114,6,2026-03-10 21:58:00,77,4.11,43.07,2.4,CLOSED
PING-11407,SHP-1114,7,2026-03-10 22:33:00,0,7.62,40.02,4.8,OPEN
PING-11408,SHP-1114,8,2026-03-10 23:21:00,54,6.42,40.36,2.4,CLOSED
PING-11409,SHP-1114,9,2026-03-11 00:19:00,51,5.22,43.25,2.4,CLOSED
PING-11410,SHP-1114,10,2026-03-11 00:54:00,47,4.02,43.14,2.4,CLOSED
PING-11501,SHP-1115,1,2026-03-10 20:00:00,74,2.4,33.58,2.4,CLOSED
PING-11502,SHP-1115,2,2026-03-10 20:50:00,71,2.21,36.37,2.4,CLOSED
PING-11503,SHP-1115,3,2026-03-10 21:31:00,47,2.21,34.13,2.4,CLOSED
PING-11504,SHP-1115,4,2026-03-10 22:18:00,59,2.0,32.89,2.4,CLOSED
PING-11505,SHP-1115,5,2026-03-10 23:06:00,45,2.05,35.24,2.4,CLOSED
PING-11506,SHP-1115,6,2026-03-10 23:58:00,46,1.97,35.2,2.4,CLOSED
PING-11507,SHP-1115,7,2026-03-11 00:56:00,55,1.81,32.06,2.4,CLOSED
PING-11508,SHP-1115,8,2026-03-11 01:45:00,56,1.6,34.88,2.4,CLOSED
PING-11601,SHP-1116,1,2026-03-10 22:00:00,71,2.95,36.19,2.4,CLOSED
PING-11602,SHP-1116,2,2026-03-10 22:42:00,73,2.88,37.81,2.4,CLOSED
PING-11603,SHP-1116,3,2026-03-10 23:23:00,0,4.99,35.08,4.8,OPEN
PING-11604,SHP-1116,4,2026-03-11 00:21:00,64,3.79,36.62,2.4,CLOSED
PING-11605,SHP-1116,5,2026-03-11 01:10:00,71,3.71,36.57,2.4,CLOSED
PING-11606,SHP-1116,6,2026-03-11 01:47:00,62,3.49,38.84,2.4,CLOSED
PING-11607,SHP-1116,7,2026-03-11 02:29:00,0,7.55,37.89,4.8,OPEN
PING-11608,SHP-1116,8,2026-03-11 03:10:00,46,6.35,34.25,2.4,CLOSED
PING-11701,SHP-1117,1,2026-03-11 00:00:00,47,3.88,36.4,2.4,CLOSED
PING-11702,SHP-1117,2,2026-03-11 00:53:00,61,4.06,38.85,2.4,CLOSED
PING-11703,SHP-1117,3,2026-03-11 01:34:00,0,6.93,38.87,4.8,OPEN
PING-11704,SHP-1117,4,2026-03-11 02:31:00,67,5.73,38.65,2.4,CLOSED
PING-11705,SHP-1117,5,2026-03-11 03:08:00,73,4.53,35.69,2.4,CLOSED
PING-11706,SHP-1117,6,2026-03-11 03:47:00,52,3.33,36.23,2.4,CLOSED
PING-11707,SHP-1117,7,2026-03-11 04:28:00,0,5.96,34.67,4.8,OPEN
PING-11708,SHP-1117,8,2026-03-11 05:10:00,63,4.76,36.36,2.4,CLOSED
PING-11801,SHP-1118,1,2026-03-11 02:00:00,62,2.41,28.84,2.4,CLOSED
PING-11802,SHP-1118,2,2026-03-11 02:45:00,67,2.29,27.07,2.4,CLOSED
PING-11803,SHP-1118,3,2026-03-11 03:39:00,0,6.18,28.21,4.8,OPEN
PING-11804,SHP-1118,4,2026-03-11 04:21:00,54,4.98,28.58,2.4,CLOSED
PING-11805,SHP-1118,5,2026-03-11 05:13:00,56,3.78,29.29,2.4,CLOSED
PING-11806,SHP-1118,6,2026-03-11 05:57:00,55,2.58,26.07,2.4,CLOSED
PING-11807,SHP-1118,7,2026-03-11 06:32:00,0,4.97,28.17,4.8,OPEN
PING-11808,SHP-1118,8,2026-03-11 07:28:00,71,3.77,27.4,2.4,CLOSED
PING-11901,SHP-1119,1,2026-03-11 04:00:00,73,3.14,39.29,2.4,CLOSED
PING-11902,SHP-1119,2,2026-03-11 04:35:00,58,2.85,37.53,2.4,CLOSED
PING-11903,SHP-1119,3,2026-03-11 05:26:00,0,6.49,37.66,4.8,OPEN
PING-11904,SHP-1119,4,2026-03-11 06:23:00,59,5.29,37.47,2.4,CLOSED
PING-11905,SHP-1119,5,2026-03-11 07:17:00,71,4.09,40.2,2.4,CLOSED
PING-11906,SHP-1119,6,2026-03-11 08:13:00,74,4.23,39.07,2.4,CLOSED
PING-11907,SHP-1119,7,2026-03-11 09:06:00,0,8.63,40.67,4.8,OPEN
PING-11908,SHP-1119,8,2026-03-11 09:43:00,62,7.43,39.91,2.4,CLOSED
PING-11909,SHP-1119,9,2026-03-11 10:22:00,76,6.23,37.65,2.4,CLOSED
PING-11910,SHP-1119,10,2026-03-11 11:01:00,75,5.03,39.24,2.4,CLOSED
PING-12001,SHP-1120,1,2026-03-11 06:00:00,63,3.67,42.39,2.4,CLOSED
PING-12002,SHP-1120,2,2026-03-11 06:41:00,70,3.61,44.28,2.4,CLOSED
PING-12003,SHP-1120,3,2026-03-11 07:37:00,58,3.65,40.93,2.4,CLOSED
PING-12004,SHP-1120,4,2026-03-11 08:15:00,67,3.41,40.53,2.4,CLOSED
PING-12005,SHP-1120,5,2026-03-11 08:56:00,51,3.71,39.91,2.4,CLOSED
PING-12006,SHP-1120,6,2026-03-11 09:33:00,65,3.76,41.11,2.4,CLOSED
PING-12007,SHP-1120,7,2026-03-11 10:21:00,71,3.93,44.37,2.4,CLOSED
PING-12008,SHP-1120,8,2026-03-11 11:16:00,50,3.97,39.65,2.4,CLOSED
PING-12009,SHP-1120,9,2026-03-11 11:52:00,71,4.07,41.9,2.4,CLOSED
PING-12010,SHP-1120,10,2026-03-11 12:28:00,75,4.09,42.39,2.4,CLOSED
PING-12101,SHP-1121,1,2026-03-11 08:00:00,69,2.7,39.31,2.4,CLOSED
PING-12102,SHP-1121,2,2026-03-11 08:43:00,55,2.9,39.27,2.4,CLOSED
PING-12103,SHP-1121,3,2026-03-11 09:28:00,0,6.92,38.86,4.8,OPEN
PING-12104,SHP-1121,4,2026-03-11 10:12:00,67,5.72,39.79,2.4,CLOSED
PING-12105,SHP-1121,5,2026-03-11 10:49:00,61,4.52,40.53,2.4,CLOSED
PING-12106,SHP-1121,6,2026-03-11 11:48:00,65,3.32,38.52,2.4,CLOSED
PING-12107,SHP-1121,7,2026-03-11 12:28:00,0,7.39,40.96,4.8,OPEN
PING-12108,SHP-1121,8,2026-03-11 13:08:00,51,6.19,40.41,2.4,CLOSED
PING-12201,SHP-1122,1,2026-03-11 10:00:00,72,3.61,36.08,2.4,CLOSED
PING-12202,SHP-1122,2,2026-03-11 10:51:00,60,3.62,38.01,2.4,CLOSED
PING-12203,SHP-1122,3,2026-03-11 11:44:00,48,3.61,34.05,2.4,CLOSED
PING-12204,SHP-1122,4,2026-03-11 12:39:00,60,3.63,37.16,2.4,CLOSED
PING-12205,SHP-1122,5,2026-03-11 13:35:00,70,3.71,37.63,2.4,CLOSED
PING-12206,SHP-1122,6,2026-03-11 14:18:00,71,3.57,35.49,2.4,CLOSED
PING-12207,SHP-1122,7,2026-03-11 15:15:00,46,3.31,38.52,2.4,CLOSED
PING-12208,SHP-1122,8,2026-03-11 16:06:00,69,3.24,37.12,2.4,CLOSED
PING-12209,SHP-1122,9,2026-03-11 16:54:00,71,3.0,38.18,2.4,CLOSED
PING-12210,SHP-1122,10,2026-03-11 17:33:00,73,3.21,36.44,2.4,CLOSED
PING-12211,SHP-1122,11,2026-03-11 18:24:00,54,3.14,37.39,2.4,CLOSED
PING-12212,SHP-1122,12,2026-03-11 19:20:00,61,3.23,34.29,2.4,CLOSED
PING-12301,SHP-1123,1,2026-03-11 12:00:00,68,4.14,33.72,2.4,CLOSED
PING-12302,SHP-1123,2,2026-03-11 12:48:00,76,4.08,31.99,2.4,CLOSED
PING-12303,SHP-1123,3,2026-03-11 13:30:00,72,3.86,30.45,2.4,CLOSED
PING-12304,SHP-1123,4,2026-03-11 14:21:00,51,3.84,31.77,2.4,CLOSED
PING-12305,SHP-1123,5,2026-03-11 14:57:00,63,3.79,30.86,2.4,CLOSED
PING-12306,SHP-1123,6,2026-03-11 15:50:00,70,3.99,28.67,2.4,CLOSED
PING-12307,SHP-1123,7,2026-03-11 16:29:00,75,4.01,33.05,2.4,CLOSED
PING-12308,SHP-1123,8,2026-03-11 17:25:00,59,3.89,31.05,2.4,CLOSED
PING-12309,SHP-1123,9,2026-03-11 18:03:00,76,3.61,29.78,2.4,CLOSED
PING-12310,SHP-1123,10,2026-03-11 18:43:00,75,3.36,31.65,2.4,CLOSED
PING-12401,SHP-1124,1,2026-03-11 14:00:00,74,-19.93,30.65,2.4,CLOSED
PING-12402,SHP-1124,2,2026-03-11 14:53:00,73,-20.04,33.25,2.4,CLOSED
PING-12403,SHP-1124,3,2026-03-11 15:38:00,69,-20.29,32.79,2.4,CLOSED
PING-12404,SHP-1124,4,2026-03-11 16:13:00,71,-20.58,30.83,2.4,CLOSED
PING-12405,SHP-1124,5,2026-03-11 17:03:00,73,-20.61,34.44,2.4,CLOSED
PING-12406,SHP-1124,6,2026-03-11 18:02:00,73,-20.82,30.86,2.4,CLOSED
PING-12407,SHP-1124,7,2026-03-11 18:51:00,45,-20.82,34.53,2.4,CLOSED
PING-12408,SHP-1124,8,2026-03-11 19:27:00,70,-20.71,33.77,2.4,CLOSED
PING-12501,SHP-1125,1,2026-03-11 16:00:00,62,4.05,31.42,2.4,CLOSED
PING-12502,SHP-1125,2,2026-03-11 16:35:00,52,4.33,35.78,2.4,CLOSED
PING-12503,SHP-1125,3,2026-03-11 17:11:00,0,8.53,36.16,4.8,OPEN
PING-12504,SHP-1125,4,2026-03-11 18:00:00,45,7.33,32.77,2.4,CLOSED
PING-12505,SHP-1125,5,2026-03-11 18:45:00,60,6.13,32.99,2.4,CLOSED
PING-12506,SHP-1125,6,2026-03-11 19:20:00,64,4.93,34.23,2.4,CLOSED
PING-12507,SHP-1125,7,2026-03-11 20:02:00,0,6.83,36.82,4.8,OPEN
PING-12508,SHP-1125,8,2026-03-11 20:49:00,69,5.63,33.84,2.4,CLOSED
PING-12509,SHP-1125,9,2026-03-11 21:25:00,55,4.43,33.11,2.4,CLOSED
PING-12510,SHP-1125,10,2026-03-11 22:20:00,54,4.52,36.67,2.4,CLOSED
PING-12601,SHP-1126,1,2026-03-11 18:00:00,62,-19.9,38.97,2.4,CLOSED
PING-12602,SHP-1126,2,2026-03-11 18:45:00,47,-19.91,35.66,2.4,CLOSED
PING-12603,SHP-1126,3,2026-03-11 19:28:00,54,-19.64,36.66,2.4,CLOSED
PING-12604,SHP-1126,4,2026-03-11 20:19:00,61,-19.84,38.19,2.4,CLOSED
PING-12605,SHP-1126,5,2026-03-11 21:15:00,67,-19.76,34.82,2.4,CLOSED
PING-12606,SHP-1126,6,2026-03-11 22:13:00,70,-19.98,35.59,2.4,CLOSED
PING-12607,SHP-1126,7,2026-03-11 23:11:00,69,-19.85,35.33,2.4,CLOSED
PING-12608,SHP-1126,8,2026-03-11 23:57:00,70,-19.78,34.7,2.4,CLOSED
PING-12609,SHP-1126,9,2026-03-12 00:56:00,53,-19.55,38.66,2.4,CLOSED
PING-12610,SHP-1126,10,2026-03-12 01:43:00,55,-19.57,37.33,2.4,CLOSED
PING-12611,SHP-1126,11,2026-03-12 02:36:00,65,-19.62,37.98,2.4,CLOSED
PING-12612,SHP-1126,12,2026-03-12 03:28:00,73,-19.89,36.65,2.4,CLOSED
PING-12701,SHP-1127,1,2026-03-11 20:00:00,64,3.41,32.28,2.4,CLOSED
PING-12702,SHP-1127,2,2026-03-11 20:47:00,50,3.41,33.67,2.4,CLOSED
PING-12703,SHP-1127,3,2026-03-11 21:35:00,0,5.55,33.41,4.8,OPEN
PING-12704,SHP-1127,4,2026-03-11 22:33:00,76,4.35,31.23,2.4,CLOSED
PING-12705,SHP-1127,5,2026-03-11 23:11:00,48,4.36,34.34,2.4,CLOSED
PING-12706,SHP-1127,6,2026-03-11 23:50:00,58,4.21,31.31,2.4,CLOSED
PING-12707,SHP-1127,7,2026-03-12 00:44:00,0,7.2,30.14,4.8,OPEN
PING-12708,SHP-1127,8,2026-03-12 01:25:00,61,6.0,30.01,2.4,CLOSED
PING-12709,SHP-1127,9,2026-03-12 02:15:00,63,4.8,33.13,2.4,CLOSED
PING-12710,SHP-1127,10,2026-03-12 03:13:00,75,3.6,34.4,2.4,CLOSED
PING-12801,SHP-1128,1,2026-03-11 22:00:00,62,3.6,26.82,2.4,CLOSED
PING-12802,SHP-1128,2,2026-03-11 22:36:00,73,3.7,26.16,2.4,CLOSED
PING-12803,SHP-1128,3,2026-03-11 23:31:00,75,3.91,26.72,2.4,CLOSED
PING-12804,SHP-1128,4,2026-03-12 00:28:00,63,3.8,25.54,2.4,CLOSED
PING-12805,SHP-1128,5,2026-03-12 01:04:00,59,3.93,26.67,2.4,CLOSED
PING-12806,SHP-1128,6,2026-03-12 01:43:00,45,4.03,29.69,2.4,CLOSED
PING-12807,SHP-1128,7,2026-03-12 02:19:00,57,3.84,27.93,2.4,CLOSED
PING-12808,SHP-1128,8,2026-03-12 03:02:00,76,3.73,28.79,2.4,CLOSED
PING-12809,SHP-1128,9,2026-03-12 03:37:00,73,3.69,26.92,2.4,CLOSED
PING-12810,SHP-1128,10,2026-03-12 04:14:00,64,3.85,28.4,2.4,CLOSED
PING-12901,SHP-1129,1,2026-03-12 00:00:00,74,3.31,28.26,2.4,CLOSED
PING-12902,SHP-1129,2,2026-03-12 00:57:00,54,3.51,32.38,2.4,CLOSED
PING-12903,SHP-1129,3,2026-03-12 01:32:00,62,3.79,29.71,2.4,CLOSED
PING-12904,SHP-1129,4,2026-03-12 02:16:00,77,3.53,28.26,2.4,CLOSED
PING-12905,SHP-1129,5,2026-03-12 03:07:00,76,3.5,29.39,2.4,CLOSED
PING-12906,SHP-1129,6,2026-03-12 03:55:00,68,3.49,28.41,2.4,CLOSED
PING-12907,SHP-1129,7,2026-03-12 04:34:00,69,3.32,29.08,2.4,CLOSED
PING-12908,SHP-1129,8,2026-03-12 05:23:00,73,3.15,33.22,2.4,CLOSED
PING-13001,SHP-1130,1,2026-03-12 02:00:00,77,3.39,30.98,2.4,CLOSED
PING-13002,SHP-1130,2,2026-03-12 02:39:00,68,3.62,28.28,2.4,CLOSED
PING-13003,SHP-1130,3,2026-03-12 03:27:00,0,7.63,28.42,4.8,OPEN
PING-13004,SHP-1130,4,2026-03-12 04:11:00,61,6.43,28.97,2.4,CLOSED
PING-13005,SHP-1130,5,2026-03-12 04:50:00,74,5.23,29.49,2.4,CLOSED
PING-13006,SHP-1130,6,2026-03-12 05:40:00,48,4.03,29.1,2.4,CLOSED
PING-13007,SHP-1130,7,2026-03-12 06:18:00,0,6.03,28.68,4.8,OPEN
PING-13008,SHP-1130,8,2026-03-12 07:03:00,64,4.83,26.27,2.4,CLOSED
PING-13101,SHP-1131,1,2026-03-12 04:00:00,61,3.2,28.24,2.4,CLOSED
PING-13102,SHP-1131,2,2026-03-12 04:47:00,55,3.2,25.41,2.4,CLOSED
PING-13103,SHP-1131,3,2026-03-12 05:24:00,0,6.13,26.98,4.8,OPEN
PING-13104,SHP-1131,4,2026-03-12 06:11:00,55,4.93,28.8,2.4,CLOSED
PING-13105,SHP-1131,5,2026-03-12 07:07:00,54,3.73,26.08,2.4,CLOSED
PING-13106,SHP-1131,6,2026-03-12 07:44:00,59,3.8,26.05,2.4,CLOSED
PING-13107,SHP-1131,7,2026-03-12 08:35:00,0,5.99,28.07,4.8,OPEN
PING-13108,SHP-1131,8,2026-03-12 09:23:00,69,4.79,25.32,2.4,CLOSED
PING-13109,SHP-1131,9,2026-03-12 10:20:00,68,3.59,26.21,2.4,CLOSED
PING-13110,SHP-1131,10,2026-03-12 10:59:00,71,3.55,29.66,2.4,CLOSED
PING-13111,SHP-1131,11,2026-03-12 11:47:00,45,3.77,25.21,2.4,CLOSED
PING-13112,SHP-1131,12,2026-03-12 12:44:00,59,3.94,29.16,2.4,CLOSED
PING-13201,SHP-1132,1,2026-03-12 06:00:00,63,2.37,30.14,2.4,CLOSED
PING-13202,SHP-1132,2,2026-03-12 06:55:00,68,2.57,26.96,2.4,CLOSED
PING-13203,SHP-1132,3,2026-03-12 07:38:00,0,5.17,25.47,4.8,OPEN
PING-13204,SHP-1132,4,2026-03-12 08:27:00,68,3.97,30.06,2.4,CLOSED
PING-13205,SHP-1132,5,2026-03-12 09:05:00,62,2.77,25.4,2.4,CLOSED
PING-13206,SHP-1132,6,2026-03-12 09:42:00,68,2.5,25.81,2.4,CLOSED
PING-13207,SHP-1132,7,2026-03-12 10:34:00,0,4.95,30.19,4.8,OPEN
PING-13208,SHP-1132,8,2026-03-12 11:29:00,76,3.75,30.22,2.4,CLOSED
PING-13301,SHP-1133,1,2026-03-12 08:00:00,61,-20.42,29.95,2.4,CLOSED
PING-13302,SHP-1133,2,2026-03-12 08:54:00,56,-20.43,27.68,2.4,CLOSED
PING-13303,SHP-1133,3,2026-03-12 09:47:00,55,-20.26,28.63,2.4,CLOSED
PING-13304,SHP-1133,4,2026-03-12 10:38:00,75,-19.98,29.0,2.4,CLOSED
PING-13305,SHP-1133,5,2026-03-12 11:31:00,72,-20.12,27.01,2.4,CLOSED
PING-13306,SHP-1133,6,2026-03-12 12:12:00,72,-20.19,25.48,2.4,CLOSED
PING-13307,SHP-1133,7,2026-03-12 12:58:00,46,-20.19,25.74,2.4,CLOSED
PING-13308,SHP-1133,8,2026-03-12 13:53:00,54,-19.99,29.47,2.4,CLOSED
PING-13401,SHP-1134,1,2026-03-12 10:00:00,68,3.9,30.29,2.4,CLOSED
PING-13402,SHP-1134,2,2026-03-12 10:57:00,46,4.15,32.05,2.4,CLOSED
PING-13403,SHP-1134,3,2026-03-12 11:32:00,0,6.9,30.52,4.8,OPEN
PING-13404,SHP-1134,4,2026-03-12 12:10:00,69,5.7,27.59,2.4,CLOSED
PING-13405,SHP-1134,5,2026-03-12 12:49:00,64,4.5,31.47,2.4,CLOSED
PING-13406,SHP-1134,6,2026-03-12 13:46:00,67,4.62,29.71,2.4,CLOSED
PING-13407,SHP-1134,7,2026-03-12 14:21:00,0,6.73,30.48,4.8,OPEN
PING-13408,SHP-1134,8,2026-03-12 15:12:00,58,5.53,31.56,2.4,CLOSED
PING-13409,SHP-1134,9,2026-03-12 16:00:00,47,4.33,28.6,2.4,CLOSED
PING-13410,SHP-1134,10,2026-03-12 16:55:00,74,4.46,28.19,2.4,CLOSED
PING-13501,SHP-1135,1,2026-03-12 12:00:00,55,3.27,30.41,2.4,CLOSED
PING-13502,SHP-1135,2,2026-03-12 12:59:00,73,3.23,29.43,2.4,CLOSED
PING-13503,SHP-1135,3,2026-03-12 13:37:00,0,6.83,29.14,4.8,OPEN
PING-13504,SHP-1135,4,2026-03-12 14:28:00,74,5.63,28.74,2.4,CLOSED
PING-13505,SHP-1135,5,2026-03-12 15:25:00,69,4.43,29.01,2.4,CLOSED
PING-13506,SHP-1135,6,2026-03-12 16:15:00,77,4.33,29.99,2.4,CLOSED
PING-13507,SHP-1135,7,2026-03-12 16:51:00,0,6.98,29.75,4.8,OPEN
PING-13508,SHP-1135,8,2026-03-12 17:27:00,45,5.78,28.8,2.4,CLOSED
PING-13509,SHP-1135,9,2026-03-12 18:10:00,59,4.58,27.76,2.4,CLOSED
PING-13510,SHP-1135,10,2026-03-12 18:49:00,67,3.38,29.15,2.4,CLOSED
PING-13601,SHP-1136,1,2026-03-12 14:00:00,56,3.88,40.72,2.4,CLOSED
PING-13602,SHP-1136,2,2026-03-12 14:49:00,62,4.11,39.34,2.4,CLOSED
PING-13603,SHP-1136,3,2026-03-12 15:38:00,0,7.86,41.8,4.8,OPEN
PING-13604,SHP-1136,4,2026-03-12 16:14:00,46,6.66,41.65,2.4,CLOSED
PING-13605,SHP-1136,5,2026-03-12 17:02:00,65,5.46,39.14,2.4,CLOSED
PING-13606,SHP-1136,6,2026-03-12 17:39:00,70,4.26,40.6,2.4,CLOSED
PING-13607,SHP-1136,7,2026-03-12 18:21:00,0,6.86,41.1,4.8,OPEN
PING-13608,SHP-1136,8,2026-03-12 18:57:00,74,5.66,37.9,2.4,CLOSED
PING-13701,SHP-1137,1,2026-03-12 16:00:00,47,-20.24,32.98,2.4,CLOSED
PING-13702,SHP-1137,2,2026-03-12 16:40:00,59,-19.99,33.15,2.4,CLOSED
PING-13703,SHP-1137,3,2026-03-12 17:28:00,45,-19.73,31.85,2.4,CLOSED
PING-13704,SHP-1137,4,2026-03-12 18:25:00,48,-19.95,30.07,2.4,CLOSED
PING-13705,SHP-1137,5,2026-03-12 19:23:00,62,-19.92,28.51,2.4,CLOSED
PING-13706,SHP-1137,6,2026-03-12 19:58:00,47,-19.73,31.22,2.4,CLOSED
PING-13707,SHP-1137,7,2026-03-12 20:55:00,66,-19.9,28.16,2.4,CLOSED
PING-13708,SHP-1137,8,2026-03-12 21:45:00,69,-20.1,29.39,2.4,CLOSED
PING-13709,SHP-1137,9,2026-03-12 22:31:00,50,-20.04,31.81,2.4,CLOSED
PING-13710,SHP-1137,10,2026-03-12 23:13:00,50,-19.94,31.51,2.4,CLOSED
PING-13711,SHP-1137,11,2026-03-12 23:51:00,53,-19.98,31.85,2.4,CLOSED
PING-13712,SHP-1137,12,2026-03-13 00:32:00,74,-19.75,28.81,2.4,CLOSED
PING-13801,SHP-1138,1,2026-03-12 18:00:00,46,3.49,36.79,2.4,CLOSED
PING-13802,SHP-1138,2,2026-03-12 18:35:00,61,3.76,33.83,2.4,CLOSED
PING-13803,SHP-1138,3,2026-03-12 19:33:00,64,3.47,34.97,2.4,CLOSED
PING-13804,SHP-1138,4,2026-03-12 20:13:00,66,3.43,35.95,2.4,CLOSED
PING-13805,SHP-1138,5,2026-03-12 20:48:00,50,3.69,33.23,2.4,CLOSED
PING-13806,SHP-1138,6,2026-03-12 21:29:00,49,3.41,37.37,2.4,CLOSED
PING-13807,SHP-1138,7,2026-03-12 22:11:00,48,3.18,35.91,2.4,CLOSED
PING-13808,SHP-1138,8,2026-03-12 23:07:00,45,3.03,33.18,2.4,CLOSED
PING-13901,SHP-1139,1,2026-03-12 20:00:00,62,3.47,37.59,2.4,CLOSED
PING-13902,SHP-1139,2,2026-03-12 20:40:00,72,3.71,36.54,2.4,CLOSED
PING-13903,SHP-1139,3,2026-03-12 21:25:00,0,6.13,37.96,4.8,OPEN
PING-13904,SHP-1139,4,2026-03-12 22:03:00,67,4.93,38.58,2.4,CLOSED
PING-13905,SHP-1139,5,2026-03-12 22:43:00,73,3.73,34.13,2.4,CLOSED
PING-13906,SHP-1139,6,2026-03-12 23:40:00,66,3.5,35.33,2.4,CLOSED
PING-13907,SHP-1139,7,2026-03-13 00:35:00,0,6.63,34.69,4.8,OPEN
PING-13908,SHP-1139,8,2026-03-13 01:24:00,58,5.43,37.59,2.4,CLOSED
PING-13909,SHP-1139,9,2026-03-13 02:21:00,58,4.23,35.54,2.4,CLOSED
PING-13910,SHP-1139,10,2026-03-13 02:56:00,58,4.27,36.01,2.4,CLOSED
PING-14001,SHP-1140,1,2026-03-12 22:00:00,76,4.12,41.19,2.4,CLOSED
PING-14002,SHP-1140,2,2026-03-12 22:49:00,54,4.32,38.95,2.4,CLOSED
PING-14003,SHP-1140,3,2026-03-12 23:41:00,74,4.31,43.94,2.4,CLOSED
PING-14004,SHP-1140,4,2026-03-13 00:25:00,58,4.26,40.33,2.4,CLOSED
PING-14005,SHP-1140,5,2026-03-13 01:19:00,60,4.42,38.79,2.4,CLOSED
PING-14006,SHP-1140,6,2026-03-13 02:01:00,71,4.3,39.02,2.4,CLOSED
PING-14007,SHP-1140,7,2026-03-13 02:56:00,69,4.4,40.92,2.4,CLOSED
PING-14008,SHP-1140,8,2026-03-13 03:47:00,70,4.47,41.0,2.4,CLOSED
PING-14009,SHP-1140,9,2026-03-13 04:33:00,48,4.56,40.94,2.4,CLOSED
PING-14010,SHP-1140,10,2026-03-13 05:32:00,55,4.28,40.27,2.4,CLOSED
PING-14101,SHP-1141,1,2026-03-13 00:00:00,75,3.74,34.58,2.4,CLOSED
PING-14102,SHP-1141,2,2026-03-13 00:58:00,64,3.48,33.36,2.4,CLOSED
PING-14103,SHP-1141,3,2026-03-13 01:55:00,0,6.66,36.73,4.8,OPEN
PING-14104,SHP-1141,4,2026-03-13 02:50:00,49,5.46,33.26,2.4,CLOSED
PING-14105,SHP-1141,5,2026-03-13 03:46:00,55,4.26,33.76,2.4,CLOSED
PING-14106,SHP-1141,6,2026-03-13 04:32:00,46,4.32,34.56,2.4,CLOSED
PING-14107,SHP-1141,7,2026-03-13 05:07:00,0,7.21,37.97,4.8,OPEN
PING-14108,SHP-1141,8,2026-03-13 06:06:00,66,6.01,33.94,2.4,CLOSED
PING-14201,SHP-1142,1,2026-03-13 02:00:00,48,3.71,29.33,2.4,CLOSED
PING-14202,SHP-1142,2,2026-03-13 02:40:00,74,3.68,28.4,2.4,CLOSED
PING-14203,SHP-1142,3,2026-03-13 03:33:00,48,3.79,32.9,2.4,CLOSED
PING-14204,SHP-1142,4,2026-03-13 04:22:00,69,3.71,29.25,2.4,CLOSED
PING-14205,SHP-1142,5,2026-03-13 05:14:00,72,3.43,30.29,2.4,CLOSED
PING-14206,SHP-1142,6,2026-03-13 06:04:00,67,3.26,32.08,2.4,CLOSED
PING-14207,SHP-1142,7,2026-03-13 06:50:00,60,3.33,32.75,2.4,CLOSED
PING-14208,SHP-1142,8,2026-03-13 07:37:00,71,3.54,30.09,2.4,CLOSED
PING-14301,SHP-1143,1,2026-03-13 04:00:00,48,4.13,28.34,2.4,CLOSED
PING-14302,SHP-1143,2,2026-03-13 04:35:00,49,4.35,25.15,2.4,CLOSED
PING-14303,SHP-1143,3,2026-03-13 05:14:00,67,4.63,28.86,2.4,CLOSED
PING-14304,SHP-1143,4,2026-03-13 05:58:00,52,4.53,27.09,2.4,CLOSED
PING-14305,SHP-1143,5,2026-03-13 06:46:00,53,4.61,29.67,2.4,CLOSED
PING-14306,SHP-1143,6,2026-03-13 07:25:00,45,4.89,27.1,2.4,CLOSED
PING-14307,SHP-1143,7,2026-03-13 08:08:00,63,4.86,26.85,2.4,CLOSED
PING-14308,SHP-1143,8,2026-03-13 08:53:00,67,5.0,29.03,2.4,CLOSED
PING-14309,SHP-1143,9,2026-03-13 09:34:00,64,5.07,26.48,2.4,CLOSED
PING-14310,SHP-1143,10,2026-03-13 10:21:00,55,3.87,25.23,2.4,CLOSED
PING-14401,SHP-1144,1,2026-03-13 06:00:00,76,3.64,29.34,2.4,CLOSED
PING-14402,SHP-1144,2,2026-03-13 06:59:00,51,3.6,27.78,2.4,CLOSED
PING-14403,SHP-1144,3,2026-03-13 07:51:00,0,5.73,28.66,4.8,OPEN
PING-14404,SHP-1144,4,2026-03-13 08:26:00,60,4.53,26.15,2.4,CLOSED
PING-14405,SHP-1144,5,2026-03-13 09:19:00,55,3.33,28.88,2.4,CLOSED
PING-14406,SHP-1144,6,2026-03-13 10:08:00,77,3.51,28.07,2.4,CLOSED
PING-14407,SHP-1144,7,2026-03-13 11:07:00,0,5.38,26.19,4.8,OPEN
PING-14408,SHP-1144,8,2026-03-13 11:44:00,53,4.18,28.94,2.4,CLOSED
PING-14409,SHP-1144,9,2026-03-13 12:19:00,63,4.19,27.42,2.4,CLOSED
PING-14410,SHP-1144,10,2026-03-13 13:05:00,49,4.36,26.04,2.4,CLOSED
PING-14501,SHP-1145,1,2026-03-13 08:00:00,58,2.6,28.39,2.4,CLOSED
PING-14502,SHP-1145,2,2026-03-13 08:59:00,58,2.38,26.73,2.4,CLOSED
PING-14503,SHP-1145,3,2026-03-13 09:43:00,46,2.3,27.85,2.4,CLOSED
PING-14504,SHP-1145,4,2026-03-13 10:28:00,71,2.12,28.49,2.4,CLOSED
PING-14505,SHP-1145,5,2026-03-13 11:15:00,66,2.0,25.66,2.4,CLOSED
PING-14506,SHP-1145,6,2026-03-13 11:55:00,46,2.14,24.6,2.4,CLOSED
PING-14507,SHP-1145,7,2026-03-13 12:30:00,47,1.93,29.56,2.4,CLOSED
PING-14508,SHP-1145,8,2026-03-13 13:12:00,52,1.72,29.23,2.4,CLOSED
PING-14509,SHP-1145,9,2026-03-13 14:00:00,73,1.64,26.25,2.4,CLOSED
PING-14510,SHP-1145,10,2026-03-13 14:43:00,57,1.46,25.82,2.4,CLOSED
PING-14511,SHP-1145,11,2026-03-13 15:34:00,64,1.33,24.44,2.4,CLOSED
PING-14512,SHP-1145,12,2026-03-13 16:13:00,75,1.27,26.15,2.4,CLOSED
PING-14601,SHP-1146,1,2026-03-13 10:00:00,64,3.17,31.64,2.4,CLOSED
PING-14602,SHP-1146,2,2026-03-13 10:54:00,45,3.12,28.0,2.4,CLOSED
PING-14603,SHP-1146,3,2026-03-13 11:42:00,48,3.01,28.72,2.4,CLOSED
PING-14604,SHP-1146,4,2026-03-13 12:23:00,48,3.26,26.55,2.4,CLOSED
PING-14605,SHP-1146,5,2026-03-13 12:58:00,66,3.16,30.3,2.4,CLOSED
PING-14606,SHP-1146,6,2026-03-13 13:44:00,56,3.27,29.95,2.4,CLOSED
PING-14607,SHP-1146,7,2026-03-13 14:20:00,71,3.2,30.7,2.4,CLOSED
PING-14608,SHP-1146,8,2026-03-13 15:12:00,53,3.02,31.76,2.4,CLOSED
PING-14609,SHP-1146,9,2026-03-13 15:49:00,49,2.83,28.08,2.4,CLOSED
PING-14610,SHP-1146,10,2026-03-13 16:29:00,60,2.83,31.24,2.4,CLOSED
PING-14611,SHP-1146,11,2026-03-13 17:04:00,64,2.72,29.61,2.4,CLOSED
PING-14612,SHP-1146,12,2026-03-13 17:51:00,47,2.91,30.77,2.4,CLOSED
PING-14701,SHP-1147,1,2026-03-13 12:00:00,48,3.62,33.12,2.4,CLOSED
PING-14702,SHP-1147,2,2026-03-13 12:55:00,76,3.82,34.1,2.4,CLOSED
PING-14703,SHP-1147,3,2026-03-13 13:35:00,0,5.67,32.9,4.8,OPEN
PING-14704,SHP-1147,4,2026-03-13 14:22:00,52,4.47,30.95,2.4,CLOSED
PING-14705,SHP-1147,5,2026-03-13 15:11:00,77,4.63,34.43,2.4,CLOSED
PING-14706,SHP-1147,6,2026-03-13 16:05:00,65,3.43,35.68,2.4,CLOSED
PING-14707,SHP-1147,7,2026-03-13 16:55:00,0,7.47,35.46,4.8,OPEN
PING-14708,SHP-1147,8,2026-03-13 17:53:00,57,6.27,30.69,2.4,CLOSED
PING-14709,SHP-1147,9,2026-03-13 18:32:00,46,5.07,30.84,2.4,CLOSED
PING-14710,SHP-1147,10,2026-03-13 19:11:00,56,3.87,33.25,2.4,CLOSED
PING-14801,SHP-1148,1,2026-03-13 14:00:00,46,3.34,39.43,2.4,CLOSED
PING-14802,SHP-1148,2,2026-03-13 14:56:00,59,3.1,40.7,2.4,CLOSED
PING-14803,SHP-1148,3,2026-03-13 15:51:00,0,6.17,39.6,4.8,OPEN
PING-14804,SHP-1148,4,2026-03-13 16:46:00,56,4.97,40.32,2.4,CLOSED
PING-14805,SHP-1148,5,2026-03-13 17:32:00,62,3.77,40.91,2.4,CLOSED
PING-14806,SHP-1148,6,2026-03-13 18:28:00,45,3.69,38.85,2.4,CLOSED
PING-14807,SHP-1148,7,2026-03-13 19:20:00,0,7.18,40.73,4.8,OPEN
PING-14808,SHP-1148,8,2026-03-13 20:16:00,59,5.98,35.76,2.4,CLOSED
PING-14809,SHP-1148,9,2026-03-13 21:02:00,67,4.78,38.75,2.4,CLOSED
PING-14810,SHP-1148,10,2026-03-13 21:50:00,60,3.58,37.03,2.4,CLOSED
PING-14811,SHP-1148,11,2026-03-13 22:31:00,50,3.58,37.28,2.4,CLOSED
PING-14812,SHP-1148,12,2026-03-13 23:14:00,47,3.63,39.97,2.4,CLOSED
PING-14901,SHP-1149,1,2026-03-13 16:00:00,45,2.29,37.1,2.4,CLOSED
PING-14902,SHP-1149,2,2026-03-13 16:47:00,59,2.22,41.16,2.4,CLOSED
PING-14903,SHP-1149,3,2026-03-13 17:30:00,49,2.19,36.03,2.4,CLOSED
PING-14904,SHP-1149,4,2026-03-13 18:24:00,70,2.23,36.59,2.4,CLOSED
PING-14905,SHP-1149,5,2026-03-13 19:13:00,52,2.08,35.83,2.4,CLOSED
PING-14906,SHP-1149,6,2026-03-13 19:51:00,48,1.97,41.19,2.4,CLOSED
PING-14907,SHP-1149,7,2026-03-13 20:33:00,51,1.75,39.0,2.4,CLOSED
PING-14908,SHP-1149,8,2026-03-13 21:09:00,76,1.97,37.13,2.4,CLOSED
PING-14909,SHP-1149,9,2026-03-13 21:55:00,66,1.68,38.05,2.4,CLOSED
PING-14910,SHP-1149,10,2026-03-13 22:36:00,66,1.5,38.06,2.4,CLOSED
PING-15001,SHP-1150,1,2026-03-13 18:00:00,65,2.07,39.92,2.4,CLOSED
PING-15002,SHP-1150,2,2026-03-13 18:37:00,46,1.78,34.91,2.4,CLOSED
PING-15003,SHP-1150,3,2026-03-13 19:34:00,67,1.91,37.49,2.4,CLOSED
PING-15004,SHP-1150,4,2026-03-13 20:28:00,57,1.7,37.32,2.4,CLOSED
PING-15005,SHP-1150,5,2026-03-13 21:05:00,55,1.65,34.82,2.4,CLOSED
PING-15006,SHP-1150,6,2026-03-13 21:43:00,45,1.81,39.76,2.4,CLOSED
PING-15007,SHP-1150,7,2026-03-13 22:20:00,74,1.99,39.8,2.4,CLOSED
PING-15008,SHP-1150,8,2026-03-13 23:16:00,55,1.86,36.97,2.4,CLOSED
PING-15009,SHP-1150,9,2026-03-13 23:54:00,73,1.57,37.67,2.4,CLOSED
PING-15010,SHP-1150,10,2026-03-14 00:44:00,66,1.83,38.42,2.4,CLOSED
PING-15101,SHP-1151,1,2026-03-13 20:00:00,65,3.46,40.23,2.4,CLOSED
PING-15102,SHP-1151,2,2026-03-13 20:37:00,58,3.39,38.07,2.4,CLOSED
PING-15103,SHP-1151,3,2026-03-13 21:15:00,0,5.65,36.47,4.8,OPEN
PING-15104,SHP-1151,4,2026-03-13 22:13:00,69,4.45,38.54,2.4,CLOSED
PING-15105,SHP-1151,5,2026-03-13 23:08:00,73,4.23,38.17,2.4,CLOSED
PING-15106,SHP-1151,6,2026-03-13 23:51:00,71,4.42,39.55,2.4,CLOSED
PING-15107,SHP-1151,7,2026-03-14 00:28:00,0,8.74,40.18,4.8,OPEN
PING-15108,SHP-1151,8,2026-03-14 01:11:00,47,7.54,35.82,2.4,CLOSED
PING-15201,SHP-1152,1,2026-03-13 22:00:00,67,4.03,31.16,2.4,CLOSED
PING-15202,SHP-1152,2,2026-03-13 22:43:00,53,3.77,34.44,2.4,CLOSED
PING-15203,SHP-1152,3,2026-03-13 23:40:00,60,3.6,32.8,2.4,CLOSED
PING-15204,SHP-1152,4,2026-03-14 00:36:00,61,3.76,33.9,2.4,CLOSED
PING-15205,SHP-1152,5,2026-03-14 01:32:00,58,3.47,35.2,2.4,CLOSED
PING-15206,SHP-1152,6,2026-03-14 02:25:00,62,3.5,32.12,2.4,CLOSED
PING-15207,SHP-1152,7,2026-03-14 03:13:00,58,3.59,34.14,2.4,CLOSED
PING-15208,SHP-1152,8,2026-03-14 04:09:00,59,3.38,32.45,2.4,CLOSED
PING-15209,SHP-1152,9,2026-03-14 05:01:00,66,3.23,35.04,2.4,CLOSED
PING-15210,SHP-1152,10,2026-03-14 05:46:00,77,3.48,30.79,2.4,CLOSED
PING-15301,SHP-1153,1,2026-03-14 00:00:00,71,-20.2,29.54,2.4,CLOSED
PING-15302,SHP-1153,2,2026-03-14 00:46:00,64,-20.14,29.69,2.4,CLOSED
PING-15303,SHP-1153,3,2026-03-14 01:31:00,53,-20.27,28.09,2.4,CLOSED
PING-15304,SHP-1153,4,2026-03-14 02:17:00,48,-20.31,29.09,2.4,CLOSED
PING-15305,SHP-1153,5,2026-03-14 02:57:00,58,-20.49,26.39,2.4,CLOSED
PING-15306,SHP-1153,6,2026-03-14 03:46:00,59,-20.57,28.09,2.4,CLOSED
PING-15307,SHP-1153,7,2026-03-14 04:26:00,74,-20.78,27.53,2.4,CLOSED
PING-15308,SHP-1153,8,2026-03-14 05:11:00,61,-21.06,28.19,2.4,CLOSED
PING-15309,SHP-1153,9,2026-03-14 05:59:00,50,-20.94,26.53,2.4,CLOSED
PING-15310,SHP-1153,10,2026-03-14 06:54:00,49,-20.67,27.88,2.4,CLOSED
PING-15401,SHP-1154,1,2026-03-14 02:00:00,64,3.12,31.1,2.4,CLOSED
PING-15402,SHP-1154,2,2026-03-14 02:49:00,63,3.1,30.9,2.4,CLOSED
PING-15403,SHP-1154,3,2026-03-14 03:44:00,52,2.99,27.24,2.4,CLOSED
PING-15404,SHP-1154,4,2026-03-14 04:31:00,61,3.14,26.17,2.4,CLOSED
PING-15405,SHP-1154,5,2026-03-14 05:24:00,54,3.32,29.45,2.4,CLOSED
PING-15406,SHP-1154,6,2026-03-14 06:09:00,72,3.55,28.69,2.4,CLOSED
PING-15407,SHP-1154,7,2026-03-14 07:01:00,61,3.78,27.52,2.4,CLOSED
PING-15408,SHP-1154,8,2026-03-14 07:54:00,57,3.61,30.56,2.4,CLOSED
PING-15409,SHP-1154,9,2026-03-14 08:47:00,52,3.55,27.76,2.4,CLOSED
PING-15410,SHP-1154,10,2026-03-14 09:29:00,69,3.36,27.19,2.4,CLOSED
PING-15501,SHP-1155,1,2026-03-14 04:00:00,57,3.22,37.02,2.4,CLOSED
PING-15502,SHP-1155,2,2026-03-14 04:45:00,48,3.36,37.38,2.4,CLOSED
PING-15503,SHP-1155,3,2026-03-14 05:26:00,64,3.21,33.34,2.4,CLOSED
PING-15504,SHP-1155,4,2026-03-14 06:01:00,62,3.07,37.94,2.4,CLOSED
PING-15505,SHP-1155,5,2026-03-14 06:57:00,46,3.06,35.89,2.4,CLOSED
PING-15506,SHP-1155,6,2026-03-14 07:49:00,48,2.96,34.48,2.4,CLOSED
PING-15507,SHP-1155,7,2026-03-14 08:43:00,71,2.87,34.71,2.4,CLOSED
PING-15508,SHP-1155,8,2026-03-14 09:22:00,59,2.83,33.04,2.4,CLOSED
PING-15509,SHP-1155,9,2026-03-14 09:59:00,48,2.64,34.83,2.4,CLOSED
PING-15510,SHP-1155,10,2026-03-14 10:58:00,65,2.65,34.91,2.4,CLOSED
PING-15511,SHP-1155,11,2026-03-14 11:41:00,61,2.36,35.61,2.4,CLOSED
PING-15512,SHP-1155,12,2026-03-14 12:19:00,61,2.52,34.81,2.4,CLOSED
PING-15601,SHP-1156,1,2026-03-14 06:00:00,66,4.18,35.98,2.4,CLOSED
PING-15602,SHP-1156,2,2026-03-14 06:44:00,56,4.04,36.43,2.4,CLOSED
PING-15603,SHP-1156,3,2026-03-14 07:37:00,0,7.17,39.36,4.8,OPEN
PING-15604,SHP-1156,4,2026-03-14 08:13:00,61,5.97,37.38,2.4,CLOSED
PING-15605,SHP-1156,5,2026-03-14 09:11:00,46,4.77,37.32,2.4,CLOSED
PING-15606,SHP-1156,6,2026-03-14 10:07:00,73,4.62,34.27,2.4,CLOSED
PING-15607,SHP-1156,7,2026-03-14 11:00:00,0,8.85,37.78,4.8,OPEN
PING-15608,SHP-1156,8,2026-03-14 11:45:00,46,7.65,39.23,2.4,CLOSED
PING-15609,SHP-1156,9,2026-03-14 12:31:00,45,6.45,37.96,2.4,CLOSED
PING-15610,SHP-1156,10,2026-03-14 13:18:00,49,5.25,35.35,2.4,CLOSED
PING-15611,SHP-1156,11,2026-03-14 13:54:00,63,4.05,37.59,2.4,CLOSED
PING-15612,SHP-1156,12,2026-03-14 14:41:00,73,4.24,37.56,2.4,CLOSED
PING-15701,SHP-1157,1,2026-03-14 08:00:00,45,2.45,38.51,2.4,CLOSED
PING-15702,SHP-1157,2,2026-03-14 08:45:00,51,2.39,40.35,2.4,CLOSED
PING-15703,SHP-1157,3,2026-03-14 09:24:00,54,2.6,41.46,2.4,CLOSED
PING-15704,SHP-1157,4,2026-03-14 10:11:00,76,2.33,41.07,2.4,CLOSED
PING-15705,SHP-1157,5,2026-03-14 10:54:00,56,2.12,38.28,2.4,CLOSED
PING-15706,SHP-1157,6,2026-03-14 11:38:00,73,2.14,41.95,2.4,CLOSED
PING-15707,SHP-1157,7,2026-03-14 12:15:00,59,1.93,39.25,2.4,CLOSED
PING-15708,SHP-1157,8,2026-03-14 12:50:00,45,2.11,42.74,2.4,CLOSED
PING-15709,SHP-1157,9,2026-03-14 13:28:00,64,2.39,42.21,2.4,CLOSED
PING-15710,SHP-1157,10,2026-03-14 14:05:00,72,2.61,41.76,2.4,CLOSED
PING-15801,SHP-1158,1,2026-03-14 10:00:00,64,2.69,36.64,2.4,CLOSED
PING-15802,SHP-1158,2,2026-03-14 10:55:00,63,2.39,37.0,2.4,CLOSED
PING-15803,SHP-1158,3,2026-03-14 11:38:00,73,2.48,38.48,2.4,CLOSED
PING-15804,SHP-1158,4,2026-03-14 12:34:00,62,2.34,37.61,2.4,CLOSED
PING-15805,SHP-1158,5,2026-03-14 13:09:00,66,2.37,38.39,2.4,CLOSED
PING-15806,SHP-1158,6,2026-03-14 14:02:00,47,2.41,35.77,2.4,CLOSED
PING-15807,SHP-1158,7,2026-03-14 14:51:00,47,2.27,37.49,2.4,CLOSED
PING-15808,SHP-1158,8,2026-03-14 15:39:00,68,2.17,38.67,2.4,CLOSED
PING-15901,SHP-1159,1,2026-03-14 12:00:00,59,2.66,38.2,2.4,CLOSED
PING-15902,SHP-1159,2,2026-03-14 12:43:00,64,2.54,37.47,2.4,CLOSED
PING-15903,SHP-1159,3,2026-03-14 13:32:00,0,5.09,36.75,4.8,OPEN
PING-15904,SHP-1159,4,2026-03-14 14:09:00,46,3.89,36.12,2.4,CLOSED
PING-15905,SHP-1159,5,2026-03-14 14:45:00,48,2.69,39.2,2.4,CLOSED
PING-15906,SHP-1159,6,2026-03-14 15:20:00,53,2.79,39.52,2.4,CLOSED
PING-15907,SHP-1159,7,2026-03-14 16:07:00,0,5.38,37.58,4.8,OPEN
PING-15908,SHP-1159,8,2026-03-14 16:51:00,63,4.18,35.36,2.4,CLOSED
PING-15909,SHP-1159,9,2026-03-14 17:50:00,59,2.98,36.65,2.4,CLOSED
PING-15910,SHP-1159,10,2026-03-14 18:42:00,72,2.9,37.23,2.4,CLOSED
PING-16001,SHP-1160,1,2026-03-14 14:00:00,76,3.25,32.47,2.4,CLOSED
PING-16002,SHP-1160,2,2026-03-14 14:42:00,76,3.3,33.02,2.4,CLOSED
PING-16003,SHP-1160,3,2026-03-14 15:35:00,0,7.02,29.54,4.8,OPEN
PING-16004,SHP-1160,4,2026-03-14 16:30:00,54,5.82,33.68,2.4,CLOSED
PING-16005,SHP-1160,5,2026-03-14 17:14:00,73,4.62,30.02,2.4,CLOSED
PING-16006,SHP-1160,6,2026-03-14 18:01:00,48,3.42,32.19,2.4,CLOSED
PING-16007,SHP-1160,7,2026-03-14 18:56:00,0,7.09,31.44,4.8,OPEN
PING-16008,SHP-1160,8,2026-03-14 19:32:00,75,5.89,32.44,2.4,CLOSED
PING-16009,SHP-1160,9,2026-03-14 20:25:00,71,4.69,32.67,2.4,CLOSED
PING-16010,SHP-1160,10,2026-03-14 21:11:00,69,3.49,32.0,2.4,CLOSED
PING-16011,SHP-1160,11,2026-03-14 22:07:00,46,3.67,30.64,2.4,CLOSED
PING-16012,SHP-1160,12,2026-03-14 22:42:00,64,3.43,33.37,2.4,CLOSED
PING-16101,SHP-1161,1,2026-03-14 16:00:00,77,4.04,31.19,2.4,CLOSED
PING-16102,SHP-1161,2,2026-03-14 16:56:00,60,4.27,29.65,2.4,CLOSED
PING-16103,SHP-1161,3,2026-03-14 17:53:00,0,7.09,31.32,4.8,OPEN
PING-16104,SHP-1161,4,2026-03-14 18:38:00,64,5.89,29.93,2.4,CLOSED
PING-16105,SHP-1161,5,2026-03-14 19:36:00,53,4.69,30.13,2.4,CLOSED
PING-16106,SHP-1161,6,2026-03-14 20:24:00,70,4.55,29.07,2.4,CLOSED
PING-16107,SHP-1161,7,2026-03-14 21:15:00,0,7.19,28.68,4.8,OPEN
PING-16108,SHP-1161,8,2026-03-14 22:05:00,58,5.99,27.12,2.4,CLOSED
PING-16109,SHP-1161,9,2026-03-14 23:04:00,61,4.79,30.07,2.4,CLOSED
PING-16110,SHP-1161,10,2026-03-14 23:49:00,58,4.7,28.28,2.4,CLOSED
PING-16111,SHP-1161,11,2026-03-15 00:37:00,61,4.73,26.77,2.4,CLOSED
PING-16112,SHP-1161,12,2026-03-15 01:24:00,49,4.53,31.16,2.4,CLOSED
PING-16201,SHP-1162,1,2026-03-14 18:00:00,58,2.06,29.47,2.4,CLOSED
PING-16202,SHP-1162,2,2026-03-14 18:51:00,68,2.18,32.85,2.4,CLOSED
PING-16203,SHP-1162,3,2026-03-14 19:26:00,71,2.45,33.81,2.4,CLOSED
PING-16204,SHP-1162,4,2026-03-14 20:01:00,71,2.71,33.44,2.4,CLOSED
PING-16205,SHP-1162,5,2026-03-14 20:38:00,76,2.85,32.57,2.4,CLOSED
PING-16206,SHP-1162,6,2026-03-14 21:27:00,59,3.12,32.14,2.4,CLOSED
PING-16207,SHP-1162,7,2026-03-14 22:13:00,47,3.38,31.6,2.4,CLOSED
PING-16208,SHP-1162,8,2026-03-14 23:05:00,64,3.56,33.84,2.4,CLOSED
PING-16301,SHP-1163,1,2026-03-14 20:00:00,52,3.33,38.38,2.4,CLOSED
PING-16302,SHP-1163,2,2026-03-14 20:54:00,65,3.12,39.93,2.4,CLOSED
PING-16303,SHP-1163,3,2026-03-14 21:32:00,0,6.0,38.15,4.8,OPEN
PING-16304,SHP-1163,4,2026-03-14 22:28:00,61,4.8,38.84,2.4,CLOSED
PING-16305,SHP-1163,5,2026-03-14 23:08:00,59,3.6,39.11,2.4,CLOSED
PING-16306,SHP-1163,6,2026-03-14 23:49:00,72,3.62,40.28,2.4,CLOSED
PING-16307,SHP-1163,7,2026-03-15 00:41:00,0,7.7,39.26,4.8,OPEN
PING-16308,SHP-1163,8,2026-03-15 01:36:00,69,6.5,40.03,2.4,CLOSED
PING-16309,SHP-1163,9,2026-03-15 02:35:00,53,5.3,39.47,2.4,CLOSED
PING-16310,SHP-1163,10,2026-03-15 03:29:00,59,4.1,39.89,2.4,CLOSED
PING-16401,SHP-1164,1,2026-03-14 22:00:00,72,2.75,29.23,2.4,CLOSED
PING-16402,SHP-1164,2,2026-03-14 22:40:00,63,2.76,29.97,2.4,CLOSED
PING-16403,SHP-1164,3,2026-03-14 23:29:00,0,7.03,31.97,4.8,OPEN
PING-16404,SHP-1164,4,2026-03-15 00:25:00,71,5.83,32.2,2.4,CLOSED
PING-16405,SHP-1164,5,2026-03-15 01:02:00,53,4.63,29.73,2.4,CLOSED
PING-16406,SHP-1164,6,2026-03-15 01:58:00,61,3.43,31.12,2.4,CLOSED
PING-16407,SHP-1164,7,2026-03-15 02:36:00,0,5.89,31.03,4.8,OPEN
PING-16408,SHP-1164,8,2026-03-15 03:15:00,56,4.69,28.47,2.4,CLOSED
PING-16501,SHP-1165,1,2026-03-15 00:00:00,50,2.53,39.32,2.4,CLOSED
PING-16502,SHP-1165,2,2026-03-15 00:52:00,67,2.44,40.93,2.4,CLOSED
PING-16503,SHP-1165,3,2026-03-15 01:38:00,0,5.24,37.45,4.8,OPEN
PING-16504,SHP-1165,4,2026-03-15 02:28:00,74,4.04,37.86,2.4,CLOSED
PING-16505,SHP-1165,5,2026-03-15 03:12:00,58,2.84,39.15,2.4,CLOSED
PING-16506,SHP-1165,6,2026-03-15 03:52:00,54,3.03,39.95,2.4,CLOSED
PING-16507,SHP-1165,7,2026-03-15 04:39:00,0,6.35,37.06,4.8,OPEN
PING-16508,SHP-1165,8,2026-03-15 05:32:00,51,5.15,36.69,2.4,CLOSED
PING-16601,SHP-1166,1,2026-03-15 02:00:00,68,2.53,39.77,2.4,CLOSED
PING-16602,SHP-1166,2,2026-03-15 02:36:00,71,2.76,40.05,2.4,CLOSED
PING-16603,SHP-1166,3,2026-03-15 03:19:00,64,2.5,40.35,2.4,CLOSED
PING-16604,SHP-1166,4,2026-03-15 03:56:00,54,2.58,40.59,2.4,CLOSED
PING-16605,SHP-1166,5,2026-03-15 04:44:00,62,2.36,38.57,2.4,CLOSED
PING-16606,SHP-1166,6,2026-03-15 05:23:00,45,2.56,38.11,2.4,CLOSED
PING-16607,SHP-1166,7,2026-03-15 05:58:00,54,2.32,36.69,2.4,CLOSED
PING-16608,SHP-1166,8,2026-03-15 06:47:00,68,2.07,36.68,2.4,CLOSED
PING-16701,SHP-1167,1,2026-03-15 04:00:00,77,3.48,33.39,2.4,CLOSED
PING-16702,SHP-1167,2,2026-03-15 04:49:00,50,3.6,32.76,2.4,CLOSED
PING-16703,SHP-1167,3,2026-03-15 05:35:00,0,6.4,35.87,4.8,OPEN
PING-16704,SHP-1167,4,2026-03-15 06:11:00,77,5.2,32.02,2.4,CLOSED
PING-16705,SHP-1167,5,2026-03-15 07:01:00,63,4.0,32.68,2.4,CLOSED
PING-16706,SHP-1167,6,2026-03-15 07:39:00,74,4.18,33.5,2.4,CLOSED
PING-16707,SHP-1167,7,2026-03-15 08:24:00,0,6.9,32.34,4.8,OPEN
PING-16708,SHP-1167,8,2026-03-15 09:15:00,72,5.7,33.62,2.4,CLOSED
PING-16709,SHP-1167,9,2026-03-15 10:14:00,47,4.5,35.58,2.4,CLOSED
PING-16710,SHP-1167,10,2026-03-15 11:00:00,60,4.47,33.36,2.4,CLOSED
PING-16711,SHP-1167,11,2026-03-15 11:52:00,54,4.6,36.53,2.4,CLOSED
PING-16712,SHP-1167,12,2026-03-15 12:34:00,68,3.4,32.61,2.4,CLOSED
PING-16801,SHP-1168,1,2026-03-15 06:00:00,60,3.33,37.24,2.4,CLOSED
PING-16802,SHP-1168,2,2026-03-15 06:45:00,52,3.6,37.36,2.4,CLOSED
PING-16803,SHP-1168,3,2026-03-15 07:38:00,75,3.63,36.6,2.4,CLOSED
PING-16804,SHP-1168,4,2026-03-15 08:24:00,65,3.38,36.11,2.4,CLOSED
PING-16805,SHP-1168,5,2026-03-15 09:03:00,62,3.41,34.94,2.4,CLOSED
PING-16806,SHP-1168,6,2026-03-15 09:55:00,51,3.48,37.1,2.4,CLOSED
PING-16807,SHP-1168,7,2026-03-15 10:48:00,58,3.5,36.29,2.4,CLOSED
PING-16808,SHP-1168,8,2026-03-15 11:38:00,67,3.76,34.93,2.4,CLOSED
PING-16901,SHP-1169,1,2026-03-15 08:00:00,60,-20.56,44.17,2.4,CLOSED
PING-16902,SHP-1169,2,2026-03-15 08:37:00,69,-20.29,42.43,2.4,CLOSED
PING-16903,SHP-1169,3,2026-03-15 09:28:00,0,-16.34,39.51,4.8,OPEN
PING-16904,SHP-1169,4,2026-03-15 10:15:00,68,-17.54,42.15,2.4,CLOSED
PING-16905,SHP-1169,5,2026-03-15 11:10:00,47,-18.74,42.72,2.4,CLOSED
PING-16906,SHP-1169,6,2026-03-15 11:58:00,57,-19.94,40.79,2.4,CLOSED
PING-16907,SHP-1169,7,2026-03-15 12:48:00,0,-15.82,41.65,4.8,OPEN
PING-16908,SHP-1169,8,2026-03-15 13:43:00,58,-17.02,39.48,2.4,CLOSED
PING-17001,SHP-1170,1,2026-03-15 10:00:00,53,3.63,28.08,2.4,CLOSED
PING-17002,SHP-1170,2,2026-03-15 10:47:00,52,3.54,28.2,2.4,CLOSED
PING-17003,SHP-1170,3,2026-03-15 11:22:00,50,3.7,26.25,2.4,CLOSED
PING-17004,SHP-1170,4,2026-03-15 12:13:00,71,3.86,28.72,2.4,CLOSED
PING-17005,SHP-1170,5,2026-03-15 12:53:00,68,4.0,27.36,2.4,CLOSED
PING-17006,SHP-1170,6,2026-03-15 13:50:00,77,3.76,30.74,2.4,CLOSED
PING-17007,SHP-1170,7,2026-03-15 14:42:00,68,4.02,27.06,2.4,CLOSED
PING-17008,SHP-1170,8,2026-03-15 15:28:00,57,3.76,30.09,2.4,CLOSED
PING-17009,SHP-1170,9,2026-03-15 16:12:00,64,3.66,30.81,2.4,CLOSED
PING-17010,SHP-1170,10,2026-03-15 16:48:00,50,3.59,29.83,2.4,CLOSED
PING-17101,SHP-1171,1,2026-03-15 12:00:00,57,2.91,38.11,2.4,CLOSED
PING-17102,SHP-1171,2,2026-03-15 12:57:00,53,3.17,35.35,2.4,CLOSED
PING-17103,SHP-1171,3,2026-03-15 13:53:00,64,3.09,33.8,2.4,CLOSED
PING-17104,SHP-1171,4,2026-03-15 14:29:00,64,3.04,35.31,2.4,CLOSED
PING-17105,SHP-1171,5,2026-03-15 15:18:00,67,3.05,36.72,2.4,CLOSED
PING-17106,SHP-1171,6,2026-03-15 16:03:00,49,3.0,35.97,2.4,CLOSED
PING-17107,SHP-1171,7,2026-03-15 16:52:00,55,2.99,37.12,2.4,CLOSED
PING-17108,SHP-1171,8,2026-03-15 17:28:00,45,3.24,38.44,2.4,CLOSED
PING-17109,SHP-1171,9,2026-03-15 18:14:00,53,3.19,33.21,2.4,CLOSED
PING-17110,SHP-1171,10,2026-03-15 18:55:00,66,2.96,34.9,2.4,CLOSED
PING-17201,SHP-1172,1,2026-03-15 14:00:00,52,3.48,28.31,2.4,CLOSED
PING-17202,SHP-1172,2,2026-03-15 14:39:00,70,3.61,29.35,2.4,CLOSED
PING-17203,SHP-1172,3,2026-03-15 15:31:00,0,7.32,27.57,4.8,OPEN
PING-17204,SHP-1172,4,2026-03-15 16:30:00,72,6.12,27.93,2.4,CLOSED
PING-17205,SHP-1172,5,2026-03-15 17:09:00,49,4.92,27.57,2.4,CLOSED
PING-17206,SHP-1172,6,2026-03-15 18:02:00,60,3.72,31.12,2.4,CLOSED
PING-17207,SHP-1172,7,2026-03-15 18:55:00,0,7.09,30.59,4.8,OPEN
PING-17208,SHP-1172,8,2026-03-15 19:30:00,55,5.89,30.32,2.4,CLOSED
PING-17209,SHP-1172,9,2026-03-15 20:05:00,46,4.69,31.5,2.4,CLOSED
PING-17210,SHP-1172,10,2026-03-15 20:57:00,53,3.49,30.59,2.4,CLOSED
PING-17301,SHP-1173,1,2026-03-15 16:00:00,53,3.68,32.39,2.4,CLOSED
PING-17302,SHP-1173,2,2026-03-15 16:52:00,61,3.7,32.78,2.4,CLOSED
PING-17303,SHP-1173,3,2026-03-15 17:27:00,0,6.57,31.96,4.8,OPEN
PING-17304,SHP-1173,4,2026-03-15 18:24:00,46,5.37,33.74,2.4,CLOSED
PING-17305,SHP-1173,5,2026-03-15 19:00:00,48,4.17,34.99,2.4,CLOSED
PING-17306,SHP-1173,6,2026-03-15 19:51:00,45,3.89,31.8,2.4,CLOSED
PING-17307,SHP-1173,7,2026-03-15 20:45:00,0,7.21,31.58,4.8,OPEN
PING-17308,SHP-1173,8,2026-03-15 21:32:00,68,6.01,36.15,2.4,CLOSED
PING-17309,SHP-1173,9,2026-03-15 22:30:00,55,4.81,32.12,2.4,CLOSED
PING-17310,SHP-1173,10,2026-03-15 23:10:00,70,3.61,36.71,2.4,CLOSED
PING-17311,SHP-1173,11,2026-03-15 23:56:00,59,3.49,33.05,2.4,CLOSED
PING-17312,SHP-1173,12,2026-03-16 00:37:00,45,3.55,32.8,2.4,CLOSED
PING-17401,SHP-1174,1,2026-03-15 18:00:00,50,3.66,29.33,2.4,CLOSED
PING-17402,SHP-1174,2,2026-03-15 18:37:00,74,3.37,25.2,2.4,CLOSED
PING-17403,SHP-1174,3,2026-03-15 19:30:00,0,7.28,28.57,4.8,OPEN
PING-17404,SHP-1174,4,2026-03-15 20:29:00,54,6.08,27.76,2.4,CLOSED
PING-17405,SHP-1174,5,2026-03-15 21:06:00,58,4.88,28.51,2.4,CLOSED
PING-17406,SHP-1174,6,2026-03-15 21:50:00,64,3.68,26.62,2.4,CLOSED
PING-17407,SHP-1174,7,2026-03-15 22:41:00,0,8.01,24.16,4.8,OPEN
PING-17408,SHP-1174,8,2026-03-15 23:30:00,73,6.81,26.5,2.4,CLOSED
PING-17409,SHP-1174,9,2026-03-16 00:06:00,63,5.61,25.68,2.4,CLOSED
PING-17410,SHP-1174,10,2026-03-16 00:44:00,73,4.41,26.72,2.4,CLOSED
PING-17501,SHP-1175,1,2026-03-15 20:00:00,52,2.83,42.0,2.4,CLOSED
PING-17502,SHP-1175,2,2026-03-15 20:44:00,50,2.7,41.11,2.4,CLOSED
PING-17503,SHP-1175,3,2026-03-15 21:24:00,77,2.52,42.48,2.4,CLOSED
PING-17504,SHP-1175,4,2026-03-15 22:17:00,76,2.7,41.22,2.4,CLOSED
PING-17505,SHP-1175,5,2026-03-15 22:57:00,69,2.92,40.35,2.4,CLOSED
PING-17506,SHP-1175,6,2026-03-15 23:43:00,75,2.87,39.96,2.4,CLOSED
PING-17507,SHP-1175,7,2026-03-16 00:42:00,65,3.12,41.26,2.4,CLOSED
PING-17508,SHP-1175,8,2026-03-16 01:26:00,49,2.83,42.22,2.4,CLOSED
PING-17509,SHP-1175,9,2026-03-16 02:12:00,53,2.62,43.28,2.4,CLOSED
PING-17510,SHP-1175,10,2026-03-16 02:56:00,55,2.86,41.06,2.4,CLOSED
PING-17601,SHP-1176,1,2026-03-15 22:00:00,72,3.51,39.92,2.4,CLOSED
PING-17602,SHP-1176,2,2026-03-15 22:37:00,49,3.47,44.52,2.4,CLOSED
PING-17603,SHP-1176,3,2026-03-15 23:23:00,75,3.51,42.41,2.4,CLOSED
PING-17604,SHP-1176,4,2026-03-16 00:06:00,59,3.69,41.24,2.4,CLOSED
PING-17605,SHP-1176,5,2026-03-16 00:59:00,71,3.87,44.87,2.4,CLOSED
PING-17606,SHP-1176,6,2026-03-16 01:53:00,73,4.03,39.49,2.4,CLOSED
PING-17607,SHP-1176,7,2026-03-16 02:37:00,64,4.17,40.47,2.4,CLOSED
PING-17608,SHP-1176,8,2026-03-16 03:19:00,63,4.07,44.06,2.4,CLOSED
PING-17701,SHP-1177,1,2026-03-16 00:00:00,49,3.03,42.6,2.4,CLOSED
PING-17702,SHP-1177,2,2026-03-16 00:45:00,67,2.88,42.79,2.4,CLOSED
PING-17703,SHP-1177,3,2026-03-16 01:24:00,0,7.06,42.84,4.8,OPEN
PING-17704,SHP-1177,4,2026-03-16 02:22:00,55,5.86,43.88,2.4,CLOSED
PING-17705,SHP-1177,5,2026-03-16 03:06:00,46,4.66,42.91,2.4,CLOSED
PING-17706,SHP-1177,6,2026-03-16 03:58:00,64,3.46,41.4,2.4,CLOSED
PING-17707,SHP-1177,7,2026-03-16 04:33:00,0,6.88,41.0,4.8,OPEN
PING-17708,SHP-1177,8,2026-03-16 05:22:00,59,5.68,44.02,2.4,CLOSED
PING-17801,SHP-1178,1,2026-03-16 02:00:00,52,2.62,31.04,2.4,CLOSED
PING-17802,SHP-1178,2,2026-03-16 02:54:00,52,2.69,27.98,2.4,CLOSED
PING-17803,SHP-1178,3,2026-03-16 03:47:00,0,7.05,32.42,4.8,OPEN
PING-17804,SHP-1178,4,2026-03-16 04:33:00,74,5.85,30.22,2.4,CLOSED
PING-17805,SHP-1178,5,2026-03-16 05:21:00,60,4.65,30.43,2.4,CLOSED
PING-17806,SHP-1178,6,2026-03-16 06:15:00,62,3.45,29.71,2.4,CLOSED
PING-17807,SHP-1178,7,2026-03-16 06:56:00,0,5.35,31.18,4.8,OPEN
PING-17808,SHP-1178,8,2026-03-16 07:36:00,49,4.15,31.57,2.4,CLOSED
PING-17809,SHP-1178,9,2026-03-16 08:28:00,69,2.95,30.74,2.4,CLOSED
PING-17810,SHP-1178,10,2026-03-16 09:25:00,71,3.21,31.47,2.4,CLOSED
PING-17901,SHP-1179,1,2026-03-16 04:00:00,58,-19.34,40.62,2.4,CLOSED
PING-17902,SHP-1179,2,2026-03-16 04:42:00,62,-19.48,42.5,2.4,CLOSED
PING-17903,SHP-1179,3,2026-03-16 05:29:00,0,-16.62,40.32,4.8,OPEN
PING-17904,SHP-1179,4,2026-03-16 06:16:00,56,-17.82,42.14,2.4,CLOSED
PING-17905,SHP-1179,5,2026-03-16 07:07:00,65,-19.02,41.7,2.4,CLOSED
PING-17906,SHP-1179,6,2026-03-16 07:55:00,45,-19.15,42.6,2.4,CLOSED
PING-17907,SHP-1179,7,2026-03-16 08:36:00,0,-15.61,43.27,4.8,OPEN
PING-17908,SHP-1179,8,2026-03-16 09:33:00,76,-16.81,39.22,2.4,CLOSED
PING-18001,SHP-1180,1,2026-03-16 06:00:00,58,2.73,27.19,2.4,CLOSED
PING-18002,SHP-1180,2,2026-03-16 06:54:00,62,2.9,28.47,2.4,CLOSED
PING-18003,SHP-1180,3,2026-03-16 07:38:00,0,7.01,25.07,4.8,OPEN
PING-18004,SHP-1180,4,2026-03-16 08:20:00,46,5.81,28.13,2.4,CLOSED
PING-18005,SHP-1180,5,2026-03-16 09:05:00,52,4.61,25.02,2.4,CLOSED
PING-18006,SHP-1180,6,2026-03-16 10:02:00,72,3.41,26.79,2.4,CLOSED
PING-18007,SHP-1180,7,2026-03-16 10:52:00,0,6.44,25.9,4.8,OPEN
PING-18008,SHP-1180,8,2026-03-16 11:49:00,49,5.24,26.05,2.4,CLOSED
PING-18101,SHP-1181,1,2026-03-16 08:00:00,50,4.5,31.86,2.4,CLOSED
PING-18102,SHP-1181,2,2026-03-16 08:50:00,45,4.38,36.0,2.4,CLOSED
PING-18103,SHP-1181,3,2026-03-16 09:30:00,68,4.64,35.3,2.4,CLOSED
PING-18104,SHP-1181,4,2026-03-16 10:10:00,62,4.48,32.06,2.4,CLOSED
PING-18105,SHP-1181,5,2026-03-16 10:52:00,50,4.37,32.24,2.4,CLOSED
PING-18106,SHP-1181,6,2026-03-16 11:46:00,45,4.17,34.57,2.4,CLOSED
PING-18107,SHP-1181,7,2026-03-16 12:45:00,48,4.07,34.25,2.4,CLOSED
PING-18108,SHP-1181,8,2026-03-16 13:42:00,65,4.24,32.84,2.4,CLOSED
PING-18109,SHP-1181,9,2026-03-16 14:30:00,67,3.99,35.1,2.4,CLOSED
PING-18110,SHP-1181,10,2026-03-16 15:29:00,45,3.85,34.11,2.4,CLOSED
PING-18111,SHP-1181,11,2026-03-16 16:21:00,51,4.02,32.55,2.4,CLOSED
PING-18112,SHP-1181,12,2026-03-16 17:08:00,73,3.92,33.72,2.4,CLOSED
PING-18201,SHP-1182,1,2026-03-16 10:00:00,61,3.66,34.14,2.4,CLOSED
PING-18202,SHP-1182,2,2026-03-16 10:37:00,67,3.77,33.02,2.4,CLOSED
PING-18203,SHP-1182,3,2026-03-16 11:35:00,0,7.71,29.57,4.8,OPEN
PING-18204,SHP-1182,4,2026-03-16 12:21:00,58,6.51,31.05,2.4,CLOSED
PING-18205,SHP-1182,5,2026-03-16 13:07:00,57,5.31,31.72,2.4,CLOSED
PING-18206,SHP-1182,6,2026-03-16 14:06:00,47,4.11,34.41,2.4,CLOSED
PING-18207,SHP-1182,7,2026-03-16 14:53:00,0,7.53,33.91,4.8,OPEN
PING-18208,SHP-1182,8,2026-03-16 15:37:00,59,6.33,31.59,2.4,CLOSED
PING-18301,SHP-1183,1,2026-03-16 12:00:00,49,-19.48,31.61,2.4,CLOSED
PING-18302,SHP-1183,2,2026-03-16 12:41:00,74,-19.35,27.42,2.4,CLOSED
PING-18303,SHP-1183,3,2026-03-16 13:38:00,77,-19.46,27.67,2.4,CLOSED
PING-18304,SHP-1183,4,2026-03-16 14:36:00,68,-19.73,29.05,2.4,CLOSED
PING-18305,SHP-1183,5,2026-03-16 15:22:00,68,-19.9,27.17,2.4,CLOSED
PING-18306,SHP-1183,6,2026-03-16 16:10:00,76,-20.05,26.28,2.4,CLOSED
PING-18307,SHP-1183,7,2026-03-16 16:49:00,58,-20.2,27.4,2.4,CLOSED
PING-18308,SHP-1183,8,2026-03-16 17:36:00,68,-19.98,29.31,2.4,CLOSED
PING-18309,SHP-1183,9,2026-03-16 18:13:00,50,-19.86,30.45,2.4,CLOSED
PING-18310,SHP-1183,10,2026-03-16 18:54:00,56,-19.91,30.84,2.4,CLOSED
PING-18311,SHP-1183,11,2026-03-16 19:32:00,49,-19.87,30.0,2.4,CLOSED
PING-18312,SHP-1183,12,2026-03-16 20:29:00,61,-19.91,31.22,2.4,CLOSED
PING-18401,SHP-1184,1,2026-03-16 14:00:00,61,4.13,33.03,2.4,CLOSED
PING-18402,SHP-1184,2,2026-03-16 14:59:00,50,4.13,33.29,2.4,CLOSED
PING-18403,SHP-1184,3,2026-03-16 15:54:00,0,7.95,34.81,4.8,OPEN
PING-18404,SHP-1184,4,2026-03-16 16:46:00,53,6.75,35.21,2.4,CLOSED
PING-18405,SHP-1184,5,2026-03-16 17:43:00,51,5.55,31.19,2.4,CLOSED
PING-18406,SHP-1184,6,2026-03-16 18:42:00,73,4.35,35.38,2.4,CLOSED
PING-18407,SHP-1184,7,2026-03-16 19:39:00,0,7.56,34.03,4.8,OPEN
PING-18408,SHP-1184,8,2026-03-16 20:27:00,46,6.36,34.57,2.4,CLOSED
PING-18501,SHP-1185,1,2026-03-16 16:00:00,62,3.81,35.33,2.4,CLOSED
PING-18502,SHP-1185,2,2026-03-16 16:46:00,51,3.96,35.43,2.4,CLOSED
PING-18503,SHP-1185,3,2026-03-16 17:29:00,0,7.7,38.48,4.8,OPEN
PING-18504,SHP-1185,4,2026-03-16 18:13:00,54,6.5,38.71,2.4,CLOSED
PING-18505,SHP-1185,5,2026-03-16 19:12:00,67,5.3,39.26,2.4,CLOSED
PING-18506,SHP-1185,6,2026-03-16 20:03:00,69,4.1,35.96,2.4,CLOSED
PING-18507,SHP-1185,7,2026-03-16 20:48:00,0,6.27,38.35,4.8,OPEN
PING-18508,SHP-1185,8,2026-03-16 21:46:00,65,5.07,35.71,2.4,CLOSED
PING-18509,SHP-1185,9,2026-03-16 22:24:00,53,3.87,35.22,2.4,CLOSED
PING-18510,SHP-1185,10,2026-03-16 23:14:00,46,4.14,33.83,2.4,CLOSED
PING-18601,SHP-1186,1,2026-03-16 18:00:00,72,3.52,31.28,2.4,CLOSED
PING-18602,SHP-1186,2,2026-03-16 18:40:00,75,3.5,29.33,2.4,CLOSED
PING-18603,SHP-1186,3,2026-03-16 19:27:00,0,7.79,31.57,4.8,OPEN
PING-18604,SHP-1186,4,2026-03-16 20:20:00,53,6.59,29.81,2.4,CLOSED
PING-18605,SHP-1186,5,2026-03-16 20:57:00,65,5.39,28.1,2.4,CLOSED
PING-18606,SHP-1186,6,2026-03-16 21:52:00,71,4.19,30.46,2.4,CLOSED
PING-18607,SHP-1186,7,2026-03-16 22:30:00,0,6.06,31.91,4.8,OPEN
PING-18608,SHP-1186,8,2026-03-16 23:20:00,68,4.86,29.2,2.4,CLOSED
PING-18609,SHP-1186,9,2026-03-17 00:07:00,69,3.66,30.07,2.4,CLOSED
PING-18610,SHP-1186,10,2026-03-17 00:57:00,52,3.83,27.89,2.4,CLOSED
PING-18701,SHP-1187,1,2026-03-16 20:00:00,58,3.76,28.78,2.4,CLOSED
PING-18702,SHP-1187,2,2026-03-16 20:49:00,74,3.5,24.75,2.4,CLOSED
PING-18703,SHP-1187,3,2026-03-16 21:42:00,76,3.66,24.88,2.4,CLOSED
PING-18704,SHP-1187,4,2026-03-16 22:31:00,55,3.62,25.08,2.4,CLOSED
PING-18705,SHP-1187,5,2026-03-16 23:20:00,48,3.61,27.95,2.4,CLOSED
PING-18706,SHP-1187,6,2026-03-17 00:13:00,74,3.77,26.83,2.4,CLOSED
PING-18707,SHP-1187,7,2026-03-17 01:11:00,54,3.99,25.46,2.4,CLOSED
PING-18708,SHP-1187,8,2026-03-17 01:56:00,63,3.93,27.79,2.4,CLOSED
PING-18709,SHP-1187,9,2026-03-17 02:49:00,48,3.94,29.3,2.4,CLOSED
PING-18710,SHP-1187,10,2026-03-17 03:31:00,48,4.22,29.85,2.4,CLOSED
PING-18711,SHP-1187,11,2026-03-17 04:08:00,46,4.06,28.46,2.4,CLOSED
PING-18712,SHP-1187,12,2026-03-17 05:04:00,75,4.02,27.83,2.4,CLOSED
PING-18801,SHP-1188,1,2026-03-16 22:00:00,64,2.52,42.64,2.4,CLOSED
PING-18802,SHP-1188,2,2026-03-16 22:47:00,56,2.23,40.13,2.4,CLOSED
PING-18803,SHP-1188,3,2026-03-16 23:39:00,0,4.18,42.22,4.8,OPEN
PING-18804,SHP-1188,4,2026-03-17 00:19:00,76,2.98,40.97,2.4,CLOSED
PING-18805,SHP-1188,5,2026-03-17 01:02:00,58,3.23,44.42,2.4,CLOSED
PING-18806,SHP-1188,6,2026-03-17 01:37:00,66,3.11,44.02,2.4,CLOSED
PING-18807,SHP-1188,7,2026-03-17 02:18:00,0,7.33,42.39,4.8,OPEN
PING-18808,SHP-1188,8,2026-03-17 03:13:00,58,6.13,40.29,2.4,CLOSED
PING-18809,SHP-1188,9,2026-03-17 04:10:00,75,4.93,41.86,2.4,CLOSED
PING-18810,SHP-1188,10,2026-03-17 04:45:00,48,3.73,42.27,2.4,CLOSED
PING-18811,SHP-1188,11,2026-03-17 05:20:00,58,2.53,40.79,2.4,CLOSED
PING-18812,SHP-1188,12,2026-03-17 06:12:00,61,2.26,42.31,2.4,CLOSED
PING-18901,SHP-1189,1,2026-03-17 00:00:00,50,4.06,33.58,2.4,CLOSED
PING-18902,SHP-1189,2,2026-03-17 00:41:00,72,4.2,34.53,2.4,CLOSED
PING-18903,SHP-1189,3,2026-03-17 01:34:00,0,7.33,34.52,4.8,OPEN
PING-18904,SHP-1189,4,2026-03-17 02:19:00,66,6.13,32.02,2.4,CLOSED
PING-18905,SHP-1189,5,2026-03-17 02:55:00,58,4.93,33.14,2.4,CLOSED
PING-18906,SHP-1189,6,2026-03-17 03:36:00,47,5.07,31.83,2.4,CLOSED
PING-18907,SHP-1189,7,2026-03-17 04:29:00,0,8.01,34.48,4.8,OPEN
PING-18908,SHP-1189,8,2026-03-17 05:18:00,76,6.81,33.89,2.4,CLOSED
PING-18909,SHP-1189,9,2026-03-17 05:53:00,56,5.61,31.39,2.4,CLOSED
PING-18910,SHP-1189,10,2026-03-17 06:51:00,48,4.41,32.73,2.4,CLOSED
PING-18911,SHP-1189,11,2026-03-17 07:31:00,55,4.62,36.06,2.4,CLOSED
PING-18912,SHP-1189,12,2026-03-17 08:06:00,52,4.4,35.06,2.4,CLOSED
PING-19001,SHP-1190,1,2026-03-17 02:00:00,54,3.6,24.93,2.4,CLOSED
PING-19002,SHP-1190,2,2026-03-17 02:35:00,67,3.45,25.13,2.4,CLOSED
PING-19003,SHP-1190,3,2026-03-17 03:22:00,0,7.56,27.68,4.8,OPEN
PING-19004,SHP-1190,4,2026-03-17 04:06:00,57,6.36,26.37,2.4,CLOSED
PING-19005,SHP-1190,5,2026-03-17 04:45:00,65,5.16,25.86,2.4,CLOSED
PING-19006,SHP-1190,6,2026-03-17 05:41:00,69,3.96,27.22,2.4,CLOSED
PING-19007,SHP-1190,7,2026-03-17 06:25:00,0,6.31,28.13,4.8,OPEN
PING-19008,SHP-1190,8,2026-03-17 07:12:00,52,5.11,24.93,2.4,CLOSED
PING-19101,SHP-1191,1,2026-03-17 04:00:00,52,2.55,30.67,2.4,CLOSED
PING-19102,SHP-1191,2,2026-03-17 04:50:00,56,2.6,28.95,2.4,CLOSED
PING-19103,SHP-1191,3,2026-03-17 05:39:00,0,5.63,30.14,4.8,OPEN
PING-19104,SHP-1191,4,2026-03-17 06:24:00,51,4.43,27.48,2.4,CLOSED
PING-19105,SHP-1191,5,2026-03-17 06:59:00,54,3.23,30.42,2.4,CLOSED
PING-19106,SHP-1191,6,2026-03-17 07:53:00,76,3.05,29.06,2.4,CLOSED
PING-19107,SHP-1191,7,2026-03-17 08:50:00,0,6.69,30.27,4.8,OPEN
PING-19108,SHP-1191,8,2026-03-17 09:27:00,52,5.49,26.35,2.4,CLOSED
PING-19201,SHP-1192,1,2026-03-17 06:00:00,64,3.56,37.79,2.4,CLOSED
PING-19202,SHP-1192,2,2026-03-17 06:53:00,72,3.33,38.13,2.4,CLOSED
PING-19203,SHP-1192,3,2026-03-17 07:42:00,68,3.56,35.36,2.4,CLOSED
PING-19204,SHP-1192,4,2026-03-17 08:27:00,46,3.56,39.5,2.4,CLOSED
PING-19205,SHP-1192,5,2026-03-17 09:05:00,61,3.68,34.39,2.4,CLOSED
PING-19206,SHP-1192,6,2026-03-17 10:03:00,62,3.89,35.51,2.4,CLOSED
PING-19207,SHP-1192,7,2026-03-17 10:41:00,53,3.81,37.04,2.4,CLOSED
PING-19208,SHP-1192,8,2026-03-17 11:40:00,74,3.85,37.83,2.4,CLOSED
PING-19209,SHP-1192,9,2026-03-17 12:26:00,60,4.06,39.03,2.4,CLOSED
PING-19210,SHP-1192,10,2026-03-17 13:08:00,73,3.84,37.48,2.4,CLOSED
PING-19211,SHP-1192,11,2026-03-17 14:05:00,46,4.1,37.01,2.4,CLOSED
PING-19212,SHP-1192,12,2026-03-17 14:49:00,71,4.18,35.79,2.4,CLOSED
PING-19301,SHP-1193,1,2026-03-17 08:00:00,72,2.54,31.16,2.4,CLOSED
PING-19302,SHP-1193,2,2026-03-17 08:59:00,59,2.29,31.99,2.4,CLOSED
PING-19303,SHP-1193,3,2026-03-17 09:44:00,0,4.64,32.19,4.8,OPEN
PING-19304,SHP-1193,4,2026-03-17 10:37:00,66,3.44,30.22,2.4,CLOSED
PING-19305,SHP-1193,5,2026-03-17 11:30:00,50,3.29,32.73,2.4,CLOSED
PING-19306,SHP-1193,6,2026-03-17 12:26:00,62,3.28,30.6,2.4,CLOSED
PING-19307,SHP-1193,7,2026-03-17 13:13:00,0,5.42,34.19,4.8,OPEN
PING-19308,SHP-1193,8,2026-03-17 14:08:00,67,4.22,31.89,2.4,CLOSED
PING-19309,SHP-1193,9,2026-03-17 15:02:00,61,3.02,30.58,2.4,CLOSED
PING-19310,SHP-1193,10,2026-03-17 15:41:00,75,3.11,29.77,2.4,CLOSED
PING-19401,SHP-1194,1,2026-03-17 10:00:00,59,3.93,25.52,2.4,CLOSED
PING-19402,SHP-1194,2,2026-03-17 10:57:00,45,3.75,24.57,2.4,CLOSED
PING-19403,SHP-1194,3,2026-03-17 11:47:00,0,7.27,26.17,4.8,OPEN
PING-19404,SHP-1194,4,2026-03-17 12:30:00,56,6.07,28.2,2.4,CLOSED
PING-19405,SHP-1194,5,2026-03-17 13:06:00,75,4.87,25.68,2.4,CLOSED
PING-19406,SHP-1194,6,2026-03-17 14:05:00,70,4.67,25.69,2.4,CLOSED
PING-19407,SHP-1194,7,2026-03-17 14:42:00,0,8.74,29.18,4.8,OPEN
PING-19408,SHP-1194,8,2026-03-17 15:27:00,68,7.54,27.52,2.4,CLOSED
PING-19409,SHP-1194,9,2026-03-17 16:23:00,55,6.34,27.34,2.4,CLOSED
PING-19410,SHP-1194,10,2026-03-17 17:10:00,56,5.14,29.36,2.4,CLOSED
PING-19411,SHP-1194,11,2026-03-17 17:49:00,49,3.94,27.63,2.4,CLOSED
PING-19412,SHP-1194,12,2026-03-17 18:40:00,57,3.76,29.67,2.4,CLOSED
PING-19501,SHP-1195,1,2026-03-17 12:00:00,75,2.71,34.67,2.4,CLOSED
PING-19502,SHP-1195,2,2026-03-17 12:41:00,62,2.75,31.59,2.4,CLOSED
PING-19503,SHP-1195,3,2026-03-17 13:30:00,46,2.64,36.05,2.4,CLOSED
PING-19504,SHP-1195,4,2026-03-17 14:21:00,67,2.87,32.79,2.4,CLOSED
PING-19505,SHP-1195,5,2026-03-17 15:08:00,76,2.98,32.23,2.4,CLOSED
PING-19506,SHP-1195,6,2026-03-17 16:04:00,67,3.23,35.95,2.4,CLOSED
PING-19507,SHP-1195,7,2026-03-17 16:48:00,68,3.5,31.06,2.4,CLOSED
PING-19508,SHP-1195,8,2026-03-17 17:45:00,60,3.49,33.95,2.4,CLOSED
PING-19601,SHP-1196,1,2026-03-17 14:00:00,70,3.84,31.08,2.4,CLOSED
PING-19602,SHP-1196,2,2026-03-17 14:54:00,62,3.99,34.91,2.4,CLOSED
PING-19603,SHP-1196,3,2026-03-17 15:32:00,0,7.34,32.62,4.8,OPEN
PING-19604,SHP-1196,4,2026-03-17 16:17:00,53,6.14,32.2,2.4,CLOSED
PING-19605,SHP-1196,5,2026-03-17 16:54:00,53,4.94,31.65,2.4,CLOSED
PING-19606,SHP-1196,6,2026-03-17 17:47:00,66,4.67,31.37,2.4,CLOSED
PING-19607,SHP-1196,7,2026-03-17 18:24:00,0,7.25,31.38,4.8,OPEN
PING-19608,SHP-1196,8,2026-03-17 19:12:00,56,6.05,35.46,2.4,CLOSED
PING-19701,SHP-1197,1,2026-03-17 16:00:00,51,4.17,28.55,2.4,CLOSED
PING-19702,SHP-1197,2,2026-03-17 16:58:00,45,4.22,25.93,2.4,CLOSED
PING-19703,SHP-1197,3,2026-03-17 17:57:00,46,3.96,27.54,2.4,CLOSED
PING-19704,SHP-1197,4,2026-03-17 18:56:00,58,3.85,29.09,2.4,CLOSED
PING-19705,SHP-1197,5,2026-03-17 19:31:00,62,4.09,28.17,2.4,CLOSED
PING-19706,SHP-1197,6,2026-03-17 20:27:00,58,4.36,26.55,2.4,CLOSED
PING-19707,SHP-1197,7,2026-03-17 21:22:00,75,4.3,30.82,2.4,CLOSED
PING-19708,SHP-1197,8,2026-03-17 21:59:00,57,4.57,29.15,2.4,CLOSED
PING-19801,SHP-1198,1,2026-03-17 18:00:00,67,-20.07,32.65,2.4,CLOSED
PING-19802,SHP-1198,2,2026-03-17 18:43:00,73,-19.85,30.19,2.4,CLOSED
PING-19803,SHP-1198,3,2026-03-17 19:33:00,58,-19.93,34.65,2.4,CLOSED
PING-19804,SHP-1198,4,2026-03-17 20:15:00,50,-19.66,33.71,2.4,CLOSED
PING-19805,SHP-1198,5,2026-03-17 21:06:00,55,-19.81,34.66,2.4,CLOSED
PING-19806,SHP-1198,6,2026-03-17 22:00:00,62,-19.91,30.41,2.4,CLOSED
PING-19807,SHP-1198,7,2026-03-17 22:40:00,47,-19.92,34.71,2.4,CLOSED
PING-19808,SHP-1198,8,2026-03-17 23:32:00,67,-19.65,35.24,2.4,CLOSED
PING-19809,SHP-1198,9,2026-03-18 00:20:00,77,-19.59,33.6,2.4,CLOSED
PING-19810,SHP-1198,10,2026-03-18 00:55:00,74,-19.46,34.45,2.4,CLOSED
PING-19901,SHP-1199,1,2026-03-17 20:00:00,48,2.3,38.23,2.4,CLOSED
PING-19902,SHP-1199,2,2026-03-17 20:59:00,46,2.11,34.73,2.4,CLOSED
PING-19903,SHP-1199,3,2026-03-17 21:54:00,46,1.99,33.51,2.4,CLOSED
PING-19904,SHP-1199,4,2026-03-17 22:39:00,54,2.25,35.57,2.4,CLOSED
PING-19905,SHP-1199,5,2026-03-17 23:16:00,67,2.25,34.71,2.4,CLOSED
PING-19906,SHP-1199,6,2026-03-17 23:58:00,45,2.46,36.72,2.4,CLOSED
PING-19907,SHP-1199,7,2026-03-18 00:42:00,66,2.34,37.81,2.4,CLOSED
PING-19908,SHP-1199,8,2026-03-18 01:30:00,60,2.06,35.77,2.4,CLOSED
PING-19909,SHP-1199,9,2026-03-18 02:18:00,45,2.16,35.98,2.4,CLOSED
PING-19910,SHP-1199,10,2026-03-18 03:07:00,67,2.07,34.47,2.4,CLOSED
PING-19911,SHP-1199,11,2026-03-18 03:49:00,56,2.35,35.13,2.4,CLOSED
PING-19912,SHP-1199,12,2026-03-18 04:38:00,77,2.63,36.41,2.4,CLOSED
PING-20001,SHP-1200,1,2026-03-17 22:00:00,54,-20.53,29.44,2.4,CLOSED
PING-20002,SHP-1200,2,2026-03-17 22:50:00,70,-20.34,29.33,2.4,CLOSED
PING-20003,SHP-1200,3,2026-03-17 23:31:00,0,-16.03,27.94,4.8,OPEN
PING-20004,SHP-1200,4,2026-03-18 00:27:00,51,-17.23,33.1,2.4,CLOSED
PING-20005,SHP-1200,5,2026-03-18 01:10:00,59,-18.43,31.78,2.4,CLOSED
PING-20006,SHP-1200,6,2026-03-18 01:59:00,55,-19.63,30.94,2.4,CLOSED
PING-20007,SHP-1200,7,2026-03-18 02:52:00,0,-17.72,27.95,4.8,OPEN
PING-20008,SHP-1200,8,2026-03-18 03:38:00,49,-18.92,31.54,2.4,CLOSED
PING-20009,SHP-1200,9,2026-03-18 04:18:00,59,-20.12,28.98,2.4,CLOSED
PING-20010,SHP-1200,10,2026-03-18 05:06:00,45,-20.35,28.17,2.4,CLOSED
PING-20011,SHP-1200,11,2026-03-18 06:04:00,68,-20.56,28.26,2.4,CLOSED
PING-20012,SHP-1200,12,2026-03-18 06:41:00,60,-20.55,33.12,2.4,CLOSED
PING-20101,SHP-1201,1,2026-03-18 00:00:00,55,2.27,38.25,2.4,CLOSED
PING-20102,SHP-1201,2,2026-03-18 00:56:00,58,2.21,38.2,2.4,CLOSED
PING-20103,SHP-1201,3,2026-03-18 01:40:00,0,6.28,39.27,4.8,OPEN
PING-20104,SHP-1201,4,2026-03-18 02:38:00,76,5.08,38.07,2.4,CLOSED
PING-20105,SHP-1201,5,2026-03-18 03:17:00,73,3.88,39.43,2.4,CLOSED
PING-20106,SHP-1201,6,2026-03-18 03:52:00,54,2.68,40.56,2.4,CLOSED
PING-20107,SHP-1201,7,2026-03-18 04:46:00,0,4.83,37.88,4.8,OPEN
PING-20108,SHP-1201,8,2026-03-18 05:44:00,69,3.63,40.51,2.4,CLOSED
PING-20201,SHP-1202,1,2026-03-18 02:00:00,64,4.09,34.0,2.4,CLOSED
PING-20202,SHP-1202,2,2026-03-18 02:42:00,46,4.08,34.71,2.4,CLOSED
PING-20203,SHP-1202,3,2026-03-18 03:41:00,45,4.02,31.14,2.4,CLOSED
PING-20204,SHP-1202,4,2026-03-18 04:32:00,70,4.09,31.61,2.4,CLOSED
PING-20205,SHP-1202,5,2026-03-18 05:26:00,55,4.2,33.21,2.4,CLOSED
PING-20206,SHP-1202,6,2026-03-18 06:04:00,74,4.17,32.53,2.4,CLOSED
PING-20207,SHP-1202,7,2026-03-18 06:59:00,51,4.22,33.41,2.4,CLOSED
PING-20208,SHP-1202,8,2026-03-18 07:46:00,48,4.16,32.5,2.4,CLOSED
PING-20209,SHP-1202,9,2026-03-18 08:22:00,58,3.92,31.89,2.4,CLOSED
PING-20210,SHP-1202,10,2026-03-18 09:20:00,70,3.85,33.13,2.4,CLOSED
PING-20301,SHP-1203,1,2026-03-18 04:00:00,62,3.61,34.24,2.4,CLOSED
PING-20302,SHP-1203,2,2026-03-18 04:46:00,72,3.6,37.94,2.4,CLOSED
PING-20303,SHP-1203,3,2026-03-18 05:31:00,73,3.31,33.97,2.4,CLOSED
PING-20304,SHP-1203,4,2026-03-18 06:21:00,58,3.02,38.43,2.4,CLOSED
PING-20305,SHP-1203,5,2026-03-18 06:58:00,55,2.97,37.99,2.4,CLOSED
PING-20306,SHP-1203,6,2026-03-18 07:54:00,47,2.81,36.46,2.4,CLOSED
PING-20307,SHP-1203,7,2026-03-18 08:37:00,46,2.91,33.74,2.4,CLOSED
PING-20308,SHP-1203,8,2026-03-18 09:29:00,73,2.74,33.33,2.4,CLOSED
PING-20309,SHP-1203,9,2026-03-18 10:09:00,59,3.04,36.88,2.4,CLOSED
PING-20310,SHP-1203,10,2026-03-18 10:48:00,68,3.11,34.74,2.4,CLOSED
PING-20401,SHP-1204,1,2026-03-18 06:00:00,74,4.28,38.03,2.4,CLOSED
PING-20402,SHP-1204,2,2026-03-18 06:43:00,72,4.31,39.17,2.4,CLOSED
PING-20403,SHP-1204,3,2026-03-18 07:22:00,0,6.99,36.15,4.8,OPEN
PING-20404,SHP-1204,4,2026-03-18 07:58:00,64,5.79,39.01,2.4,CLOSED
PING-20405,SHP-1204,5,2026-03-18 08:42:00,69,4.59,37.76,2.4,CLOSED
PING-20406,SHP-1204,6,2026-03-18 09:26:00,68,4.37,39.01,2.4,CLOSED
PING-20407,SHP-1204,7,2026-03-18 10:18:00,0,6.22,35.5,4.8,OPEN
PING-20408,SHP-1204,8,2026-03-18 10:54:00,63,5.02,38.47,2.4,CLOSED
PING-20409,SHP-1204,9,2026-03-18 11:31:00,72,3.82,37.37,2.4,CLOSED
PING-20410,SHP-1204,10,2026-03-18 12:23:00,47,4.1,39.27,2.4,CLOSED
PING-20501,SHP-1205,1,2026-03-18 08:00:00,56,3.35,38.1,2.4,CLOSED
PING-20502,SHP-1205,2,2026-03-18 08:42:00,56,3.25,36.08,2.4,CLOSED
PING-20503,SHP-1205,3,2026-03-18 09:19:00,0,5.17,36.01,4.8,OPEN
PING-20504,SHP-1205,4,2026-03-18 10:02:00,64,3.97,36.43,2.4,CLOSED
PING-20505,SHP-1205,5,2026-03-18 10:59:00,62,4.16,39.38,2.4,CLOSED
PING-20506,SHP-1205,6,2026-03-18 11:43:00,74,3.88,36.1,2.4,CLOSED
PING-20507,SHP-1205,7,2026-03-18 12:41:00,0,7.17,37.08,4.8,OPEN
PING-20508,SHP-1205,8,2026-03-18 13:28:00,61,5.97,35.53,2.4,CLOSED
PING-20509,SHP-1205,9,2026-03-18 14:11:00,69,4.77,38.21,2.4,CLOSED
PING-20510,SHP-1205,10,2026-03-18 14:52:00,56,3.57,40.15,2.4,CLOSED
PING-20511,SHP-1205,11,2026-03-18 15:40:00,76,3.59,37.16,2.4,CLOSED
PING-20512,SHP-1205,12,2026-03-18 16:26:00,70,3.78,36.86,2.4,CLOSED
PING-20601,SHP-1206,1,2026-03-18 10:00:00,47,2.53,33.89,2.4,CLOSED
PING-20602,SHP-1206,2,2026-03-18 10:50:00,60,2.57,31.06,2.4,CLOSED
PING-20603,SHP-1206,3,2026-03-18 11:36:00,64,2.54,31.09,2.4,CLOSED
PING-20604,SHP-1206,4,2026-03-18 12:12:00,68,2.33,29.66,2.4,CLOSED
PING-20605,SHP-1206,5,2026-03-18 13:08:00,70,2.45,34.14,2.4,CLOSED
PING-20606,SHP-1206,6,2026-03-18 13:46:00,61,2.64,34.41,2.4,CLOSED
PING-20607,SHP-1206,7,2026-03-18 14:43:00,57,2.35,32.44,2.4,CLOSED
PING-20608,SHP-1206,8,2026-03-18 15:34:00,53,2.22,31.64,2.4,CLOSED
PING-20609,SHP-1206,9,2026-03-18 16:21:00,70,2.49,31.9,2.4,CLOSED
PING-20610,SHP-1206,10,2026-03-18 16:57:00,60,2.29,34.02,2.4,CLOSED
PING-20611,SHP-1206,11,2026-03-18 17:41:00,74,2.31,34.57,2.4,CLOSED
PING-20612,SHP-1206,12,2026-03-18 18:21:00,55,2.04,33.37,2.4,CLOSED
PING-20701,SHP-1207,1,2026-03-18 12:00:00,59,3.46,42.03,2.4,CLOSED
PING-20702,SHP-1207,2,2026-03-18 12:39:00,73,3.33,42.86,2.4,CLOSED
PING-20703,SHP-1207,3,2026-03-18 13:15:00,48,3.13,38.98,2.4,CLOSED
PING-20704,SHP-1207,4,2026-03-18 14:14:00,60,3.16,43.4,2.4,CLOSED
PING-20705,SHP-1207,5,2026-03-18 15:02:00,55,3.26,40.09,2.4,CLOSED
PING-20706,SHP-1207,6,2026-03-18 15:51:00,53,3.0,39.07,2.4,CLOSED
PING-20707,SHP-1207,7,2026-03-18 16:26:00,63,3.02,40.1,2.4,CLOSED
PING-20708,SHP-1207,8,2026-03-18 17:07:00,49,3.11,40.84,2.4,CLOSED
PING-20709,SHP-1207,9,2026-03-18 18:01:00,69,2.91,42.17,2.4,CLOSED
PING-20710,SHP-1207,10,2026-03-18 18:37:00,77,2.62,39.05,2.4,CLOSED
PING-20801,SHP-1208,1,2026-03-18 14:00:00,53,3.33,35.31,2.4,CLOSED
PING-20802,SHP-1208,2,2026-03-18 14:48:00,69,3.54,35.87,2.4,CLOSED
PING-20803,SHP-1208,3,2026-03-18 15:32:00,0,6.66,39.14,4.8,OPEN
PING-20804,SHP-1208,4,2026-03-18 16:27:00,75,5.46,37.48,2.4,CLOSED
PING-20805,SHP-1208,5,2026-03-18 17:19:00,48,4.26,37.79,2.4,CLOSED
PING-20806,SHP-1208,6,2026-03-18 18:00:00,65,4.22,36.09,2.4,CLOSED
PING-20807,SHP-1208,7,2026-03-18 18:36:00,0,6.05,34.8,4.8,OPEN
PING-20808,SHP-1208,8,2026-03-18 19:11:00,48,4.85,36.0,2.4,CLOSED
PING-20901,SHP-1209,1,2026-03-18 16:00:00,59,-19.76,38.52,2.4,CLOSED
PING-20902,SHP-1209,2,2026-03-18 16:36:00,77,-19.66,38.64,2.4,CLOSED
PING-20903,SHP-1209,3,2026-03-18 17:18:00,0,-17.14,38.02,4.8,OPEN
PING-20904,SHP-1209,4,2026-03-18 18:15:00,64,-18.34,37.25,2.4,CLOSED
PING-20905,SHP-1209,5,2026-03-18 18:54:00,68,-19.54,38.21,2.4,CLOSED
PING-20906,SHP-1209,6,2026-03-18 19:53:00,69,-19.66,36.74,2.4,CLOSED
PING-20907,SHP-1209,7,2026-03-18 20:41:00,0,-15.74,35.57,4.8,OPEN
PING-20908,SHP-1209,8,2026-03-18 21:24:00,70,-16.94,37.49,2.4,CLOSED
PING-20909,SHP-1209,9,2026-03-18 22:01:00,59,-18.14,37.58,2.4,CLOSED
PING-20910,SHP-1209,10,2026-03-18 22:58:00,51,-19.34,38.78,2.4,CLOSED
PING-21001,SHP-1210,1,2026-03-18 18:00:00,77,3.64,38.51,2.4,CLOSED
PING-21002,SHP-1210,2,2026-03-18 18:57:00,70,3.87,40.03,2.4,CLOSED
PING-21003,SHP-1210,3,2026-03-18 19:35:00,0,7.05,38.89,4.8,OPEN
PING-21004,SHP-1210,4,2026-03-18 20:29:00,70,5.85,41.94,2.4,CLOSED
PING-21005,SHP-1210,5,2026-03-18 21:04:00,71,4.65,42.09,2.4,CLOSED
PING-21006,SHP-1210,6,2026-03-18 21:58:00,49,3.45,37.38,2.4,CLOSED
PING-21007,SHP-1210,7,2026-03-18 22:33:00,0,6.88,40.39,4.8,OPEN
PING-21008,SHP-1210,8,2026-03-18 23:32:00,58,5.68,38.76,2.4,CLOSED
PING-21009,SHP-1210,9,2026-03-19 00:22:00,72,4.48,42.08,2.4,CLOSED
PING-21010,SHP-1210,10,2026-03-19 01:17:00,65,4.44,41.64,2.4,CLOSED
PING-21011,SHP-1210,11,2026-03-19 02:04:00,50,4.27,36.93,2.4,CLOSED
PING-21012,SHP-1210,12,2026-03-19 02:56:00,53,4.04,38.57,2.4,CLOSED
PING-21101,SHP-1211,1,2026-03-18 20:00:00,73,3.13,32.2,2.4,CLOSED
PING-21102,SHP-1211,2,2026-03-18 20:57:00,49,3.2,28.86,2.4,CLOSED
PING-21103,SHP-1211,3,2026-03-18 21:33:00,0,6.47,29.57,4.8,OPEN
PING-21104,SHP-1211,4,2026-03-18 22:26:00,67,5.27,29.98,2.4,CLOSED
PING-21105,SHP-1211,5,2026-03-18 23:05:00,48,4.07,32.29,2.4,CLOSED
PING-21106,SHP-1211,6,2026-03-18 23:51:00,73,3.96,31.49,2.4,CLOSED
PING-21107,SHP-1211,7,2026-03-19 00:38:00,0,7.69,32.72,4.8,OPEN
PING-21108,SHP-1211,8,2026-03-19 01:30:00,59,6.49,30.32,2.4,CLOSED
PING-21201,SHP-1212,1,2026-03-18 22:00:00,76,4.26,31.99,2.4,CLOSED
PING-21202,SHP-1212,2,2026-03-18 22:42:00,63,4.08,29.82,2.4,CLOSED
PING-21203,SHP-1212,3,2026-03-18 23:38:00,0,6.14,28.75,4.8,OPEN
PING-21204,SHP-1212,4,2026-03-19 00:31:00,48,4.94,29.09,2.4,CLOSED
PING-21205,SHP-1212,5,2026-03-19 01:15:00,50,5.01,32.06,2.4,CLOSED
PING-21206,SHP-1212,6,2026-03-19 02:01:00,75,3.81,29.9,2.4,CLOSED
PING-21207,SHP-1212,7,2026-03-19 02:42:00,0,5.98,27.35,4.8,OPEN
PING-21208,SHP-1212,8,2026-03-19 03:30:00,48,4.78,29.48,2.4,CLOSED
PING-21301,SHP-1213,1,2026-03-19 00:00:00,74,2.96,28.88,2.4,CLOSED
PING-21302,SHP-1213,2,2026-03-19 00:54:00,75,2.73,30.51,2.4,CLOSED
PING-21303,SHP-1213,3,2026-03-19 01:34:00,0,6.8,27.44,4.8,OPEN
PING-21304,SHP-1213,4,2026-03-19 02:14:00,53,5.6,30.99,2.4,CLOSED
PING-21305,SHP-1213,5,2026-03-19 03:11:00,55,4.4,29.87,2.4,CLOSED
PING-21306,SHP-1213,6,2026-03-19 04:02:00,54,4.58,28.8,2.4,CLOSED
PING-21307,SHP-1213,7,2026-03-19 04:53:00,0,6.45,28.06,4.8,OPEN
PING-21308,SHP-1213,8,2026-03-19 05:45:00,53,5.25,31.26,2.4,CLOSED
PING-21309,SHP-1213,9,2026-03-19 06:20:00,76,4.05,27.18,2.4,CLOSED
PING-21310,SHP-1213,10,2026-03-19 06:56:00,70,3.93,30.13,2.4,CLOSED
PING-21311,SHP-1213,11,2026-03-19 07:36:00,66,3.75,28.51,2.4,CLOSED
PING-21312,SHP-1213,12,2026-03-19 08:30:00,65,3.46,30.01,2.4,CLOSED
PING-21401,SHP-1214,1,2026-03-19 02:00:00,55,3.1,37.68,2.4,CLOSED
PING-21402,SHP-1214,2,2026-03-19 02:45:00,76,2.89,37.35,2.4,CLOSED
PING-21403,SHP-1214,3,2026-03-19 03:41:00,63,2.7,35.26,2.4,CLOSED
PING-21404,SHP-1214,4,2026-03-19 04:35:00,65,2.75,35.41,2.4,CLOSED
PING-21405,SHP-1214,5,2026-03-19 05:15:00,54,2.49,38.58,2.4,CLOSED
PING-21406,SHP-1214,6,2026-03-19 06:04:00,63,2.56,36.63,2.4,CLOSED
PING-21407,SHP-1214,7,2026-03-19 06:45:00,73,2.34,38.52,2.4,CLOSED
PING-21408,SHP-1214,8,2026-03-19 07:24:00,73,2.15,39.22,2.4,CLOSED
PING-21409,SHP-1214,9,2026-03-19 08:15:00,53,2.09,40.52,2.4,CLOSED
PING-21410,SHP-1214,10,2026-03-19 09:09:00,72,1.97,39.3,2.4,CLOSED
PING-21411,SHP-1214,11,2026-03-19 09:51:00,51,1.93,35.74,2.4,CLOSED
PING-21412,SHP-1214,12,2026-03-19 10:44:00,72,1.79,40.61,2.4,CLOSED
PING-21501,SHP-1215,1,2026-03-19 04:00:00,65,4.04,37.24,2.4,CLOSED
PING-21502,SHP-1215,2,2026-03-19 04:56:00,76,4.1,40.37,2.4,CLOSED
PING-21503,SHP-1215,3,2026-03-19 05:35:00,66,4.08,36.84,2.4,CLOSED
PING-21504,SHP-1215,4,2026-03-19 06:10:00,53,3.86,39.04,2.4,CLOSED
PING-21505,SHP-1215,5,2026-03-19 06:57:00,67,3.64,39.96,2.4,CLOSED
PING-21506,SHP-1215,6,2026-03-19 07:39:00,47,3.35,38.83,2.4,CLOSED
PING-21507,SHP-1215,7,2026-03-19 08:17:00,65,3.28,39.69,2.4,CLOSED
PING-21508,SHP-1215,8,2026-03-19 08:57:00,65,3.19,41.41,2.4,CLOSED
PING-21509,SHP-1215,9,2026-03-19 09:50:00,56,3.22,38.69,2.4,CLOSED
PING-21510,SHP-1215,10,2026-03-19 10:46:00,77,2.94,40.33,2.4,CLOSED
PING-21601,SHP-1216,1,2026-03-19 06:00:00,47,3.36,33.23,2.4,CLOSED
PING-21602,SHP-1216,2,2026-03-19 06:57:00,56,3.41,34.44,2.4,CLOSED
PING-21603,SHP-1216,3,2026-03-19 07:47:00,0,6.53,38.61,4.8,OPEN
PING-21604,SHP-1216,4,2026-03-19 08:46:00,65,5.33,35.6,2.4,CLOSED
PING-21605,SHP-1216,5,2026-03-19 09:33:00,67,4.13,33.72,2.4,CLOSED
PING-21606,SHP-1216,6,2026-03-19 10:16:00,47,3.88,34.24,2.4,CLOSED
PING-21607,SHP-1216,7,2026-03-19 11:03:00,0,7.72,35.83,4.8,OPEN
PING-21608,SHP-1216,8,2026-03-19 11:46:00,47,6.52,36.19,2.4,CLOSED
PING-21701,SHP-1217,1,2026-03-19 08:00:00,70,4.3,26.97,2.4,CLOSED
PING-21702,SHP-1217,2,2026-03-19 08:54:00,55,4.36,27.12,2.4,CLOSED
PING-21703,SHP-1217,3,2026-03-19 09:42:00,77,4.55,26.29,2.4,CLOSED
PING-21704,SHP-1217,4,2026-03-19 10:36:00,70,4.31,26.07,2.4,CLOSED
PING-21705,SHP-1217,5,2026-03-19 11:11:00,65,4.23,24.69,2.4,CLOSED
PING-21706,SHP-1217,6,2026-03-19 12:09:00,75,3.98,27.92,2.4,CLOSED
PING-21707,SHP-1217,7,2026-03-19 12:52:00,69,3.91,27.34,2.4,CLOSED
PING-21708,SHP-1217,8,2026-03-19 13:43:00,61,3.84,29.47,2.4,CLOSED
PING-21709,SHP-1217,9,2026-03-19 14:23:00,54,3.79,28.24,2.4,CLOSED
PING-21710,SHP-1217,10,2026-03-19 15:17:00,47,3.67,24.09,2.4,CLOSED
PING-21711,SHP-1217,11,2026-03-19 16:02:00,77,3.62,26.61,2.4,CLOSED
PING-21712,SHP-1217,12,2026-03-19 16:43:00,61,3.85,27.33,2.4,CLOSED
PING-21801,SHP-1218,1,2026-03-19 10:00:00,76,3.84,38.49,2.4,CLOSED
PING-21802,SHP-1218,2,2026-03-19 10:49:00,71,3.66,42.03,2.4,CLOSED
PING-21803,SHP-1218,3,2026-03-19 11:26:00,0,7.83,38.79,4.8,OPEN
PING-21804,SHP-1218,4,2026-03-19 12:16:00,77,6.63,42.57,2.4,CLOSED
PING-21805,SHP-1218,5,2026-03-19 13:14:00,56,5.43,38.3,2.4,CLOSED
PING-21806,SHP-1218,6,2026-03-19 13:53:00,61,4.23,42.08,2.4,CLOSED
PING-21807,SHP-1218,7,2026-03-19 14:31:00,0,7.75,39.5,4.8,OPEN
PING-21808,SHP-1218,8,2026-03-19 15:14:00,66,6.55,40.29,2.4,CLOSED
PING-21809,SHP-1218,9,2026-03-19 16:09:00,50,5.35,42.06,2.4,CLOSED
PING-21810,SHP-1218,10,2026-03-19 16:45:00,51,4.15,41.33,2.4,CLOSED
PING-21811,SHP-1218,11,2026-03-19 17:41:00,55,4.0,40.67,2.4,CLOSED
PING-21812,SHP-1218,12,2026-03-19 18:21:00,70,4.19,38.52,2.4,CLOSED
PING-21901,SHP-1219,1,2026-03-19 12:00:00,60,2.49,32.59,2.4,CLOSED
PING-21902,SHP-1219,2,2026-03-19 12:53:00,76,2.46,32.89,2.4,CLOSED
PING-21903,SHP-1219,3,2026-03-19 13:45:00,0,6.71,35.11,4.8,OPEN
PING-21904,SHP-1219,4,2026-03-19 14:41:00,72,5.51,33.44,2.4,CLOSED
PING-21905,SHP-1219,5,2026-03-19 15:31:00,50,4.31,34.41,2.4,CLOSED
PING-21906,SHP-1219,6,2026-03-19 16:11:00,69,3.11,34.36,2.4,CLOSED
PING-21907,SHP-1219,7,2026-03-19 16:56:00,0,5.61,36.95,4.8,OPEN
PING-21908,SHP-1219,8,2026-03-19 17:32:00,46,4.41,32.65,2.4,CLOSED
PING-22001,SHP-1220,1,2026-03-19 14:00:00,66,-19.77,26.82,2.4,CLOSED
PING-22002,SHP-1220,2,2026-03-19 14:36:00,45,-19.82,27.53,2.4,CLOSED
PING-22003,SHP-1220,3,2026-03-19 15:20:00,77,-19.89,27.45,2.4,CLOSED
PING-22004,SHP-1220,4,2026-03-19 16:01:00,61,-20.11,26.63,2.4,CLOSED
PING-22005,SHP-1220,5,2026-03-19 16:51:00,64,-20.32,30.32,2.4,CLOSED
PING-22006,SHP-1220,6,2026-03-19 17:27:00,60,-20.37,30.13,2.4,CLOSED
PING-22007,SHP-1220,7,2026-03-19 18:13:00,71,-20.33,28.86,2.4,CLOSED
PING-22008,SHP-1220,8,2026-03-19 18:56:00,69,-20.58,30.57,2.4,CLOSED
PING-22101,SHP-1221,1,2026-03-19 16:00:00,60,-20.38,32.46,2.4,CLOSED
PING-22102,SHP-1221,2,2026-03-19 16:49:00,72,-20.38,35.52,2.4,CLOSED
PING-22103,SHP-1221,3,2026-03-19 17:32:00,68,-20.37,32.84,2.4,CLOSED
PING-22104,SHP-1221,4,2026-03-19 18:22:00,54,-20.12,35.77,2.4,CLOSED
PING-22105,SHP-1221,5,2026-03-19 19:17:00,68,-20.11,34.03,2.4,CLOSED
PING-22106,SHP-1221,6,2026-03-19 19:59:00,68,-20.01,37.47,2.4,CLOSED
PING-22107,SHP-1221,7,2026-03-19 20:39:00,53,-20.03,32.76,2.4,CLOSED
PING-22108,SHP-1221,8,2026-03-19 21:24:00,53,-20.11,33.95,2.4,CLOSED
PING-22109,SHP-1221,9,2026-03-19 22:08:00,70,-19.82,32.71,2.4,CLOSED
PING-22110,SHP-1221,10,2026-03-19 23:04:00,74,-19.74,34.2,2.4,CLOSED
PING-22201,SHP-1222,1,2026-03-19 18:00:00,52,-19.79,30.1,2.4,CLOSED
PING-22202,SHP-1222,2,2026-03-19 18:37:00,67,-19.73,32.23,2.4,CLOSED
PING-22203,SHP-1222,3,2026-03-19 19:33:00,49,-19.74,30.28,2.4,CLOSED
PING-22204,SHP-1222,4,2026-03-19 20:24:00,62,-19.67,32.45,2.4,CLOSED
PING-22205,SHP-1222,5,2026-03-19 21:14:00,64,-19.44,32.97,2.4,CLOSED
PING-22206,SHP-1222,6,2026-03-19 21:55:00,74,-19.33,30.81,2.4,CLOSED
PING-22207,SHP-1222,7,2026-03-19 22:49:00,46,-19.2,31.89,2.4,CLOSED
PING-22208,SHP-1222,8,2026-03-19 23:27:00,71,-18.92,29.29,2.4,CLOSED
PING-22209,SHP-1222,9,2026-03-20 00:05:00,64,-20.12,30.59,2.4,CLOSED
PING-22210,SHP-1222,10,2026-03-20 00:40:00,57,-20.1,29.25,2.4,CLOSED
PING-22211,SHP-1222,11,2026-03-20 01:35:00,69,-19.85,33.21,2.4,CLOSED
PING-22212,SHP-1222,12,2026-03-20 02:15:00,51,-19.99,32.9,2.4,CLOSED
PING-22301,SHP-1223,1,2026-03-19 20:00:00,74,3.04,35.0,2.4,CLOSED
PING-22302,SHP-1223,2,2026-03-19 20:35:00,54,2.9,38.51,2.4,CLOSED
PING-22303,SHP-1223,3,2026-03-19 21:26:00,0,4.91,34.25,4.8,OPEN
PING-22304,SHP-1223,4,2026-03-19 22:04:00,65,3.71,37.55,2.4,CLOSED
PING-22305,SHP-1223,5,2026-03-19 23:00:00,76,2.51,34.62,2.4,CLOSED
PING-22306,SHP-1223,6,2026-03-19 23:42:00,56,2.35,38.54,2.4,CLOSED
PING-22307,SHP-1223,7,2026-03-20 00:31:00,0,6.07,36.21,4.8,OPEN
PING-22308,SHP-1223,8,2026-03-20 01:06:00,47,4.87,36.47,2.4,CLOSED
PING-22401,SHP-1224,1,2026-03-19 22:00:00,52,3.34,36.64,2.4,CLOSED
PING-22402,SHP-1224,2,2026-03-19 22:35:00,71,3.36,34.05,2.4,CLOSED
PING-22403,SHP-1224,3,2026-03-19 23:25:00,66,3.46,35.04,2.4,CLOSED
PING-22404,SHP-1224,4,2026-03-20 00:08:00,70,3.66,34.36,2.4,CLOSED
PING-22405,SHP-1224,5,2026-03-20 00:45:00,48,3.4,35.8,2.4,CLOSED
PING-22406,SHP-1224,6,2026-03-20 01:21:00,69,3.3,34.21,2.4,CLOSED
PING-22407,SHP-1224,7,2026-03-20 02:15:00,53,3.45,36.6,2.4,CLOSED
PING-22408,SHP-1224,8,2026-03-20 03:08:00,51,3.39,35.46,2.4,CLOSED
PING-22501,SHP-1225,1,2026-03-20 00:00:00,71,4.11,41.81,2.4,CLOSED
PING-22502,SHP-1225,2,2026-03-20 00:43:00,50,3.9,42.94,2.4,CLOSED
PING-22503,SHP-1225,3,2026-03-20 01:31:00,48,3.67,39.7,2.4,CLOSED
PING-22504,SHP-1225,4,2026-03-20 02:24:00,46,3.8,42.38,2.4,CLOSED
PING-22505,SHP-1225,5,2026-03-20 03:01:00,74,4.04,43.14,2.4,CLOSED
PING-22506,SHP-1225,6,2026-03-20 03:59:00,72,4.23,42.43,2.4,CLOSED
PING-22507,SHP-1225,7,2026-03-20 04:41:00,55,4.06,42.76,2.4,CLOSED
PING-22508,SHP-1225,8,2026-03-20 05:20:00,60,3.92,40.58,2.4,CLOSED
PING-22509,SHP-1225,9,2026-03-20 06:09:00,69,4.17,42.97,2.4,CLOSED
PING-22510,SHP-1225,10,2026-03-20 06:58:00,51,4.16,44.22,2.4,CLOSED
PING-22511,SHP-1225,11,2026-03-20 07:39:00,69,3.91,40.27,2.4,CLOSED
PING-22512,SHP-1225,12,2026-03-20 08:23:00,49,3.63,40.25,2.4,CLOSED
PING-22601,SHP-1226,1,2026-03-20 02:00:00,60,2.17,34.03,2.4,CLOSED
PING-22602,SHP-1226,2,2026-03-20 02:39:00,70,2.42,34.37,2.4,CLOSED
PING-22603,SHP-1226,3,2026-03-20 03:31:00,0,6.55,32.47,4.8,OPEN
PING-22604,SHP-1226,4,2026-03-20 04:12:00,62,5.35,36.11,2.4,CLOSED
PING-22605,SHP-1226,5,2026-03-20 04:47:00,77,4.15,34.22,2.4,CLOSED
PING-22606,SHP-1226,6,2026-03-20 05:30:00,54,2.95,32.68,2.4,CLOSED
PING-22607,SHP-1226,7,2026-03-20 06:24:00,0,7.23,34.0,4.8,OPEN
PING-22608,SHP-1226,8,2026-03-20 07:22:00,72,6.03,34.37,2.4,CLOSED
PING-22609,SHP-1226,9,2026-03-20 08:13:00,59,4.83,34.79,2.4,CLOSED
PING-22610,SHP-1226,10,2026-03-20 08:49:00,67,3.63,32.01,2.4,CLOSED
PING-22611,SHP-1226,11,2026-03-20 09:44:00,72,2.43,33.02,2.4,CLOSED
PING-22612,SHP-1226,12,2026-03-20 10:27:00,64,2.42,33.3,2.4,CLOSED
PING-22701,SHP-1227,1,2026-03-20 04:00:00,57,3.19,41.52,2.4,CLOSED
PING-22702,SHP-1227,2,2026-03-20 04:42:00,75,3.28,41.42,2.4,CLOSED
PING-22703,SHP-1227,3,2026-03-20 05:21:00,0,5.78,43.92,4.8,OPEN
PING-22704,SHP-1227,4,2026-03-20 06:10:00,60,4.58,40.04,2.4,CLOSED
PING-22705,SHP-1227,5,2026-03-20 06:56:00,54,3.38,44.41,2.4,CLOSED
PING-22706,SHP-1227,6,2026-03-20 07:53:00,62,3.13,40.46,2.4,CLOSED
PING-22707,SHP-1227,7,2026-03-20 08:38:00,0,7.21,42.12,4.8,OPEN
PING-22708,SHP-1227,8,2026-03-20 09:21:00,51,6.01,43.62,2.4,CLOSED
PING-22709,SHP-1227,9,2026-03-20 10:11:00,60,4.81,40.42,2.4,CLOSED
PING-22710,SHP-1227,10,2026-03-20 10:54:00,76,3.61,42.08,2.4,CLOSED
PING-22801,SHP-1228,1,2026-03-20 06:00:00,47,4.51,35.62,2.4,CLOSED
PING-22802,SHP-1228,2,2026-03-20 06:37:00,49,4.66,34.69,2.4,CLOSED
PING-22803,SHP-1228,3,2026-03-20 07:26:00,0,7.53,38.07,4.8,OPEN
PING-22804,SHP-1228,4,2026-03-20 08:13:00,59,6.33,36.48,2.4,CLOSED
PING-22805,SHP-1228,5,2026-03-20 09:09:00,58,5.13,35.97,2.4,CLOSED
PING-22806,SHP-1228,6,2026-03-20 09:52:00,51,3.93,38.87,2.4,CLOSED
PING-22807,SHP-1228,7,2026-03-20 10:30:00,0,8.09,35.7,4.8,OPEN
PING-22808,SHP-1228,8,2026-03-20 11:27:00,71,6.89,37.34,2.4,CLOSED
PING-22901,SHP-1229,1,2026-03-20 08:00:00,59,3.79,41.59,2.4,CLOSED
PING-22902,SHP-1229,2,2026-03-20 08:48:00,66,3.69,41.04,2.4,CLOSED
PING-22903,SHP-1229,3,2026-03-20 09:36:00,50,3.42,38.66,2.4,CLOSED
PING-22904,SHP-1229,4,2026-03-20 10:18:00,45,3.52,41.25,2.4,CLOSED
PING-22905,SHP-1229,5,2026-03-20 10:59:00,62,3.41,38.28,2.4,CLOSED
PING-22906,SHP-1229,6,2026-03-20 11:56:00,59,3.16,41.76,2.4,CLOSED
PING-22907,SHP-1229,7,2026-03-20 12:46:00,58,3.04,40.98,2.4,CLOSED
PING-22908,SHP-1229,8,2026-03-20 13:45:00,56,3.28,42.58,2.4,CLOSED
PING-22909,SHP-1229,9,2026-03-20 14:20:00,72,3.0,38.19,2.4,CLOSED
PING-22910,SHP-1229,10,2026-03-20 14:56:00,59,2.84,41.11,2.4,CLOSED
PING-22911,SHP-1229,11,2026-03-20 15:46:00,61,2.68,42.18,2.4,CLOSED
PING-22912,SHP-1229,12,2026-03-20 16:41:00,77,2.57,40.99,2.4,CLOSED
PING-23001,SHP-1230,1,2026-03-20 10:00:00,45,3.78,34.39,2.4,CLOSED
PING-23002,SHP-1230,2,2026-03-20 10:59:00,50,4.06,31.6,2.4,CLOSED
PING-23003,SHP-1230,3,2026-03-20 11:48:00,0,7.52,34.67,4.8,OPEN
PING-23004,SHP-1230,4,2026-03-20 12:27:00,76,6.32,34.11,2.4,CLOSED
PING-23005,SHP-1230,5,2026-03-20 13:23:00,62,5.12,32.88,2.4,CLOSED
PING-23006,SHP-1230,6,2026-03-20 14:22:00,64,3.92,35.37,2.4,CLOSED
PING-23007,SHP-1230,7,2026-03-20 15:20:00,0,7.48,33.62,4.8,OPEN
PING-23008,SHP-1230,8,2026-03-20 15:55:00,46,6.28,31.7,2.4,CLOSED
PING-23009,SHP-1230,9,2026-03-20 16:34:00,53,5.08,32.28,2.4,CLOSED
PING-23010,SHP-1230,10,2026-03-20 17:18:00,58,3.88,31.14,2.4,CLOSED
PING-23011,SHP-1230,11,2026-03-20 17:54:00,62,3.98,33.04,2.4,CLOSED
PING-23012,SHP-1230,12,2026-03-20 18:44:00,59,4.18,34.13,2.4,CLOSED
PING-23101,SHP-1231,1,2026-03-20 12:00:00,65,2.45,42.28,2.4,CLOSED
PING-23102,SHP-1231,2,2026-03-20 12:57:00,58,2.55,43.94,2.4,CLOSED
PING-23103,SHP-1231,3,2026-03-20 13:36:00,0,5.77,44.43,4.8,OPEN
PING-23104,SHP-1231,4,2026-03-20 14:26:00,71,4.57,42.79,2.4,CLOSED
PING-23105,SHP-1231,5,2026-03-20 15:21:00,76,3.37,40.7,2.4,CLOSED
PING-23106,SHP-1231,6,2026-03-20 16:00:00,68,3.36,40.45,2.4,CLOSED
PING-23107,SHP-1231,7,2026-03-20 16:35:00,0,6.05,44.53,4.8,OPEN
PING-23108,SHP-1231,8,2026-03-20 17:27:00,58,4.85,40.26,2.4,CLOSED
PING-23201,SHP-1232,1,2026-03-20 14:00:00,67,3.35,32.06,2.4,CLOSED
PING-23202,SHP-1232,2,2026-03-20 14:38:00,75,3.47,29.69,2.4,CLOSED
PING-23203,SHP-1232,3,2026-03-20 15:22:00,73,3.27,29.1,2.4,CLOSED
PING-23204,SHP-1232,4,2026-03-20 16:20:00,57,3.48,30.09,2.4,CLOSED
PING-23205,SHP-1232,5,2026-03-20 16:55:00,68,3.34,30.66,2.4,CLOSED
PING-23206,SHP-1232,6,2026-03-20 17:38:00,52,3.53,29.47,2.4,CLOSED
PING-23207,SHP-1232,7,2026-03-20 18:24:00,76,3.43,30.76,2.4,CLOSED
PING-23208,SHP-1232,8,2026-03-20 19:12:00,50,3.44,28.98,2.4,CLOSED
PING-23301,SHP-1233,1,2026-03-20 16:00:00,63,-20.3,30.99,2.4,CLOSED
PING-23302,SHP-1233,2,2026-03-20 16:55:00,71,-20.16,28.95,2.4,CLOSED
PING-23303,SHP-1233,3,2026-03-20 17:39:00,0,-16.73,30.4,4.8,OPEN
PING-23304,SHP-1233,4,2026-03-20 18:38:00,51,-17.93,29.29,2.4,CLOSED
PING-23305,SHP-1233,5,2026-03-20 19:27:00,73,-19.13,32.47,2.4,CLOSED
PING-23306,SHP-1233,6,2026-03-20 20:10:00,58,-19.39,29.53,2.4,CLOSED
PING-23307,SHP-1233,7,2026-03-20 21:09:00,0,-16.47,29.04,4.8,OPEN
PING-23308,SHP-1233,8,2026-03-20 21:53:00,58,-17.67,31.88,2.4,CLOSED
PING-23309,SHP-1233,9,2026-03-20 22:30:00,55,-18.87,32.67,2.4,CLOSED
PING-23310,SHP-1233,10,2026-03-20 23:08:00,69,-20.07,29.32,2.4,CLOSED
PING-23311,SHP-1233,11,2026-03-20 23:57:00,55,-20.31,30.11,2.4,CLOSED
PING-23312,SHP-1233,12,2026-03-21 00:37:00,52,-20.28,30.94,2.4,CLOSED
PING-23401,SHP-1234,1,2026-03-20 18:00:00,73,3.19,27.34,2.4,CLOSED
PING-23402,SHP-1234,2,2026-03-20 18:38:00,51,3.33,26.4,2.4,CLOSED
PING-23403,SHP-1234,3,2026-03-20 19:29:00,0,5.84,26.13,4.8,OPEN
PING-23404,SHP-1234,4,2026-03-20 20:22:00,75,4.64,26.93,2.4,CLOSED
PING-23405,SHP-1234,5,2026-03-20 20:57:00,56,3.44,26.21,2.4,CLOSED
PING-23406,SHP-1234,6,2026-03-20 21:40:00,65,3.4,24.69,2.4,CLOSED
PING-23407,SHP-1234,7,2026-03-20 22:21:00,0,6.52,25.76,4.8,OPEN
PING-23408,SHP-1234,8,2026-03-20 23:20:00,59,5.32,28.8,2.4,CLOSED
PING-23409,SHP-1234,9,2026-03-21 00:17:00,72,4.12,24.28,2.4,CLOSED
PING-23410,SHP-1234,10,2026-03-21 01:15:00,46,3.9,26.3,2.4,CLOSED
PING-23411,SHP-1234,11,2026-03-21 01:54:00,54,3.71,25.39,2.4,CLOSED
PING-23412,SHP-1234,12,2026-03-21 02:46:00,62,3.52,29.45,2.4,CLOSED
PING-23501,SHP-1235,1,2026-03-20 20:00:00,55,3.74,34.33,2.4,CLOSED
PING-23502,SHP-1235,2,2026-03-20 20:59:00,56,3.88,33.63,2.4,CLOSED
PING-23503,SHP-1235,3,2026-03-20 21:46:00,0,6.23,36.07,4.8,OPEN
PING-23504,SHP-1235,4,2026-03-20 22:41:00,65,5.03,36.61,2.4,CLOSED
PING-23505,SHP-1235,5,2026-03-20 23:29:00,75,3.83,38.25,2.4,CLOSED
PING-23506,SHP-1235,6,2026-03-21 00:16:00,60,3.71,34.15,2.4,CLOSED
PING-23507,SHP-1235,7,2026-03-21 01:06:00,0,6.81,33.69,4.8,OPEN
PING-23508,SHP-1235,8,2026-03-21 01:45:00,60,5.61,38.0,2.4,CLOSED
PING-23509,SHP-1235,9,2026-03-21 02:34:00,67,4.41,34.98,2.4,CLOSED
PING-23510,SHP-1235,10,2026-03-21 03:23:00,66,4.38,33.4,2.4,CLOSED
PING-23511,SHP-1235,11,2026-03-21 04:10:00,55,4.26,38.41,2.4,CLOSED
PING-23512,SHP-1235,12,2026-03-21 04:49:00,61,4.15,37.87,2.4,CLOSED
PING-23601,SHP-1236,1,2026-03-20 22:00:00,46,2.25,42.32,2.4,CLOSED
PING-23602,SHP-1236,2,2026-03-20 22:56:00,53,2.13,38.93,2.4,CLOSED
PING-23603,SHP-1236,3,2026-03-20 23:39:00,55,2.05,40.25,2.4,CLOSED
PING-23604,SHP-1236,4,2026-03-21 00:18:00,71,2.26,39.45,2.4,CLOSED
PING-23605,SHP-1236,5,2026-03-21 01:14:00,45,2.11,40.24,2.4,CLOSED
PING-23606,SHP-1236,6,2026-03-21 02:00:00,74,2.15,42.16,2.4,CLOSED
PING-23607,SHP-1236,7,2026-03-21 02:50:00,47,2.31,37.71,2.4,CLOSED
PING-23608,SHP-1236,8,2026-03-21 03:43:00,59,2.27,38.53,2.4,CLOSED
PING-23701,SHP-1237,1,2026-03-21 00:00:00,74,3.82,29.15,2.4,CLOSED
PING-23702,SHP-1237,2,2026-03-21 00:58:00,70,3.9,31.05,2.4,CLOSED
PING-23703,SHP-1237,3,2026-03-21 01:38:00,68,3.64,30.01,2.4,CLOSED
PING-23704,SHP-1237,4,2026-03-21 02:30:00,55,3.63,28.77,2.4,CLOSED
PING-23705,SHP-1237,5,2026-03-21 03:23:00,68,3.5,29.31,2.4,CLOSED
PING-23706,SHP-1237,6,2026-03-21 04:17:00,51,3.29,30.97,2.4,CLOSED
PING-23707,SHP-1237,7,2026-03-21 05:06:00,74,3.11,28.72,2.4,CLOSED
PING-23708,SHP-1237,8,2026-03-21 05:51:00,57,2.93,29.9,2.4,CLOSED
PING-23801,SHP-1238,1,2026-03-21 02:00:00,51,2.61,37.57,2.4,CLOSED
PING-23802,SHP-1238,2,2026-03-21 02:53:00,64,2.7,38.49,2.4,CLOSED
PING-23803,SHP-1238,3,2026-03-21 03:49:00,0,5.11,38.01,4.8,OPEN
PING-23804,SHP-1238,4,2026-03-21 04:27:00,64,3.91,36.96,2.4,CLOSED
PING-23805,SHP-1238,5,2026-03-21 05:10:00,60,2.71,35.73,2.4,CLOSED
PING-23806,SHP-1238,6,2026-03-21 05:47:00,59,2.82,40.34,2.4,CLOSED
PING-23807,SHP-1238,7,2026-03-21 06:39:00,0,4.64,38.97,4.8,OPEN
PING-23808,SHP-1238,8,2026-03-21 07:16:00,70,3.44,41.03,2.4,CLOSED
PING-23901,SHP-1239,1,2026-03-21 04:00:00,67,2.89,29.51,2.4,CLOSED
PING-23902,SHP-1239,2,2026-03-21 04:39:00,51,3.1,28.64,2.4,CLOSED
PING-23903,SHP-1239,3,2026-03-21 05:19:00,0,6.22,28.43,4.8,OPEN
PING-23904,SHP-1239,4,2026-03-21 06:17:00,76,5.02,33.11,2.4,CLOSED
PING-23905,SHP-1239,5,2026-03-21 06:52:00,76,3.82,33.24,2.4,CLOSED
PING-23906,SHP-1239,6,2026-03-21 07:50:00,67,2.62,31.61,2.4,CLOSED
PING-23907,SHP-1239,7,2026-03-21 08:28:00,0,6.69,28.08,4.8,OPEN
PING-23908,SHP-1239,8,2026-03-21 09:10:00,77,5.49,30.07,2.4,CLOSED
PING-24001,SHP-1240,1,2026-03-21 06:00:00,74,-19.7,37.14,2.4,CLOSED
PING-24002,SHP-1240,2,2026-03-21 06:38:00,65,-19.64,37.03,2.4,CLOSED
PING-24003,SHP-1240,3,2026-03-21 07:22:00,0,-16.32,40.91,4.8,OPEN
PING-24004,SHP-1240,4,2026-03-21 08:04:00,60,-17.52,41.33,2.4,CLOSED
PING-24005,SHP-1240,5,2026-03-21 09:02:00,52,-18.72,38.24,2.4,CLOSED
PING-24006,SHP-1240,6,2026-03-21 10:00:00,58,-19.92,40.8,2.4,CLOSED
PING-24007,SHP-1240,7,2026-03-21 10:50:00,0,-17.38,40.44,4.8,OPEN
PING-24008,SHP-1240,8,2026-03-21 11:41:00,64,-18.58,37.4,2.4,CLOSED
PING-24101,SHP-1241,1,2026-03-21 08:00:00,60,3.57,31.94,2.4,CLOSED
PING-24102,SHP-1241,2,2026-03-21 08:35:00,57,3.36,33.0,2.4,CLOSED
PING-24103,SHP-1241,3,2026-03-21 09:15:00,0,6.26,32.31,4.8,OPEN
PING-24104,SHP-1241,4,2026-03-21 10:12:00,55,5.06,29.97,2.4,CLOSED
PING-24105,SHP-1241,5,2026-03-21 10:59:00,69,3.86,29.84,2.4,CLOSED
PING-24106,SHP-1241,6,2026-03-21 11:44:00,46,3.57,31.9,2.4,CLOSED
PING-24107,SHP-1241,7,2026-03-21 12:26:00,0,7.57,32.55,4.8,OPEN
PING-24108,SHP-1241,8,2026-03-21 13:12:00,58,6.37,31.97,2.4,CLOSED
PING-24201,SHP-1242,1,2026-03-21 10:00:00,59,-19.88,39.27,2.4,CLOSED
PING-24202,SHP-1242,2,2026-03-21 10:35:00,64,-19.84,43.29,2.4,CLOSED
PING-24203,SHP-1242,3,2026-03-21 11:19:00,51,-19.9,38.33,2.4,CLOSED
PING-24204,SHP-1242,4,2026-03-21 12:13:00,65,-20.05,41.72,2.4,CLOSED
PING-24205,SHP-1242,5,2026-03-21 12:59:00,59,-19.82,39.51,2.4,CLOSED
PING-24206,SHP-1242,6,2026-03-21 13:56:00,50,-19.6,38.08,2.4,CLOSED
PING-24207,SHP-1242,7,2026-03-21 14:33:00,77,-19.73,41.01,2.4,CLOSED
PING-24208,SHP-1242,8,2026-03-21 15:17:00,59,-19.5,39.67,2.4,CLOSED
PING-24209,SHP-1242,9,2026-03-21 16:15:00,72,-19.29,40.76,2.4,CLOSED
PING-24210,SHP-1242,10,2026-03-21 17:09:00,63,-19.48,43.35,2.4,CLOSED
PING-24211,SHP-1242,11,2026-03-21 17:51:00,61,-19.3,38.16,2.4,CLOSED
PING-24212,SHP-1242,12,2026-03-21 18:45:00,65,-19.5,38.41,2.4,CLOSED
PING-24301,SHP-1243,1,2026-03-21 12:00:00,47,3.62,32.93,2.4,CLOSED
PING-24302,SHP-1243,2,2026-03-21 12:53:00,52,3.45,35.59,2.4,CLOSED
PING-24303,SHP-1243,3,2026-03-21 13:51:00,0,7.83,34.82,4.8,OPEN
PING-24304,SHP-1243,4,2026-03-21 14:30:00,51,6.63,32.25,2.4,CLOSED
PING-24305,SHP-1243,5,2026-03-21 15:12:00,76,5.43,34.72,2.4,CLOSED
PING-24306,SHP-1243,6,2026-03-21 16:05:00,51,4.23,35.38,2.4,CLOSED
PING-24307,SHP-1243,7,2026-03-21 17:00:00,0,6.46,35.17,4.8,OPEN
PING-24308,SHP-1243,8,2026-03-21 17:41:00,47,5.26,33.99,2.4,CLOSED
PING-24309,SHP-1243,9,2026-03-21 18:32:00,48,4.06,32.13,2.4,CLOSED
PING-24310,SHP-1243,10,2026-03-21 19:31:00,69,4.17,31.55,2.4,CLOSED
PING-24311,SHP-1243,11,2026-03-21 20:07:00,53,4.04,31.67,2.4,CLOSED
PING-24312,SHP-1243,12,2026-03-21 20:46:00,55,4.08,34.89,2.4,CLOSED
PING-24401,SHP-1244,1,2026-03-21 14:00:00,52,4.02,37.56,2.4,CLOSED
PING-24402,SHP-1244,2,2026-03-21 14:42:00,59,4.18,40.66,2.4,CLOSED
PING-24403,SHP-1244,3,2026-03-21 15:36:00,0,8.4,40.31,4.8,OPEN
PING-24404,SHP-1244,4,2026-03-21 16:12:00,72,7.2,41.31,2.4,CLOSED
PING-24405,SHP-1244,5,2026-03-21 17:11:00,49,6.0,39.52,2.4,CLOSED
PING-24406,SHP-1244,6,2026-03-21 17:50:00,53,4.8,40.25,2.4,CLOSED
PING-24407,SHP-1244,7,2026-03-21 18:49:00,0,8.15,40.83,4.8,OPEN
PING-24408,SHP-1244,8,2026-03-21 19:24:00,46,6.95,39.43,2.4,CLOSED
PING-24409,SHP-1244,9,2026-03-21 20:08:00,74,5.75,37.81,2.4,CLOSED
PING-24410,SHP-1244,10,2026-03-21 20:53:00,62,4.55,37.65,2.4,CLOSED
PING-24411,SHP-1244,11,2026-03-21 21:50:00,58,4.53,40.82,2.4,CLOSED
PING-24412,SHP-1244,12,2026-03-21 22:32:00,49,4.72,37.16,2.4,CLOSED
PING-24501,SHP-1245,1,2026-03-21 16:00:00,77,2.41,35.16,2.4,CLOSED
PING-24502,SHP-1245,2,2026-03-21 16:35:00,72,2.55,33.77,2.4,CLOSED
PING-24503,SHP-1245,3,2026-03-21 17:13:00,75,2.74,37.43,2.4,CLOSED
PING-24504,SHP-1245,4,2026-03-21 17:53:00,64,2.69,33.96,2.4,CLOSED
PING-24505,SHP-1245,5,2026-03-21 18:33:00,61,2.56,35.89,2.4,CLOSED
PING-24506,SHP-1245,6,2026-03-21 19:28:00,75,2.71,37.66,2.4,CLOSED
PING-24507,SHP-1245,7,2026-03-21 20:09:00,61,2.61,33.16,2.4,CLOSED
PING-24508,SHP-1245,8,2026-03-21 21:06:00,55,2.34,36.21,2.4,CLOSED
PING-24601,SHP-1246,1,2026-03-21 18:00:00,70,2.92,29.31,2.4,CLOSED
PING-24602,SHP-1246,2,2026-03-21 18:44:00,57,2.78,29.92,2.4,CLOSED
PING-24603,SHP-1246,3,2026-03-21 19:21:00,68,2.79,32.9,2.4,CLOSED
PING-24604,SHP-1246,4,2026-03-21 20:07:00,62,2.8,32.84,2.4,CLOSED
PING-24605,SHP-1246,5,2026-03-21 20:43:00,64,2.93,30.13,2.4,CLOSED
PING-24606,SHP-1246,6,2026-03-21 21:19:00,62,2.7,33.21,2.4,CLOSED
PING-24607,SHP-1246,7,2026-03-21 22:02:00,75,2.63,30.21,2.4,CLOSED
PING-24608,SHP-1246,8,2026-03-21 22:39:00,69,2.54,32.48,2.4,CLOSED
PING-24609,SHP-1246,9,2026-03-21 23:24:00,69,2.82,29.38,2.4,CLOSED
PING-24610,SHP-1246,10,2026-03-22 00:17:00,66,2.53,30.2,2.4,CLOSED
PING-24611,SHP-1246,11,2026-03-22 01:09:00,73,2.42,30.89,2.4,CLOSED
PING-24612,SHP-1246,12,2026-03-22 01:59:00,75,2.29,33.34,2.4,CLOSED
PING-24701,SHP-1247,1,2026-03-21 20:00:00,77,-19.94,42.05,2.4,CLOSED
PING-24702,SHP-1247,2,2026-03-21 20:46:00,66,-20.11,42.61,2.4,CLOSED
PING-24703,SHP-1247,3,2026-03-21 21:38:00,0,-18.24,43.79,4.8,OPEN
PING-24704,SHP-1247,4,2026-03-21 22:21:00,69,-19.44,43.02,2.4,CLOSED
PING-24705,SHP-1247,5,2026-03-21 23:12:00,65,-19.5,39.06,2.4,CLOSED
PING-24706,SHP-1247,6,2026-03-22 00:06:00,58,-19.74,39.41,2.4,CLOSED
PING-24707,SHP-1247,7,2026-03-22 01:01:00,0,-16.51,42.64,4.8,OPEN
PING-24708,SHP-1247,8,2026-03-22 01:53:00,72,-17.71,39.57,2.4,CLOSED
PING-24709,SHP-1247,9,2026-03-22 02:44:00,63,-18.91,39.01,2.4,CLOSED
PING-24710,SHP-1247,10,2026-03-22 03:24:00,53,-20.11,39.24,2.4,CLOSED
PING-24711,SHP-1247,11,2026-03-22 04:07:00,63,-20.39,40.0,2.4,CLOSED
PING-24712,SHP-1247,12,2026-03-22 04:49:00,61,-20.14,40.32,2.4,CLOSED
PING-24801,SHP-1248,1,2026-03-21 22:00:00,66,3.48,38.5,2.4,CLOSED
PING-24802,SHP-1248,2,2026-03-21 22:36:00,58,3.24,42.89,2.4,CLOSED
PING-24803,SHP-1248,3,2026-03-21 23:33:00,0,5.68,41.57,4.8,OPEN
PING-24804,SHP-1248,4,2026-03-22 00:27:00,54,4.48,40.66,2.4,CLOSED
PING-24805,SHP-1248,5,2026-03-22 01:15:00,45,4.26,39.25,2.4,CLOSED
PING-24806,SHP-1248,6,2026-03-22 02:05:00,51,4.0,40.27,2.4,CLOSED
PING-24807,SHP-1248,7,2026-03-22 02:41:00,0,6.3,43.42,4.8,OPEN
PING-24808,SHP-1248,8,2026-03-22 03:16:00,66,5.1,40.52,2.4,CLOSED
PING-24809,SHP-1248,9,2026-03-22 04:07:00,64,3.9,39.64,2.4,CLOSED
PING-24810,SHP-1248,10,2026-03-22 05:03:00,72,3.9,40.64,2.4,CLOSED
PING-24901,SHP-1249,1,2026-03-22 00:00:00,77,2.43,39.03,2.4,CLOSED
PING-24902,SHP-1249,2,2026-03-22 00:39:00,69,2.4,39.4,2.4,CLOSED
PING-24903,SHP-1249,3,2026-03-22 01:14:00,0,5.61,43.11,4.8,OPEN
PING-24904,SHP-1249,4,2026-03-22 01:58:00,58,4.41,43.18,2.4,CLOSED
PING-24905,SHP-1249,5,2026-03-22 02:50:00,68,3.21,40.94,2.4,CLOSED
PING-24906,SHP-1249,6,2026-03-22 03:49:00,74,3.32,41.7,2.4,CLOSED
PING-24907,SHP-1249,7,2026-03-22 04:42:00,0,5.88,39.52,4.8,OPEN
PING-24908,SHP-1249,8,2026-03-22 05:36:00,54,4.68,40.95,2.4,CLOSED
PING-24909,SHP-1249,9,2026-03-22 06:17:00,71,3.48,38.46,2.4,CLOSED
PING-24910,SHP-1249,10,2026-03-22 07:12:00,51,3.54,40.83,2.4,CLOSED
PING-25001,SHP-1250,1,2026-03-22 02:00:00,55,3.6,27.49,2.4,CLOSED
PING-25002,SHP-1250,2,2026-03-22 02:36:00,63,3.71,27.68,2.4,CLOSED
PING-25003,SHP-1250,3,2026-03-22 03:28:00,0,6.91,28.34,4.8,OPEN
PING-25004,SHP-1250,4,2026-03-22 04:15:00,65,5.71,29.39,2.4,CLOSED
PING-25005,SHP-1250,5,2026-03-22 04:57:00,49,4.51,26.62,2.4,CLOSED
PING-25006,SHP-1250,6,2026-03-22 05:47:00,73,3.31,28.01,2.4,CLOSED
PING-25007,SHP-1250,7,2026-03-22 06:26:00,0,7.08,30.34,4.8,OPEN
PING-25008,SHP-1250,8,2026-03-22 07:23:00,65,5.88,30.49,2.4,CLOSED
PING-25101,SHP-1251,1,2026-03-22 04:00:00,73,3.06,30.73,2.4,CLOSED
PING-25102,SHP-1251,2,2026-03-22 04:49:00,60,3.02,34.15,2.4,CLOSED
PING-25103,SHP-1251,3,2026-03-22 05:31:00,0,6.45,31.13,4.8,OPEN
PING-25104,SHP-1251,4,2026-03-22 06:07:00,61,5.25,33.29,2.4,CLOSED
PING-25105,SHP-1251,5,2026-03-22 06:44:00,47,4.05,29.66,2.4,CLOSED
PING-25106,SHP-1251,6,2026-03-22 07:38:00,63,4.18,31.4,2.4,CLOSED
PING-25107,SHP-1251,7,2026-03-22 08:35:00,0,7.97,33.29,4.8,OPEN
PING-25108,SHP-1251,8,2026-03-22 09:30:00,66,6.77,31.34,2.4,CLOSED
PING-25109,SHP-1251,9,2026-03-22 10:26:00,75,5.57,28.95,2.4,CLOSED
PING-25110,SHP-1251,10,2026-03-22 11:02:00,76,4.37,30.34,2.4,CLOSED
PING-25111,SHP-1251,11,2026-03-22 11:58:00,48,4.3,29.26,2.4,CLOSED
PING-25112,SHP-1251,12,2026-03-22 12:36:00,61,4.15,32.68,2.4,CLOSED
PING-25201,SHP-1252,1,2026-03-22 06:00:00,53,4.59,35.04,2.4,CLOSED
PING-25202,SHP-1252,2,2026-03-22 06:46:00,50,4.7,37.33,2.4,CLOSED
PING-25203,SHP-1252,3,2026-03-22 07:31:00,0,8.82,36.87,4.8,OPEN
PING-25204,SHP-1252,4,2026-03-22 08:19:00,76,7.62,36.16,2.4,CLOSED
PING-25205,SHP-1252,5,2026-03-22 09:01:00,71,6.42,36.04,2.4,CLOSED
PING-25206,SHP-1252,6,2026-03-22 09:56:00,48,5.22,35.12,2.4,CLOSED
PING-25207,SHP-1252,7,2026-03-22 10:53:00,0,8.43,38.46,4.8,OPEN
PING-25208,SHP-1252,8,2026-03-22 11:33:00,50,7.23,39.1,2.4,CLOSED
PING-25209,SHP-1252,9,2026-03-22 12:16:00,60,6.03,34.66,2.4,CLOSED
PING-25210,SHP-1252,10,2026-03-22 13:00:00,70,4.83,39.03,2.4,CLOSED
PING-25211,SHP-1252,11,2026-03-22 13:52:00,61,4.95,37.47,2.4,CLOSED
PING-25212,SHP-1252,12,2026-03-22 14:45:00,52,4.8,39.73,2.4,CLOSED
PING-25301,SHP-1253,1,2026-03-22 08:00:00,61,3.41,42.17,2.4,CLOSED
PING-25302,SHP-1253,2,2026-03-22 08:55:00,74,3.49,40.99,2.4,CLOSED
PING-25303,SHP-1253,3,2026-03-22 09:50:00,0,6.76,40.15,4.8,OPEN
PING-25304,SHP-1253,4,2026-03-22 10:43:00,45,5.56,41.06,2.4,CLOSED
PING-25305,SHP-1253,5,2026-03-22 11:41:00,68,4.36,37.46,2.4,CLOSED
PING-25306,SHP-1253,6,2026-03-22 12:25:00,76,4.55,39.3,2.4,CLOSED
PING-25307,SHP-1253,7,2026-03-22 13:21:00,0,8.6,37.94,4.8,OPEN
PING-25308,SHP-1253,8,2026-03-22 14:17:00,55,7.4,40.52,2.4,CLOSED
PING-25309,SHP-1253,9,2026-03-22 15:05:00,66,6.2,41.33,2.4,CLOSED
PING-25310,SHP-1253,10,2026-03-22 15:51:00,74,5.0,41.71,2.4,CLOSED
PING-25401,SHP-1254,1,2026-03-22 10:00:00,71,4.55,38.49,2.4,CLOSED
PING-25402,SHP-1254,2,2026-03-22 10:56:00,60,4.3,40.3,2.4,CLOSED
PING-25403,SHP-1254,3,2026-03-22 11:50:00,0,8.6,39.15,4.8,OPEN
PING-25404,SHP-1254,4,2026-03-22 12:46:00,68,7.4,39.04,2.4,CLOSED
PING-25405,SHP-1254,5,2026-03-22 13:34:00,75,6.2,39.4,2.4,CLOSED
PING-25406,SHP-1254,6,2026-03-22 14:30:00,67,5.0,36.54,2.4,CLOSED
PING-25407,SHP-1254,7,2026-03-22 15:05:00,0,9.23,38.08,4.8,OPEN
PING-25408,SHP-1254,8,2026-03-22 15:47:00,49,8.03,39.42,2.4,CLOSED
PING-25409,SHP-1254,9,2026-03-22 16:42:00,71,6.83,38.41,2.4,CLOSED
PING-25410,SHP-1254,10,2026-03-22 17:26:00,55,5.63,34.91,2.4,CLOSED
PING-25411,SHP-1254,11,2026-03-22 18:21:00,47,4.43,38.33,2.4,CLOSED
PING-25412,SHP-1254,12,2026-03-22 19:08:00,75,4.45,35.03,2.4,CLOSED
PING-25501,SHP-1255,1,2026-03-22 12:00:00,51,3.88,32.05,2.4,CLOSED
PING-25502,SHP-1255,2,2026-03-22 12:48:00,48,3.98,28.91,2.4,CLOSED
PING-25503,SHP-1255,3,2026-03-22 13:42:00,0,7.62,27.04,4.8,OPEN
PING-25504,SHP-1255,4,2026-03-22 14:30:00,47,6.42,32.3,2.4,CLOSED
PING-25505,SHP-1255,5,2026-03-22 15:27:00,45,5.22,31.54,2.4,CLOSED
PING-25506,SHP-1255,6,2026-03-22 16:24:00,56,4.02,30.78,2.4,CLOSED
PING-25507,SHP-1255,7,2026-03-22 17:10:00,0,7.52,28.69,4.8,OPEN
PING-25508,SHP-1255,8,2026-03-22 17:53:00,59,6.32,27.62,2.4,CLOSED
PING-25601,SHP-1256,1,2026-03-22 14:00:00,71,4.08,43.49,2.4,CLOSED
PING-25602,SHP-1256,2,2026-03-22 14:50:00,46,4.33,43.02,2.4,CLOSED
PING-25603,SHP-1256,3,2026-03-22 15:41:00,62,4.06,41.63,2.4,CLOSED
PING-25604,SHP-1256,4,2026-03-22 16:33:00,71,3.81,39.57,2.4,CLOSED
PING-25605,SHP-1256,5,2026-03-22 17:18:00,63,4.04,40.89,2.4,CLOSED
PING-25606,SHP-1256,6,2026-03-22 17:54:00,77,4.14,43.81,2.4,CLOSED
PING-25607,SHP-1256,7,2026-03-22 18:46:00,52,3.9,39.83,2.4,CLOSED
PING-25608,SHP-1256,8,2026-03-22 19:29:00,53,3.74,42.19,2.4,CLOSED
PING-25609,SHP-1256,9,2026-03-22 20:11:00,76,3.85,42.31,2.4,CLOSED
PING-25610,SHP-1256,10,2026-03-22 21:04:00,55,4.0,38.88,2.4,CLOSED
PING-25611,SHP-1256,11,2026-03-22 21:40:00,67,3.87,43.79,2.4,CLOSED
PING-25612,SHP-1256,12,2026-03-22 22:38:00,77,3.59,40.57,2.4,CLOSED
PING-25701,SHP-1257,1,2026-03-22 16:00:00,49,3.64,34.94,2.4,CLOSED
PING-25702,SHP-1257,2,2026-03-22 16:54:00,64,3.72,32.68,2.4,CLOSED
PING-25703,SHP-1257,3,2026-03-22 17:45:00,75,3.62,35.02,2.4,CLOSED
PING-25704,SHP-1257,4,2026-03-22 18:26:00,72,3.6,33.27,2.4,CLOSED
PING-25705,SHP-1257,5,2026-03-22 19:14:00,69,3.71,32.38,2.4,CLOSED
PING-25706,SHP-1257,6,2026-03-22 20:03:00,76,3.96,35.03,2.4,CLOSED
PING-25707,SHP-1257,7,2026-03-22 21:02:00,59,4.0,34.45,2.4,CLOSED
PING-25708,SHP-1257,8,2026-03-22 21:39:00,60,3.94,36.09,2.4,CLOSED
PING-25709,SHP-1257,9,2026-03-22 22:32:00,56,4.0,32.45,2.4,CLOSED
PING-25710,SHP-1257,10,2026-03-22 23:15:00,53,4.11,33.77,2.4,CLOSED
PING-25711,SHP-1257,11,2026-03-22 23:59:00,74,4.27,35.27,2.4,CLOSED
PING-25712,SHP-1257,12,2026-03-23 00:42:00,49,4.23,32.34,2.4,CLOSED
PING-25801,SHP-1258,1,2026-03-22 18:00:00,50,3.71,38.96,2.4,CLOSED
PING-25802,SHP-1258,2,2026-03-22 18:37:00,70,3.57,42.26,2.4,CLOSED
PING-25803,SHP-1258,3,2026-03-22 19:31:00,0,7.01,40.4,4.8,OPEN
PING-25804,SHP-1258,4,2026-03-22 20:23:00,57,5.81,42.2,2.4,CLOSED
PING-25805,SHP-1258,5,2026-03-22 21:14:00,68,4.61,40.52,2.4,CLOSED
PING-25806,SHP-1258,6,2026-03-22 22:11:00,53,3.41,39.67,2.4,CLOSED
PING-25807,SHP-1258,7,2026-03-22 23:05:00,0,6.49,42.46,4.8,OPEN
PING-25808,SHP-1258,8,2026-03-22 23:48:00,57,5.29,42.46,2.4,CLOSED
PING-25901,SHP-1259,1,2026-03-22 20:00:00,56,4.27,33.38,2.4,CLOSED
PING-25902,SHP-1259,2,2026-03-22 20:50:00,63,4.46,29.73,2.4,CLOSED
PING-25903,SHP-1259,3,2026-03-22 21:38:00,0,7.22,32.37,4.8,OPEN
PING-25904,SHP-1259,4,2026-03-22 22:24:00,72,6.02,32.26,2.4,CLOSED
PING-25905,SHP-1259,5,2026-03-22 23:16:00,52,4.82,33.94,2.4,CLOSED
PING-25906,SHP-1259,6,2026-03-23 00:12:00,55,4.99,31.48,2.4,CLOSED
PING-25907,SHP-1259,7,2026-03-23 00:50:00,0,8.19,29.33,4.8,OPEN
PING-25908,SHP-1259,8,2026-03-23 01:38:00,66,6.99,30.68,2.4,CLOSED
PING-25909,SHP-1259,9,2026-03-23 02:25:00,73,5.79,29.13,2.4,CLOSED
PING-25910,SHP-1259,10,2026-03-23 03:19:00,50,4.59,28.73,2.4,CLOSED
PING-25911,SHP-1259,11,2026-03-23 03:58:00,58,4.75,33.33,2.4,CLOSED
PING-25912,SHP-1259,12,2026-03-23 04:46:00,68,4.46,29.14,2.4,CLOSED
PING-26001,SHP-1260,1,2026-03-22 22:00:00,58,3.26,41.21,2.4,CLOSED
PING-26002,SHP-1260,2,2026-03-22 22:59:00,70,3.34,39.7,2.4,CLOSED
PING-26003,SHP-1260,3,2026-03-22 23:49:00,59,3.63,37.13,2.4,CLOSED
PING-26004,SHP-1260,4,2026-03-23 00:47:00,58,3.81,42.17,2.4,CLOSED
PING-26005,SHP-1260,5,2026-03-23 01:30:00,65,3.73,38.28,2.4,CLOSED
PING-26006,SHP-1260,6,2026-03-23 02:22:00,48,3.52,39.71,2.4,CLOSED
PING-26007,SHP-1260,7,2026-03-23 03:10:00,76,3.28,39.92,2.4,CLOSED
PING-26008,SHP-1260,8,2026-03-23 03:48:00,71,3.17,39.65,2.4,CLOSED
PING-26101,SHP-1261,1,2026-03-23 00:00:00,61,3.92,31.85,2.4,CLOSED
PING-26102,SHP-1261,2,2026-03-23 00:51:00,63,3.64,32.53,2.4,CLOSED
PING-26103,SHP-1261,3,2026-03-23 01:50:00,63,3.64,34.26,2.4,CLOSED
PING-26104,SHP-1261,4,2026-03-23 02:37:00,62,3.47,35.53,2.4,CLOSED
PING-26105,SHP-1261,5,2026-03-23 03:22:00,77,3.58,34.9,2.4,CLOSED
PING-26106,SHP-1261,6,2026-03-23 04:13:00,75,3.72,35.62,2.4,CLOSED
PING-26107,SHP-1261,7,2026-03-23 05:12:00,57,3.8,31.07,2.4,CLOSED
PING-26108,SHP-1261,8,2026-03-23 05:56:00,74,4.07,33.22,2.4,CLOSED
PING-26109,SHP-1261,9,2026-03-23 06:44:00,59,3.96,34.27,2.4,CLOSED
PING-26110,SHP-1261,10,2026-03-23 07:29:00,62,3.77,31.58,2.4,CLOSED
PING-26201,SHP-1262,1,2026-03-23 02:00:00,56,3.13,25.76,2.4,CLOSED
PING-26202,SHP-1262,2,2026-03-23 02:42:00,57,3.0,26.48,2.4,CLOSED
PING-26203,SHP-1262,3,2026-03-23 03:29:00,65,3.12,30.17,2.4,CLOSED
PING-26204,SHP-1262,4,2026-03-23 04:15:00,71,3.13,28.1,2.4,CLOSED
PING-26205,SHP-1262,5,2026-03-23 05:07:00,58,3.09,29.93,2.4,CLOSED
PING-26206,SHP-1262,6,2026-03-23 05:46:00,52,2.99,27.73,2.4,CLOSED
PING-26207,SHP-1262,7,2026-03-23 06:26:00,71,3.04,30.08,2.4,CLOSED
PING-26208,SHP-1262,8,2026-03-23 07:10:00,64,3.33,27.95,2.4,CLOSED
PING-26209,SHP-1262,9,2026-03-23 08:05:00,69,3.47,26.83,2.4,CLOSED
PING-26210,SHP-1262,10,2026-03-23 08:51:00,61,3.69,29.51,2.4,CLOSED
PING-26301,SHP-1263,1,2026-03-23 04:00:00,56,2.74,25.74,2.4,CLOSED
PING-26302,SHP-1263,2,2026-03-23 04:36:00,61,3.0,24.66,2.4,CLOSED
PING-26303,SHP-1263,3,2026-03-23 05:32:00,51,2.87,25.74,2.4,CLOSED
PING-26304,SHP-1263,4,2026-03-23 06:21:00,60,2.61,29.12,2.4,CLOSED
PING-26305,SHP-1263,5,2026-03-23 07:00:00,58,2.51,27.41,2.4,CLOSED
PING-26306,SHP-1263,6,2026-03-23 07:57:00,47,2.45,26.1,2.4,CLOSED
PING-26307,SHP-1263,7,2026-03-23 08:36:00,45,2.54,25.8,2.4,CLOSED
PING-26308,SHP-1263,8,2026-03-23 09:24:00,63,2.41,24.82,2.4,CLOSED
PING-26309,SHP-1263,9,2026-03-23 10:22:00,75,2.28,25.98,2.4,CLOSED
PING-26310,SHP-1263,10,2026-03-23 11:16:00,67,2.13,25.97,2.4,CLOSED
PING-26401,SHP-1264,1,2026-03-23 06:00:00,76,2.55,34.82,2.4,CLOSED
PING-26402,SHP-1264,2,2026-03-23 06:57:00,61,2.8,34.29,2.4,CLOSED
PING-26403,SHP-1264,3,2026-03-23 07:42:00,46,2.75,33.22,2.4,CLOSED
PING-26404,SHP-1264,4,2026-03-23 08:33:00,73,2.7,32.66,2.4,CLOSED
PING-26405,SHP-1264,5,2026-03-23 09:11:00,67,2.89,32.16,2.4,CLOSED
PING-26406,SHP-1264,6,2026-03-23 09:59:00,75,2.83,34.17,2.4,CLOSED
PING-26407,SHP-1264,7,2026-03-23 10:37:00,73,2.83,34.52,2.4,CLOSED
PING-26408,SHP-1264,8,2026-03-23 11:33:00,74,2.68,34.99,2.4,CLOSED
PING-26409,SHP-1264,9,2026-03-23 12:26:00,74,2.59,34.34,2.4,CLOSED
PING-26410,SHP-1264,10,2026-03-23 13:22:00,49,2.51,32.66,2.4,CLOSED
PING-26411,SHP-1264,11,2026-03-23 14:08:00,61,2.53,33.83,2.4,CLOSED
PING-26412,SHP-1264,12,2026-03-23 15:04:00,55,2.33,35.72,2.4,CLOSED
PING-26501,SHP-1265,1,2026-03-23 08:00:00,47,3.83,40.39,2.4,CLOSED
PING-26502,SHP-1265,2,2026-03-23 08:59:00,73,3.81,44.12,2.4,CLOSED
PING-26503,SHP-1265,3,2026-03-23 09:46:00,51,3.93,43.24,2.4,CLOSED
PING-26504,SHP-1265,4,2026-03-23 10:27:00,47,4.13,43.7,2.4,CLOSED
PING-26505,SHP-1265,5,2026-03-23 11:04:00,55,4.36,43.05,2.4,CLOSED
PING-26506,SHP-1265,6,2026-03-23 11:51:00,66,4.28,44.66,2.4,CLOSED
PING-26507,SHP-1265,7,2026-03-23 12:27:00,65,4.53,43.89,2.4,CLOSED
PING-26508,SHP-1265,8,2026-03-23 13:11:00,73,4.51,41.73,2.4,CLOSED
PING-26509,SHP-1265,9,2026-03-23 13:59:00,50,4.22,42.98,2.4,CLOSED
PING-26510,SHP-1265,10,2026-03-23 14:51:00,49,4.27,41.9,2.4,CLOSED
PING-26601,SHP-1266,1,2026-03-23 10:00:00,76,3.88,40.51,2.4,CLOSED
PING-26602,SHP-1266,2,2026-03-23 10:40:00,45,3.95,40.5,2.4,CLOSED
PING-26603,SHP-1266,3,2026-03-23 11:28:00,56,3.68,35.8,2.4,CLOSED
PING-26604,SHP-1266,4,2026-03-23 12:12:00,60,3.78,37.49,2.4,CLOSED
PING-26605,SHP-1266,5,2026-03-23 12:49:00,48,3.63,39.82,2.4,CLOSED
PING-26606,SHP-1266,6,2026-03-23 13:27:00,56,3.69,36.62,2.4,CLOSED
PING-26607,SHP-1266,7,2026-03-23 14:17:00,58,3.66,38.64,2.4,CLOSED
PING-26608,SHP-1266,8,2026-03-23 15:04:00,63,3.54,39.06,2.4,CLOSED
PING-26701,SHP-1267,1,2026-03-23 12:00:00,63,3.7,27.31,2.4,CLOSED
PING-26702,SHP-1267,2,2026-03-23 12:47:00,51,3.77,28.61,2.4,CLOSED
PING-26703,SHP-1267,3,2026-03-23 13:38:00,0,6.79,31.83,4.8,OPEN
PING-26704,SHP-1267,4,2026-03-23 14:21:00,53,5.59,32.53,2.4,CLOSED
PING-26705,SHP-1267,5,2026-03-23 15:18:00,45,4.39,31.35,2.4,CLOSED
PING-26706,SHP-1267,6,2026-03-23 15:55:00,54,4.11,28.59,2.4,CLOSED
PING-26707,SHP-1267,7,2026-03-23 16:50:00,0,7.76,32.51,4.8,OPEN
PING-26708,SHP-1267,8,2026-03-23 17:42:00,58,6.56,30.95,2.4,CLOSED
PING-26709,SHP-1267,9,2026-03-23 18:41:00,68,5.36,31.3,2.4,CLOSED
PING-26710,SHP-1267,10,2026-03-23 19:39:00,48,4.16,30.99,2.4,CLOSED
PING-26801,SHP-1268,1,2026-03-23 14:00:00,69,-20.5,31.69,2.4,CLOSED
PING-26802,SHP-1268,2,2026-03-23 14:58:00,55,-20.37,31.6,2.4,CLOSED
PING-26803,SHP-1268,3,2026-03-23 15:46:00,48,-20.62,30.98,2.4,CLOSED
PING-26804,SHP-1268,4,2026-03-23 16:40:00,45,-20.61,33.71,2.4,CLOSED
PING-26805,SHP-1268,5,2026-03-23 17:25:00,52,-20.6,33.04,2.4,CLOSED
PING-26806,SHP-1268,6,2026-03-23 18:24:00,54,-20.86,31.35,2.4,CLOSED
PING-26807,SHP-1268,7,2026-03-23 19:05:00,71,-20.93,35.03,2.4,CLOSED
PING-26808,SHP-1268,8,2026-03-23 19:45:00,66,-20.9,32.88,2.4,CLOSED
PING-26809,SHP-1268,9,2026-03-23 20:30:00,61,-21.08,32.22,2.4,CLOSED
PING-26810,SHP-1268,10,2026-03-23 21:24:00,49,-20.92,30.5,2.4,CLOSED
PING-26811,SHP-1268,11,2026-03-23 22:21:00,73,-20.9,30.33,2.4,CLOSED
PING-26812,SHP-1268,12,2026-03-23 23:09:00,73,-20.88,30.55,2.4,CLOSED
PING-26901,SHP-1269,1,2026-03-23 16:00:00,74,4.53,25.89,2.4,CLOSED
PING-26902,SHP-1269,2,2026-03-23 16:54:00,68,4.78,25.93,2.4,CLOSED
PING-26903,SHP-1269,3,2026-03-23 17:30:00,0,8.69,28.84,4.8,OPEN
PING-26904,SHP-1269,4,2026-03-23 18:14:00,50,7.49,25.4,2.4,CLOSED
PING-26905,SHP-1269,5,2026-03-23 19:03:00,55,6.29,26.96,2.4,CLOSED
PING-26906,SHP-1269,6,2026-03-23 20:02:00,67,5.09,25.59,2.4,CLOSED
PING-26907,SHP-1269,7,2026-03-23 21:00:00,0,8.36,24.31,4.8,OPEN
PING-26908,SHP-1269,8,2026-03-23 21:47:00,66,7.16,28.21,2.4,CLOSED
PING-27001,SHP-1270,1,2026-03-23 18:00:00,67,3.67,34.73,2.4,CLOSED
PING-27002,SHP-1270,2,2026-03-23 18:52:00,56,3.97,34.41,2.4,CLOSED
PING-27003,SHP-1270,3,2026-03-23 19:44:00,55,4.08,34.15,2.4,CLOSED
PING-27004,SHP-1270,4,2026-03-23 20:41:00,65,3.91,31.99,2.4,CLOSED
PING-27005,SHP-1270,5,2026-03-23 21:40:00,52,3.9,31.93,2.4,CLOSED
PING-27006,SHP-1270,6,2026-03-23 22:31:00,64,3.65,34.95,2.4,CLOSED
PING-27007,SHP-1270,7,2026-03-23 23:27:00,77,3.39,33.67,2.4,CLOSED
PING-27008,SHP-1270,8,2026-03-24 00:06:00,50,3.1,34.44,2.4,CLOSED
PING-27101,SHP-1271,1,2026-03-23 20:00:00,53,3.49,31.99,2.4,CLOSED
PING-27102,SHP-1271,2,2026-03-23 20:36:00,57,3.61,30.91,2.4,CLOSED
PING-27103,SHP-1271,3,2026-03-23 21:11:00,72,3.74,31.58,2.4,CLOSED
PING-27104,SHP-1271,4,2026-03-23 22:00:00,65,3.58,29.48,2.4,CLOSED
PING-27105,SHP-1271,5,2026-03-23 22:47:00,75,3.67,31.51,2.4,CLOSED
PING-27106,SHP-1271,6,2026-03-23 23:41:00,75,3.73,31.6,2.4,CLOSED
PING-27107,SHP-1271,7,2026-03-24 00:23:00,46,3.96,30.16,2.4,CLOSED
PING-27108,SHP-1271,8,2026-03-24 01:00:00,45,4.17,34.15,2.4,CLOSED
PING-27109,SHP-1271,9,2026-03-24 01:46:00,58,3.87,30.44,2.4,CLOSED
PING-27110,SHP-1271,10,2026-03-24 02:36:00,61,3.98,29.63,2.4,CLOSED
PING-27201,SHP-1272,1,2026-03-23 22:00:00,57,2.79,39.23,2.4,CLOSED
PING-27202,SHP-1272,2,2026-03-23 22:48:00,65,2.9,35.66,2.4,CLOSED
PING-27203,SHP-1272,3,2026-03-23 23:44:00,75,2.72,36.2,2.4,CLOSED
PING-27204,SHP-1272,4,2026-03-24 00:37:00,55,2.59,36.53,2.4,CLOSED
PING-27205,SHP-1272,5,2026-03-24 01:30:00,74,2.62,36.51,2.4,CLOSED
PING-27206,SHP-1272,6,2026-03-24 02:22:00,49,2.77,37.02,2.4,CLOSED
PING-27207,SHP-1272,7,2026-03-24 03:09:00,55,2.68,38.6,2.4,CLOSED
PING-27208,SHP-1272,8,2026-03-24 03:49:00,75,2.81,37.93,2.4,CLOSED
PING-27209,SHP-1272,9,2026-03-24 04:39:00,73,2.55,36.39,2.4,CLOSED
PING-27210,SHP-1272,10,2026-03-24 05:29:00,64,2.84,38.81,2.4,CLOSED
PING-27301,SHP-1273,1,2026-03-24 00:00:00,45,3.7,34.77,2.4,CLOSED
PING-27302,SHP-1273,2,2026-03-24 00:48:00,71,3.5,33.06,2.4,CLOSED
PING-27303,SHP-1273,3,2026-03-24 01:30:00,0,7.45,34.54,4.8,OPEN
PING-27304,SHP-1273,4,2026-03-24 02:27:00,65,6.25,35.1,2.4,CLOSED
PING-27305,SHP-1273,5,2026-03-24 03:22:00,46,5.05,35.3,2.4,CLOSED
PING-27306,SHP-1273,6,2026-03-24 04:12:00,47,3.85,33.83,2.4,CLOSED
PING-27307,SHP-1273,7,2026-03-24 04:49:00,0,7.56,34.04,4.8,OPEN
PING-27308,SHP-1273,8,2026-03-24 05:47:00,51,6.36,34.36,2.4,CLOSED
PING-27309,SHP-1273,9,2026-03-24 06:27:00,65,5.16,35.0,2.4,CLOSED
PING-27310,SHP-1273,10,2026-03-24 07:20:00,71,3.96,35.72,2.4,CLOSED
PING-27311,SHP-1273,11,2026-03-24 07:56:00,67,3.87,33.77,2.4,CLOSED
PING-27312,SHP-1273,12,2026-03-24 08:35:00,58,3.9,33.18,2.4,CLOSED
PING-27401,SHP-1274,1,2026-03-24 02:00:00,65,3.88,27.3,2.4,CLOSED
PING-27402,SHP-1274,2,2026-03-24 02:59:00,72,3.8,30.2,2.4,CLOSED
PING-27403,SHP-1274,3,2026-03-24 03:37:00,0,7.67,31.16,4.8,OPEN
PING-27404,SHP-1274,4,2026-03-24 04:25:00,61,6.47,27.74,2.4,CLOSED
PING-27405,SHP-1274,5,2026-03-24 05:16:00,75,5.27,27.77,2.4,CLOSED
PING-27406,SHP-1274,6,2026-03-24 05:57:00,74,4.07,28.82,2.4,CLOSED
PING-27407,SHP-1274,7,2026-03-24 06:48:00,0,7.26,30.54,4.8,OPEN
PING-27408,SHP-1274,8,2026-03-24 07:33:00,54,6.06,27.53,2.4,CLOSED
PING-27409,SHP-1274,9,2026-03-24 08:26:00,69,4.86,30.95,2.4,CLOSED
PING-27410,SHP-1274,10,2026-03-24 09:17:00,45,4.71,31.71,2.4,CLOSED
PING-27501,SHP-1275,1,2026-03-24 04:00:00,74,3.43,40.64,2.4,CLOSED
PING-27502,SHP-1275,2,2026-03-24 04:51:00,48,3.71,40.85,2.4,CLOSED
PING-27503,SHP-1275,3,2026-03-24 05:27:00,53,3.71,43.21,2.4,CLOSED
PING-27504,SHP-1275,4,2026-03-24 06:11:00,73,3.79,43.61,2.4,CLOSED
PING-27505,SHP-1275,5,2026-03-24 06:58:00,47,3.76,38.27,2.4,CLOSED
PING-27506,SHP-1275,6,2026-03-24 07:48:00,57,3.5,38.22,2.4,CLOSED
PING-27507,SHP-1275,7,2026-03-24 08:38:00,49,3.46,39.83,2.4,CLOSED
PING-27508,SHP-1275,8,2026-03-24 09:27:00,60,3.55,42.62,2.4,CLOSED
PING-27601,SHP-1276,1,2026-03-24 06:00:00,56,3.61,35.78,2.4,CLOSED
PING-27602,SHP-1276,2,2026-03-24 06:47:00,74,3.53,32.96,2.4,CLOSED
PING-27603,SHP-1276,3,2026-03-24 07:34:00,0,5.84,37.08,4.8,OPEN
PING-27604,SHP-1276,4,2026-03-24 08:15:00,65,4.64,33.25,2.4,CLOSED
PING-27605,SHP-1276,5,2026-03-24 09:00:00,74,3.44,33.25,2.4,CLOSED
PING-27606,SHP-1276,6,2026-03-24 09:51:00,58,3.26,35.31,2.4,CLOSED
PING-27607,SHP-1276,7,2026-03-24 10:40:00,0,6.63,35.86,4.8,OPEN
PING-27608,SHP-1276,8,2026-03-24 11:21:00,58,5.43,32.55,2.4,CLOSED
PING-27701,SHP-1277,1,2026-03-24 08:00:00,62,2.51,38.47,2.4,CLOSED
PING-27702,SHP-1277,2,2026-03-24 08:59:00,54,2.39,41.16,2.4,CLOSED
PING-27703,SHP-1277,3,2026-03-24 09:34:00,0,4.71,39.66,4.8,OPEN
PING-27704,SHP-1277,4,2026-03-24 10:13:00,77,3.51,38.96,2.4,CLOSED
PING-27705,SHP-1277,5,2026-03-24 11:02:00,50,2.31,38.0,2.4,CLOSED
PING-27706,SHP-1277,6,2026-03-24 11:52:00,70,2.34,37.89,2.4,CLOSED
PING-27707,SHP-1277,7,2026-03-24 12:43:00,0,4.9,39.64,4.8,OPEN
PING-27708,SHP-1277,8,2026-03-24 13:33:00,49,3.7,39.43,2.4,CLOSED
PING-27709,SHP-1277,9,2026-03-24 14:08:00,61,2.5,40.25,2.4,CLOSED
PING-27710,SHP-1277,10,2026-03-24 14:44:00,60,2.76,41.57,2.4,CLOSED
PING-27711,SHP-1277,11,2026-03-24 15:21:00,48,3.03,38.95,2.4,CLOSED
PING-27712,SHP-1277,12,2026-03-24 16:19:00,46,2.87,40.77,2.4,CLOSED
PING-27801,SHP-1278,1,2026-03-24 10:00:00,56,3.9,36.72,2.4,CLOSED
PING-27802,SHP-1278,2,2026-03-24 10:53:00,59,3.8,37.53,2.4,CLOSED
PING-27803,SHP-1278,3,2026-03-24 11:45:00,0,7.99,38.98,4.8,OPEN
PING-27804,SHP-1278,4,2026-03-24 12:31:00,70,6.79,38.84,2.4,CLOSED
PING-27805,SHP-1278,5,2026-03-24 13:07:00,48,5.59,35.52,2.4,CLOSED
PING-27806,SHP-1278,6,2026-03-24 13:53:00,72,4.39,37.03,2.4,CLOSED
PING-27807,SHP-1278,7,2026-03-24 14:37:00,0,8.55,39.91,4.8,OPEN
PING-27808,SHP-1278,8,2026-03-24 15:28:00,53,7.35,35.95,2.4,CLOSED
PING-27809,SHP-1278,9,2026-03-24 16:03:00,48,6.15,36.92,2.4,CLOSED
PING-27810,SHP-1278,10,2026-03-24 16:51:00,47,4.95,36.06,2.4,CLOSED
PING-27811,SHP-1278,11,2026-03-24 17:30:00,65,5.03,38.34,2.4,CLOSED
PING-27812,SHP-1278,12,2026-03-24 18:11:00,57,3.83,35.84,2.4,CLOSED
PING-27901,SHP-1279,1,2026-03-24 12:00:00,67,-19.91,25.24,2.4,CLOSED
PING-27902,SHP-1279,2,2026-03-24 12:50:00,67,-19.69,25.38,2.4,CLOSED
PING-27903,SHP-1279,3,2026-03-24 13:41:00,72,-19.62,25.01,2.4,CLOSED
PING-27904,SHP-1279,4,2026-03-24 14:33:00,67,-19.9,29.31,2.4,CLOSED
PING-27905,SHP-1279,5,2026-03-24 15:12:00,64,-20.01,28.06,2.4,CLOSED
PING-27906,SHP-1279,6,2026-03-24 15:55:00,74,-19.91,28.03,2.4,CLOSED
PING-27907,SHP-1279,7,2026-03-24 16:47:00,75,-19.98,25.56,2.4,CLOSED
PING-27908,SHP-1279,8,2026-03-24 17:27:00,66,-20.06,28.77,2.4,CLOSED
PING-27909,SHP-1279,9,2026-03-24 18:05:00,71,-19.87,27.26,2.4,CLOSED
PING-27910,SHP-1279,10,2026-03-24 18:59:00,50,-20.06,28.78,2.4,CLOSED
PING-27911,SHP-1279,11,2026-03-24 19:46:00,67,-20.21,28.94,2.4,CLOSED
PING-27912,SHP-1279,12,2026-03-24 20:36:00,60,-20.3,28.17,2.4,CLOSED
PING-28001,SHP-1280,1,2026-03-24 14:00:00,59,3.78,39.43,2.4,CLOSED
PING-28002,SHP-1280,2,2026-03-24 14:37:00,77,3.59,37.83,2.4,CLOSED
PING-28003,SHP-1280,3,2026-03-24 15:13:00,0,5.51,40.04,4.8,OPEN
PING-28004,SHP-1280,4,2026-03-24 16:09:00,60,4.31,35.95,2.4,CLOSED
PING-28005,SHP-1280,5,2026-03-24 17:04:00,58,4.2,38.8,2.4,CLOSED
PING-28006,SHP-1280,6,2026-03-24 17:47:00,74,4.28,39.44,2.4,CLOSED
PING-28007,SHP-1280,7,2026-03-24 18:31:00,0,6.83,36.62,4.8,OPEN
PING-28008,SHP-1280,8,2026-03-24 19:14:00,61,5.63,37.34,2.4,CLOSED
PING-28009,SHP-1280,9,2026-03-24 19:52:00,50,4.43,36.94,2.4,CLOSED
PING-28010,SHP-1280,10,2026-03-24 20:41:00,61,4.49,39.11,2.4,CLOSED
PING-28011,SHP-1280,11,2026-03-24 21:34:00,49,4.45,37.97,2.4,CLOSED
PING-28012,SHP-1280,12,2026-03-24 22:18:00,77,4.23,37.08,2.4,CLOSED
PING-28101,SHP-1281,1,2026-03-24 16:00:00,45,3.74,32.24,2.4,CLOSED
PING-28102,SHP-1281,2,2026-03-24 16:38:00,55,3.96,29.42,2.4,CLOSED
PING-28103,SHP-1281,3,2026-03-24 17:13:00,74,3.86,27.54,2.4,CLOSED
PING-28104,SHP-1281,4,2026-03-24 17:58:00,57,3.58,28.35,2.4,CLOSED
PING-28105,SHP-1281,5,2026-03-24 18:39:00,59,3.81,28.91,2.4,CLOSED
PING-28106,SHP-1281,6,2026-03-24 19:28:00,53,3.6,30.4,2.4,CLOSED
PING-28107,SHP-1281,7,2026-03-24 20:08:00,61,3.71,31.65,2.4,CLOSED
PING-28108,SHP-1281,8,2026-03-24 21:06:00,56,3.48,29.16,2.4,CLOSED
PING-28109,SHP-1281,9,2026-03-24 21:44:00,70,3.67,30.06,2.4,CLOSED
PING-28110,SHP-1281,10,2026-03-24 22:32:00,63,3.41,31.75,2.4,CLOSED
PING-28111,SHP-1281,11,2026-03-24 23:21:00,67,3.27,29.39,2.4,CLOSED
PING-28112,SHP-1281,12,2026-03-25 00:09:00,57,3.26,31.35,2.4,CLOSED
PING-28201,SHP-1282,1,2026-03-24 18:00:00,76,3.7,31.56,2.4,CLOSED
PING-28202,SHP-1282,2,2026-03-24 18:50:00,74,3.74,35.1,2.4,CLOSED
PING-28203,SHP-1282,3,2026-03-24 19:49:00,0,8.04,32.21,4.8,OPEN
PING-28204,SHP-1282,4,2026-03-24 20:42:00,62,6.84,32.15,2.4,CLOSED
PING-28205,SHP-1282,5,2026-03-24 21:21:00,47,5.64,35.35,2.4,CLOSED
PING-28206,SHP-1282,6,2026-03-24 22:04:00,73,4.44,34.32,2.4,CLOSED
PING-28207,SHP-1282,7,2026-03-24 22:55:00,0,7.0,33.49,4.8,OPEN
PING-28208,SHP-1282,8,2026-03-24 23:40:00,52,5.8,35.55,2.4,CLOSED
PING-28209,SHP-1282,9,2026-03-25 00:30:00,46,4.6,35.48,2.4,CLOSED
PING-28210,SHP-1282,10,2026-03-25 01:07:00,58,3.4,34.11,2.4,CLOSED
PING-28211,SHP-1282,11,2026-03-25 01:42:00,66,3.49,34.56,2.4,CLOSED
PING-28212,SHP-1282,12,2026-03-25 02:21:00,53,3.34,36.25,2.4,CLOSED
PING-28301,SHP-1283,1,2026-03-24 20:00:00,69,4.1,34.33,2.4,CLOSED
PING-28302,SHP-1283,2,2026-03-24 20:54:00,77,4.01,32.09,2.4,CLOSED
PING-28303,SHP-1283,3,2026-03-24 21:29:00,49,3.93,30.37,2.4,CLOSED
PING-28304,SHP-1283,4,2026-03-24 22:11:00,67,3.66,30.11,2.4,CLOSED
PING-28305,SHP-1283,5,2026-03-24 22:51:00,47,3.42,31.17,2.4,CLOSED
PING-28306,SHP-1283,6,2026-03-24 23:40:00,73,3.7,34.52,2.4,CLOSED
PING-28307,SHP-1283,7,2026-03-25 00:19:00,47,3.56,33.98,2.4,CLOSED
PING-28308,SHP-1283,8,2026-03-25 00:55:00,53,3.59,31.04,2.4,CLOSED
PING-28309,SHP-1283,9,2026-03-25 01:54:00,72,3.74,32.85,2.4,CLOSED
PING-28310,SHP-1283,10,2026-03-25 02:50:00,76,3.83,31.25,2.4,CLOSED
PING-28401,SHP-1284,1,2026-03-24 22:00:00,56,2.26,33.59,2.4,CLOSED
PING-28402,SHP-1284,2,2026-03-24 22:55:00,75,2.49,29.98,2.4,CLOSED
PING-28403,SHP-1284,3,2026-03-24 23:37:00,72,2.33,31.84,2.4,CLOSED
PING-28404,SHP-1284,4,2026-03-25 00:17:00,61,2.26,31.0,2.4,CLOSED
PING-28405,SHP-1284,5,2026-03-25 01:14:00,74,2.19,30.53,2.4,CLOSED
PING-28406,SHP-1284,6,2026-03-25 02:07:00,74,2.45,28.41,2.4,CLOSED
PING-28407,SHP-1284,7,2026-03-25 02:47:00,59,2.44,31.62,2.4,CLOSED
PING-28408,SHP-1284,8,2026-03-25 03:45:00,59,2.21,29.16,2.4,CLOSED
PING-28409,SHP-1284,9,2026-03-25 04:42:00,60,2.49,28.67,2.4,CLOSED
PING-28410,SHP-1284,10,2026-03-25 05:36:00,56,2.61,32.98,2.4,CLOSED
PING-28411,SHP-1284,11,2026-03-25 06:35:00,63,2.64,29.74,2.4,CLOSED
PING-28412,SHP-1284,12,2026-03-25 07:24:00,54,2.6,28.47,2.4,CLOSED
PING-28501,SHP-1285,1,2026-03-25 00:00:00,60,3.11,23.9,2.4,CLOSED
PING-28502,SHP-1285,2,2026-03-25 00:54:00,67,3.34,25.18,2.4,CLOSED
PING-28503,SHP-1285,3,2026-03-25 01:32:00,72,3.27,25.62,2.4,CLOSED
PING-28504,SHP-1285,4,2026-03-25 02:07:00,77,3.13,27.43,2.4,CLOSED
PING-28505,SHP-1285,5,2026-03-25 03:04:00,62,3.29,24.53,2.4,CLOSED
PING-28506,SHP-1285,6,2026-03-25 03:47:00,73,3.34,25.19,2.4,CLOSED
PING-28507,SHP-1285,7,2026-03-25 04:25:00,50,3.38,27.07,2.4,CLOSED
PING-28508,SHP-1285,8,2026-03-25 05:06:00,58,3.22,26.97,2.4,CLOSED
PING-28509,SHP-1285,9,2026-03-25 05:54:00,74,3.07,24.31,2.4,CLOSED
PING-28510,SHP-1285,10,2026-03-25 06:29:00,49,3.13,26.49,2.4,CLOSED
PING-28601,SHP-1286,1,2026-03-25 02:00:00,73,3.08,29.31,2.4,CLOSED
PING-28602,SHP-1286,2,2026-03-25 02:51:00,77,3.25,31.04,2.4,CLOSED
PING-28603,SHP-1286,3,2026-03-25 03:30:00,0,7.27,30.73,4.8,OPEN
PING-28604,SHP-1286,4,2026-03-25 04:19:00,57,6.07,31.19,2.4,CLOSED
PING-28605,SHP-1286,5,2026-03-25 05:12:00,56,4.87,32.79,2.4,CLOSED
PING-28606,SHP-1286,6,2026-03-25 05:47:00,55,3.67,30.73,2.4,CLOSED
PING-28607,SHP-1286,7,2026-03-25 06:40:00,0,6.29,32.46,4.8,OPEN
PING-28608,SHP-1286,8,2026-03-25 07:32:00,66,5.09,32.3,2.4,CLOSED
PING-28609,SHP-1286,9,2026-03-25 08:17:00,57,3.89,32.09,2.4,CLOSED
PING-28610,SHP-1286,10,2026-03-25 08:53:00,73,2.69,33.52,2.4,CLOSED
PING-28701,SHP-1287,1,2026-03-25 04:00:00,53,4.08,41.29,2.4,CLOSED
PING-28702,SHP-1287,2,2026-03-25 04:51:00,68,3.97,39.77,2.4,CLOSED
PING-28703,SHP-1287,3,2026-03-25 05:26:00,0,6.19,42.49,4.8,OPEN
PING-28704,SHP-1287,4,2026-03-25 06:06:00,48,4.99,41.39,2.4,CLOSED
PING-28705,SHP-1287,5,2026-03-25 06:52:00,73,5.17,42.29,2.4,CLOSED
PING-28706,SHP-1287,6,2026-03-25 07:34:00,61,3.97,41.22,2.4,CLOSED
PING-28707,SHP-1287,7,2026-03-25 08:17:00,0,5.88,40.37,4.8,OPEN
PING-28708,SHP-1287,8,2026-03-25 08:52:00,76,4.68,42.02,2.4,CLOSED
PING-28801,SHP-1288,1,2026-03-25 06:00:00,58,3.18,25.33,2.4,CLOSED
PING-28802,SHP-1288,2,2026-03-25 06:59:00,69,3.16,24.58,2.4,CLOSED
PING-28803,SHP-1288,3,2026-03-25 07:34:00,0,6.05,27.26,4.8,OPEN
PING-28804,SHP-1288,4,2026-03-25 08:21:00,74,4.85,25.99,2.4,CLOSED
PING-28805,SHP-1288,5,2026-03-25 09:03:00,75,3.65,25.84,2.4,CLOSED
PING-28806,SHP-1288,6,2026-03-25 09:44:00,71,3.41,28.14,2.4,CLOSED
PING-28807,SHP-1288,7,2026-03-25 10:19:00,0,6.14,27.72,4.8,OPEN
PING-28808,SHP-1288,8,2026-03-25 11:17:00,57,4.94,28.4,2.4,CLOSED
PING-28809,SHP-1288,9,2026-03-25 12:01:00,50,3.74,23.62,2.4,CLOSED
PING-28810,SHP-1288,10,2026-03-25 12:44:00,76,3.67,24.73,2.4,CLOSED
PING-28901,SHP-1289,1,2026-03-25 08:00:00,74,3.74,26.93,2.4,CLOSED
PING-28902,SHP-1289,2,2026-03-25 08:44:00,45,3.86,26.53,2.4,CLOSED
PING-28903,SHP-1289,3,2026-03-25 09:26:00,0,7.92,27.58,4.8,OPEN
PING-28904,SHP-1289,4,2026-03-25 10:10:00,53,6.72,27.92,2.4,CLOSED
PING-28905,SHP-1289,5,2026-03-25 10:48:00,53,5.52,26.28,2.4,CLOSED
PING-28906,SHP-1289,6,2026-03-25 11:38:00,57,4.32,27.45,2.4,CLOSED
PING-28907,SHP-1289,7,2026-03-25 12:29:00,0,8.61,28.88,4.8,OPEN
PING-28908,SHP-1289,8,2026-03-25 13:14:00,69,7.41,29.89,2.4,CLOSED
PING-28909,SHP-1289,9,2026-03-25 14:01:00,58,6.21,25.1,2.4,CLOSED
PING-28910,SHP-1289,10,2026-03-25 14:58:00,53,5.01,25.02,2.4,CLOSED
PING-29001,SHP-1290,1,2026-03-25 10:00:00,72,2.14,29.77,2.4,CLOSED
PING-29002,SHP-1290,2,2026-03-25 10:50:00,68,2.14,28.52,2.4,CLOSED
PING-29003,SHP-1290,3,2026-03-25 11:48:00,53,2.23,28.34,2.4,CLOSED
PING-29004,SHP-1290,4,2026-03-25 12:26:00,64,2.4,29.75,2.4,CLOSED
PING-29005,SHP-1290,5,2026-03-25 13:09:00,73,2.61,30.86,2.4,CLOSED
PING-29006,SHP-1290,6,2026-03-25 13:57:00,69,2.8,29.86,2.4,CLOSED
PING-29007,SHP-1290,7,2026-03-25 14:34:00,50,2.96,27.75,2.4,CLOSED
PING-29008,SHP-1290,8,2026-03-25 15:30:00,74,3.01,30.33,2.4,CLOSED
PING-29009,SHP-1290,9,2026-03-25 16:28:00,68,2.92,29.32,2.4,CLOSED
PING-29010,SHP-1290,10,2026-03-25 17:03:00,69,2.85,28.49,2.4,CLOSED
PING-29101,SHP-1291,1,2026-03-25 12:00:00,63,3.3,28.22,2.4,CLOSED
PING-29102,SHP-1291,2,2026-03-25 12:40:00,60,3.28,28.48,2.4,CLOSED
PING-29103,SHP-1291,3,2026-03-25 13:21:00,0,6.59,26.38,4.8,OPEN
PING-29104,SHP-1291,4,2026-03-25 14:07:00,49,5.39,25.26,2.4,CLOSED
PING-29105,SHP-1291,5,2026-03-25 14:50:00,54,4.19,27.29,2.4,CLOSED
PING-29106,SHP-1291,6,2026-03-25 15:49:00,63,4.2,30.23,2.4,CLOSED
PING-29107,SHP-1291,7,2026-03-25 16:47:00,0,8.3,25.59,4.8,OPEN
PING-29108,SHP-1291,8,2026-03-25 17:37:00,71,7.1,29.65,2.4,CLOSED
PING-29109,SHP-1291,9,2026-03-25 18:26:00,45,5.9,30.41,2.4,CLOSED
PING-29110,SHP-1291,10,2026-03-25 19:12:00,57,4.7,27.22,2.4,CLOSED
PING-29201,SHP-1292,1,2026-03-25 14:00:00,45,3.56,26.85,2.4,CLOSED
PING-29202,SHP-1292,2,2026-03-25 14:38:00,75,3.7,24.6,2.4,CLOSED
PING-29203,SHP-1292,3,2026-03-25 15:22:00,0,8.09,28.4,4.8,OPEN
PING-29204,SHP-1292,4,2026-03-25 16:20:00,50,6.89,25.59,2.4,CLOSED
PING-29205,SHP-1292,5,2026-03-25 16:58:00,54,5.69,28.35,2.4,CLOSED
PING-29206,SHP-1292,6,2026-03-25 17:37:00,62,4.49,25.85,2.4,CLOSED
PING-29207,SHP-1292,7,2026-03-25 18:32:00,0,6.31,25.6,4.8,OPEN
PING-29208,SHP-1292,8,2026-03-25 19:22:00,48,5.11,26.93,2.4,CLOSED
PING-29209,SHP-1292,9,2026-03-25 20:07:00,73,3.91,27.81,2.4,CLOSED
PING-29210,SHP-1292,10,2026-03-25 20:57:00,77,4.18,27.96,2.4,CLOSED
PING-29211,SHP-1292,11,2026-03-25 21:45:00,57,4.24,29.8,2.4,CLOSED
PING-29212,SHP-1292,12,2026-03-25 22:37:00,46,4.11,24.62,2.4,CLOSED
PING-29301,SHP-1293,1,2026-03-25 16:00:00,74,3.71,29.17,2.4,CLOSED
PING-29302,SHP-1293,2,2026-03-25 16:49:00,69,3.71,29.63,2.4,CLOSED
PING-29303,SHP-1293,3,2026-03-25 17:30:00,65,3.5,29.2,2.4,CLOSED
PING-29304,SHP-1293,4,2026-03-25 18:07:00,61,3.44,31.06,2.4,CLOSED
PING-29305,SHP-1293,5,2026-03-25 18:43:00,72,3.35,30.08,2.4,CLOSED
PING-29306,SHP-1293,6,2026-03-25 19:25:00,61,3.56,29.25,2.4,CLOSED
PING-29307,SHP-1293,7,2026-03-25 20:24:00,56,3.83,27.28,2.4,CLOSED
PING-29308,SHP-1293,8,2026-03-25 21:07:00,45,3.55,28.69,2.4,CLOSED
PING-29401,SHP-1294,1,2026-03-25 18:00:00,71,-19.76,26.63,2.4,CLOSED
PING-29402,SHP-1294,2,2026-03-25 18:58:00,50,-19.61,28.46,2.4,CLOSED
PING-29403,SHP-1294,3,2026-03-25 19:46:00,0,-15.25,27.85,4.8,OPEN
PING-29404,SHP-1294,4,2026-03-25 20:23:00,58,-16.45,26.75,2.4,CLOSED
PING-29405,SHP-1294,5,2026-03-25 21:18:00,69,-17.65,25.93,2.4,CLOSED
PING-29406,SHP-1294,6,2026-03-25 22:09:00,64,-18.85,24.59,2.4,CLOSED
PING-29407,SHP-1294,7,2026-03-25 22:49:00,0,-16.16,24.98,4.8,OPEN
PING-29408,SHP-1294,8,2026-03-25 23:27:00,46,-17.36,28.7,2.4,CLOSED
PING-29409,SHP-1294,9,2026-03-26 00:09:00,54,-18.56,25.03,2.4,CLOSED
PING-29410,SHP-1294,10,2026-03-26 00:55:00,61,-19.76,25.05,2.4,CLOSED
PING-29501,SHP-1295,1,2026-03-25 20:00:00,71,2.65,37.98,2.4,CLOSED
PING-29502,SHP-1295,2,2026-03-25 20:54:00,57,2.65,39.19,2.4,CLOSED
PING-29503,SHP-1295,3,2026-03-25 21:51:00,60,2.54,36.62,2.4,CLOSED
PING-29504,SHP-1295,4,2026-03-25 22:30:00,51,2.71,39.72,2.4,CLOSED
PING-29505,SHP-1295,5,2026-03-25 23:15:00,51,3.01,35.87,2.4,CLOSED
PING-29506,SHP-1295,6,2026-03-25 23:51:00,59,3.21,35.38,2.4,CLOSED
PING-29507,SHP-1295,7,2026-03-26 00:47:00,71,3.44,36.73,2.4,CLOSED
PING-29508,SHP-1295,8,2026-03-26 01:31:00,61,3.59,36.21,2.4,CLOSED
PING-29601,SHP-1296,1,2026-03-25 22:00:00,76,-20.37,40.45,2.4,CLOSED
PING-29602,SHP-1296,2,2026-03-25 22:44:00,50,-20.25,40.25,2.4,CLOSED
PING-29603,SHP-1296,3,2026-03-25 23:26:00,0,-16.89,39.15,4.8,OPEN
PING-29604,SHP-1296,4,2026-03-26 00:14:00,73,-18.09,41.08,2.4,CLOSED
PING-29605,SHP-1296,5,2026-03-26 01:06:00,47,-19.29,40.72,2.4,CLOSED
PING-29606,SHP-1296,6,2026-03-26 01:43:00,54,-19.23,39.83,2.4,CLOSED
PING-29607,SHP-1296,7,2026-03-26 02:19:00,0,-16.62,41.04,4.8,OPEN
PING-29608,SHP-1296,8,2026-03-26 03:08:00,47,-17.82,41.83,2.4,CLOSED
PING-29609,SHP-1296,9,2026-03-26 03:55:00,62,-19.02,42.83,2.4,CLOSED
PING-29610,SHP-1296,10,2026-03-26 04:38:00,63,-19.22,43.45,2.4,CLOSED
PING-29701,SHP-1297,1,2026-03-26 00:00:00,63,2.29,33.42,2.4,CLOSED
PING-29702,SHP-1297,2,2026-03-26 00:53:00,64,2.07,32.51,2.4,CLOSED
PING-29703,SHP-1297,3,2026-03-26 01:28:00,74,2.28,33.49,2.4,CLOSED
PING-29704,SHP-1297,4,2026-03-26 02:23:00,65,2.43,32.54,2.4,CLOSED
PING-29705,SHP-1297,5,2026-03-26 03:18:00,55,2.53,30.88,2.4,CLOSED
PING-29706,SHP-1297,6,2026-03-26 04:15:00,68,2.24,34.06,2.4,CLOSED
PING-29707,SHP-1297,7,2026-03-26 05:07:00,67,2.54,29.0,2.4,CLOSED
PING-29708,SHP-1297,8,2026-03-26 06:02:00,59,2.41,30.53,2.4,CLOSED
PING-29709,SHP-1297,9,2026-03-26 06:43:00,57,2.37,32.29,2.4,CLOSED
PING-29710,SHP-1297,10,2026-03-26 07:38:00,52,2.25,32.48,2.4,CLOSED
PING-29801,SHP-1298,1,2026-03-26 02:00:00,45,-19.9,29.53,2.4,CLOSED
PING-29802,SHP-1298,2,2026-03-26 02:52:00,47,-19.8,26.95,2.4,CLOSED
PING-29803,SHP-1298,3,2026-03-26 03:50:00,0,-15.76,26.53,4.8,OPEN
PING-29804,SHP-1298,4,2026-03-26 04:28:00,59,-16.96,26.92,2.4,CLOSED
PING-29805,SHP-1298,5,2026-03-26 05:20:00,76,-18.16,26.96,2.4,CLOSED
PING-29806,SHP-1298,6,2026-03-26 05:56:00,74,-19.36,25.17,2.4,CLOSED
PING-29807,SHP-1298,7,2026-03-26 06:54:00,0,-15.83,30.14,4.8,OPEN
PING-29808,SHP-1298,8,2026-03-26 07:33:00,46,-17.03,27.65,2.4,CLOSED
PING-29809,SHP-1298,9,2026-03-26 08:19:00,55,-18.23,30.23,2.4,CLOSED
PING-29810,SHP-1298,10,2026-03-26 09:14:00,66,-19.43,25.86,2.4,CLOSED
PING-29901,SHP-1299,1,2026-03-26 04:00:00,60,2.05,28.31,2.4,CLOSED
PING-29902,SHP-1299,2,2026-03-26 04:38:00,76,2.27,27.71,2.4,CLOSED
PING-29903,SHP-1299,3,2026-03-26 05:21:00,47,2.54,30.82,2.4,CLOSED
PING-29904,SHP-1299,4,2026-03-26 06:20:00,60,2.83,28.18,2.4,CLOSED
PING-29905,SHP-1299,5,2026-03-26 07:00:00,75,3.06,30.62,2.4,CLOSED
PING-29906,SHP-1299,6,2026-03-26 07:54:00,66,3.2,31.83,2.4,CLOSED
PING-29907,SHP-1299,7,2026-03-26 08:46:00,52,3.22,31.37,2.4,CLOSED
PING-29908,SHP-1299,8,2026-03-26 09:32:00,71,3.1,31.11,2.4,CLOSED
PING-29909,SHP-1299,9,2026-03-26 10:30:00,66,2.9,28.62,2.4,CLOSED
PING-29910,SHP-1299,10,2026-03-26 11:27:00,66,2.66,31.63,2.4,CLOSED
PING-30001,SHP-1300,1,2026-03-26 06:00:00,59,-19.62,31.77,2.4,CLOSED
PING-30002,SHP-1300,2,2026-03-26 06:56:00,57,-19.66,31.98,2.4,CLOSED
PING-30003,SHP-1300,3,2026-03-26 07:48:00,0,-15.45,31.23,4.8,OPEN
PING-30004,SHP-1300,4,2026-03-26 08:38:00,48,-16.65,28.45,2.4,CLOSED
PING-30005,SHP-1300,5,2026-03-26 09:37:00,55,-17.85,27.36,2.4,CLOSED
PING-30006,SHP-1300,6,2026-03-26 10:29:00,69,-19.05,28.42,2.4,CLOSED
PING-30007,SHP-1300,7,2026-03-26 11:11:00,0,-16.03,26.97,4.8,OPEN
PING-30008,SHP-1300,8,2026-03-26 12:05:00,55,-17.23,31.55,2.4,CLOSED
PING-30009,SHP-1300,9,2026-03-26 13:00:00,66,-18.43,28.64,2.4,CLOSED
PING-30010,SHP-1300,10,2026-03-26 13:47:00,59,-19.63,28.71,2.4,CLOSED
PING-30011,SHP-1300,11,2026-03-26 14:43:00,72,-19.64,27.43,2.4,CLOSED
PING-30012,SHP-1300,12,2026-03-26 15:21:00,64,-19.35,29.65,2.4,CLOSED
PING-30101,SHP-1301,1,2026-03-26 08:00:00,63,3.79,32.79,2.4,CLOSED
PING-30102,SHP-1301,2,2026-03-26 08:53:00,56,4.0,30.57,2.4,CLOSED
PING-30103,SHP-1301,3,2026-03-26 09:43:00,63,3.89,28.82,2.4,CLOSED
PING-30104,SHP-1301,4,2026-03-26 10:21:00,69,3.81,32.56,2.4,CLOSED
PING-30105,SHP-1301,5,2026-03-26 11:07:00,48,3.9,32.49,2.4,CLOSED
PING-30106,SHP-1301,6,2026-03-26 11:56:00,71,4.07,28.93,2.4,CLOSED
PING-30107,SHP-1301,7,2026-03-26 12:44:00,47,4.35,31.28,2.4,CLOSED
PING-30108,SHP-1301,8,2026-03-26 13:43:00,73,4.23,32.66,2.4,CLOSED
PING-30109,SHP-1301,9,2026-03-26 14:36:00,56,4.07,27.72,2.4,CLOSED
PING-30110,SHP-1301,10,2026-03-26 15:31:00,65,4.28,29.46,2.4,CLOSED
PING-30201,SHP-1302,1,2026-03-26 10:00:00,68,2.41,37.21,2.4,CLOSED
PING-30202,SHP-1302,2,2026-03-26 10:43:00,73,2.45,37.56,2.4,CLOSED
PING-30203,SHP-1302,3,2026-03-26 11:19:00,51,2.37,40.61,2.4,CLOSED
PING-30204,SHP-1302,4,2026-03-26 12:11:00,54,2.1,35.72,2.4,CLOSED
PING-30205,SHP-1302,5,2026-03-26 13:06:00,48,2.34,37.86,2.4,CLOSED
PING-30206,SHP-1302,6,2026-03-26 14:04:00,54,2.13,37.11,2.4,CLOSED
PING-30207,SHP-1302,7,2026-03-26 14:39:00,76,1.85,38.58,2.4,CLOSED
PING-30208,SHP-1302,8,2026-03-26 15:21:00,68,1.78,37.46,2.4,CLOSED
PING-30301,SHP-1303,1,2026-03-26 12:00:00,70,3.33,43.52,2.4,CLOSED
PING-30302,SHP-1303,2,2026-03-26 12:59:00,60,3.42,40.62,2.4,CLOSED
PING-30303,SHP-1303,3,2026-03-26 13:39:00,0,5.77,41.19,4.8,OPEN
PING-30304,SHP-1303,4,2026-03-26 14:38:00,45,4.57,40.02,2.4,CLOSED
PING-30305,SHP-1303,5,2026-03-26 15:17:00,68,3.37,40.88,2.4,CLOSED
PING-30306,SHP-1303,6,2026-03-26 16:03:00,58,3.16,39.51,2.4,CLOSED
PING-30307,SHP-1303,7,2026-03-26 16:51:00,0,5.21,43.29,4.8,OPEN
PING-30308,SHP-1303,8,2026-03-26 17:40:00,68,4.01,41.24,2.4,CLOSED
PING-30309,SHP-1303,9,2026-03-26 18:24:00,62,3.77,41.77,2.4,CLOSED
PING-30310,SHP-1303,10,2026-03-26 19:10:00,72,3.91,43.07,2.4,CLOSED
PING-30401,SHP-1304,1,2026-03-26 14:00:00,70,4.34,34.25,2.4,CLOSED
PING-30402,SHP-1304,2,2026-03-26 14:40:00,70,4.28,35.84,2.4,CLOSED
PING-30403,SHP-1304,3,2026-03-26 15:16:00,0,7.47,32.32,4.8,OPEN
PING-30404,SHP-1304,4,2026-03-26 15:56:00,61,6.27,33.93,2.4,CLOSED
PING-30405,SHP-1304,5,2026-03-26 16:31:00,70,5.07,35.11,2.4,CLOSED
PING-30406,SHP-1304,6,2026-03-26 17:30:00,50,3.87,33.87,2.4,CLOSED
PING-30407,SHP-1304,7,2026-03-26 18:15:00,0,6.54,33.71,4.8,OPEN
PING-30408,SHP-1304,8,2026-03-26 19:09:00,45,5.34,35.93,2.4,CLOSED
PING-30501,SHP-1305,1,2026-03-26 16:00:00,69,3.0,40.28,2.4,CLOSED
PING-30502,SHP-1305,2,2026-03-26 16:37:00,53,2.86,40.56,2.4,CLOSED
PING-30503,SHP-1305,3,2026-03-26 17:23:00,0,5.79,40.61,4.8,OPEN
PING-30504,SHP-1305,4,2026-03-26 18:22:00,54,4.59,41.26,2.4,CLOSED
PING-30505,SHP-1305,5,2026-03-26 19:02:00,60,3.39,38.98,2.4,CLOSED
PING-30506,SHP-1305,6,2026-03-26 19:50:00,46,3.25,42.36,2.4,CLOSED
PING-30507,SHP-1305,7,2026-03-26 20:28:00,0,6.01,40.5,4.8,OPEN
PING-30508,SHP-1305,8,2026-03-26 21:13:00,68,4.81,41.16,2.4,CLOSED
PING-30509,SHP-1305,9,2026-03-26 21:55:00,46,3.61,42.1,2.4,CLOSED
PING-30510,SHP-1305,10,2026-03-26 22:38:00,74,2.41,40.05,2.4,CLOSED
PING-30511,SHP-1305,11,2026-03-26 23:30:00,66,2.67,40.15,2.4,CLOSED
PING-30512,SHP-1305,12,2026-03-27 00:19:00,64,2.7,38.69,2.4,CLOSED
PING-30601,SHP-1306,1,2026-03-26 18:00:00,67,3.48,34.85,2.4,CLOSED
PING-30602,SHP-1306,2,2026-03-26 18:44:00,63,3.44,34.28,2.4,CLOSED
PING-30603,SHP-1306,3,2026-03-26 19:35:00,0,5.71,34.54,4.8,OPEN
PING-30604,SHP-1306,4,2026-03-26 20:21:00,60,4.51,34.15,2.4,CLOSED
PING-30605,SHP-1306,5,2026-03-26 21:18:00,72,3.31,35.03,2.4,CLOSED
PING-30606,SHP-1306,6,2026-03-26 22:10:00,69,3.04,34.24,2.4,CLOSED
PING-30607,SHP-1306,7,2026-03-26 22:52:00,0,5.2,31.98,4.8,OPEN
PING-30608,SHP-1306,8,2026-03-26 23:28:00,50,4.0,31.74,2.4,CLOSED
PING-30609,SHP-1306,9,2026-03-27 00:21:00,57,3.85,36.09,2.4,CLOSED
PING-30610,SHP-1306,10,2026-03-27 00:58:00,66,4.05,33.45,2.4,CLOSED
PING-30611,SHP-1306,11,2026-03-27 01:35:00,56,3.8,32.34,2.4,CLOSED
PING-30612,SHP-1306,12,2026-03-27 02:16:00,64,3.53,32.37,2.4,CLOSED
PING-30701,SHP-1307,1,2026-03-26 20:00:00,61,3.51,37.96,2.4,CLOSED
PING-30702,SHP-1307,2,2026-03-26 20:46:00,56,3.36,38.24,2.4,CLOSED
PING-30703,SHP-1307,3,2026-03-26 21:26:00,75,3.11,40.27,2.4,CLOSED
PING-30704,SHP-1307,4,2026-03-26 22:10:00,65,3.13,42.42,2.4,CLOSED
PING-30705,SHP-1307,5,2026-03-26 22:49:00,77,3.01,39.39,2.4,CLOSED
PING-30706,SHP-1307,6,2026-03-26 23:24:00,45,2.8,42.79,2.4,CLOSED
PING-30707,SHP-1307,7,2026-03-27 00:05:00,77,3.05,40.65,2.4,CLOSED
PING-30708,SHP-1307,8,2026-03-27 00:40:00,60,2.8,39.58,2.4,CLOSED
PING-30709,SHP-1307,9,2026-03-27 01:30:00,75,2.76,40.29,2.4,CLOSED
PING-30710,SHP-1307,10,2026-03-27 02:22:00,49,3.0,38.61,2.4,CLOSED
PING-30801,SHP-1308,1,2026-03-26 22:00:00,77,3.15,32.2,2.4,CLOSED
PING-30802,SHP-1308,2,2026-03-26 22:54:00,60,3.05,32.32,2.4,CLOSED
PING-30803,SHP-1308,3,2026-03-26 23:37:00,0,4.91,32.16,4.8,OPEN
PING-30804,SHP-1308,4,2026-03-27 00:34:00,67,3.71,30.98,2.4,CLOSED
PING-30805,SHP-1308,5,2026-03-27 01:23:00,68,3.95,31.0,2.4,CLOSED
PING-30806,SHP-1308,6,2026-03-27 02:19:00,59,3.83,33.07,2.4,CLOSED
PING-30807,SHP-1308,7,2026-03-27 03:15:00,0,8.05,35.29,4.8,OPEN
PING-30808,SHP-1308,8,2026-03-27 03:50:00,75,6.85,30.48,2.4,CLOSED
PING-30809,SHP-1308,9,2026-03-27 04:31:00,61,5.65,32.82,2.4,CLOSED
PING-30810,SHP-1308,10,2026-03-27 05:21:00,60,4.45,35.32,2.4,CLOSED
PING-30811,SHP-1308,11,2026-03-27 06:02:00,75,4.31,30.6,2.4,CLOSED
PING-30812,SHP-1308,12,2026-03-27 06:52:00,61,4.42,34.0,2.4,CLOSED
PING-30901,SHP-1309,1,2026-03-27 00:00:00,68,-19.5,39.85,2.4,CLOSED
PING-30902,SHP-1309,2,2026-03-27 00:50:00,58,-19.41,41.27,2.4,CLOSED
PING-30903,SHP-1309,3,2026-03-27 01:42:00,54,-19.14,39.91,2.4,CLOSED
PING-30904,SHP-1309,4,2026-03-27 02:32:00,64,-19.36,39.05,2.4,CLOSED
PING-30905,SHP-1309,5,2026-03-27 03:19:00,47,-19.29,39.7,2.4,CLOSED
PING-30906,SHP-1309,6,2026-03-27 04:02:00,67,-19.37,41.47,2.4,CLOSED
PING-30907,SHP-1309,7,2026-03-27 04:46:00,45,-19.4,42.8,2.4,CLOSED
PING-30908,SHP-1309,8,2026-03-27 05:22:00,62,-19.2,41.46,2.4,CLOSED
PING-31001,SHP-1310,1,2026-03-27 02:00:00,48,-20.08,28.18,2.4,CLOSED
PING-31002,SHP-1310,2,2026-03-27 02:43:00,66,-20.22,27.22,2.4,CLOSED
PING-31003,SHP-1310,3,2026-03-27 03:27:00,53,-20.14,28.52,2.4,CLOSED
PING-31004,SHP-1310,4,2026-03-27 04:07:00,70,-20.34,28.04,2.4,CLOSED
PING-31005,SHP-1310,5,2026-03-27 04:46:00,72,-20.57,28.42,2.4,CLOSED
PING-31006,SHP-1310,6,2026-03-27 05:29:00,49,-20.48,26.94,2.4,CLOSED
PING-31007,SHP-1310,7,2026-03-27 06:04:00,47,-20.55,26.76,2.4,CLOSED
PING-31008,SHP-1310,8,2026-03-27 06:49:00,46,-20.58,26.14,2.4,CLOSED
PING-31009,SHP-1310,9,2026-03-27 07:42:00,68,-20.66,26.18,2.4,CLOSED
PING-31010,SHP-1310,10,2026-03-27 08:27:00,76,-20.62,24.75,2.4,CLOSED
PING-31011,SHP-1310,11,2026-03-27 09:02:00,76,-20.56,29.59,2.4,CLOSED
PING-31012,SHP-1310,12,2026-03-27 09:49:00,66,-20.58,27.21,2.4,CLOSED
PING-31101,SHP-1311,1,2026-03-27 04:00:00,51,-19.74,34.69,2.4,CLOSED
PING-31102,SHP-1311,2,2026-03-27 04:36:00,47,-19.49,35.82,2.4,CLOSED
PING-31103,SHP-1311,3,2026-03-27 05:23:00,0,-16.52,36.14,4.8,OPEN
PING-31104,SHP-1311,4,2026-03-27 06:22:00,66,-17.72,31.49,2.4,CLOSED
PING-31105,SHP-1311,5,2026-03-27 07:09:00,62,-18.92,33.62,2.4,CLOSED
PING-31106,SHP-1311,6,2026-03-27 07:58:00,45,-20.12,34.7,2.4,CLOSED
PING-31107,SHP-1311,7,2026-03-27 08:50:00,0,-18.02,33.93,4.8,OPEN
PING-31108,SHP-1311,8,2026-03-27 09:39:00,67,-19.22,31.26,2.4,CLOSED
PING-31201,SHP-1312,1,2026-03-27 06:00:00,73,3.82,41.98,2.4,CLOSED
PING-31202,SHP-1312,2,2026-03-27 06:37:00,70,3.75,39.96,2.4,CLOSED
PING-31203,SHP-1312,3,2026-03-27 07:36:00,45,3.89,42.5,2.4,CLOSED
PING-31204,SHP-1312,4,2026-03-27 08:13:00,69,3.67,42.42,2.4,CLOSED
PING-31205,SHP-1312,5,2026-03-27 09:01:00,56,3.54,39.55,2.4,CLOSED
PING-31206,SHP-1312,6,2026-03-27 09:44:00,65,3.39,42.61,2.4,CLOSED
PING-31207,SHP-1312,7,2026-03-27 10:26:00,72,3.2,41.74,2.4,CLOSED
PING-31208,SHP-1312,8,2026-03-27 11:24:00,49,3.0,40.64,2.4,CLOSED
PING-31209,SHP-1312,9,2026-03-27 12:14:00,64,2.99,38.65,2.4,CLOSED
PING-31210,SHP-1312,10,2026-03-27 13:00:00,59,3.08,41.4,2.4,CLOSED
PING-31301,SHP-1313,1,2026-03-27 08:00:00,45,3.47,41.22,2.4,CLOSED
PING-31302,SHP-1313,2,2026-03-27 08:53:00,72,3.67,40.14,2.4,CLOSED
PING-31303,SHP-1313,3,2026-03-27 09:47:00,0,6.75,42.25,4.8,OPEN
PING-31304,SHP-1313,4,2026-03-27 10:26:00,75,5.55,38.44,2.4,CLOSED
PING-31305,SHP-1313,5,2026-03-27 11:03:00,59,4.35,40.4,2.4,CLOSED
PING-31306,SHP-1313,6,2026-03-27 11:43:00,71,4.38,38.43,2.4,CLOSED
PING-31307,SHP-1313,7,2026-03-27 12:32:00,0,7.06,39.93,4.8,OPEN
PING-31308,SHP-1313,8,2026-03-27 13:23:00,56,5.86,42.49,2.4,CLOSED
PING-31401,SHP-1314,1,2026-03-27 10:00:00,51,2.84,41.03,2.4,CLOSED
PING-31402,SHP-1314,2,2026-03-27 10:42:00,74,2.7,38.03,2.4,CLOSED
PING-31403,SHP-1314,3,2026-03-27 11:18:00,0,5.2,40.48,4.8,OPEN
PING-31404,SHP-1314,4,2026-03-27 11:56:00,60,4.0,40.59,2.4,CLOSED
PING-31405,SHP-1314,5,2026-03-27 12:52:00,52,2.8,41.64,2.4,CLOSED
PING-31406,SHP-1314,6,2026-03-27 13:32:00,59,2.91,37.77,2.4,CLOSED
PING-31407,SHP-1314,7,2026-03-27 14:24:00,0,5.28,38.11,4.8,OPEN
PING-31408,SHP-1314,8,2026-03-27 15:07:00,66,4.08,38.43,2.4,CLOSED
PING-31409,SHP-1314,9,2026-03-27 15:46:00,45,2.88,39.73,2.4,CLOSED
PING-31410,SHP-1314,10,2026-03-27 16:31:00,46,2.72,39.5,2.4,CLOSED
PING-31501,SHP-1315,1,2026-03-27 12:00:00,50,2.8,38.85,2.4,CLOSED
PING-31502,SHP-1315,2,2026-03-27 12:38:00,47,2.98,37.69,2.4,CLOSED
PING-31503,SHP-1315,3,2026-03-27 13:20:00,58,2.99,37.49,2.4,CLOSED
PING-31504,SHP-1315,4,2026-03-27 14:18:00,54,3.26,41.26,2.4,CLOSED
PING-31505,SHP-1315,5,2026-03-27 15:07:00,53,3.1,39.94,2.4,CLOSED
PING-31506,SHP-1315,6,2026-03-27 15:52:00,71,2.97,39.89,2.4,CLOSED
PING-31507,SHP-1315,7,2026-03-27 16:43:00,62,2.78,38.99,2.4,CLOSED
PING-31508,SHP-1315,8,2026-03-27 17:31:00,70,2.95,39.19,2.4,CLOSED
PING-31509,SHP-1315,9,2026-03-27 18:23:00,65,3.21,38.06,2.4,CLOSED
PING-31510,SHP-1315,10,2026-03-27 19:14:00,73,2.97,40.08,2.4,CLOSED
PING-31601,SHP-1316,1,2026-03-27 14:00:00,73,2.93,34.12,2.4,CLOSED
PING-31602,SHP-1316,2,2026-03-27 14:41:00,55,2.82,33.42,2.4,CLOSED
PING-31603,SHP-1316,3,2026-03-27 15:17:00,49,2.81,34.37,2.4,CLOSED
PING-31604,SHP-1316,4,2026-03-27 16:01:00,45,2.83,30.18,2.4,CLOSED
PING-31605,SHP-1316,5,2026-03-27 16:52:00,68,2.99,33.91,2.4,CLOSED
PING-31606,SHP-1316,6,2026-03-27 17:29:00,50,3.11,30.4,2.4,CLOSED
PING-31607,SHP-1316,7,2026-03-27 18:22:00,68,3.34,34.29,2.4,CLOSED
PING-31608,SHP-1316,8,2026-03-27 19:21:00,76,3.12,33.17,2.4,CLOSED
PING-31609,SHP-1316,9,2026-03-27 20:16:00,63,3.21,33.73,2.4,CLOSED
PING-31610,SHP-1316,10,2026-03-27 20:59:00,48,3.46,31.61,2.4,CLOSED
PING-31611,SHP-1316,11,2026-03-27 21:34:00,52,3.32,30.13,2.4,CLOSED
PING-31612,SHP-1316,12,2026-03-27 22:21:00,47,3.3,31.3,2.4,CLOSED
PING-31701,SHP-1317,1,2026-03-27 16:00:00,47,3.0,37.41,2.4,CLOSED
PING-31702,SHP-1317,2,2026-03-27 16:49:00,68,2.92,39.32,2.4,CLOSED
PING-31703,SHP-1317,3,2026-03-27 17:41:00,0,7.16,36.55,4.8,OPEN
PING-31704,SHP-1317,4,2026-03-27 18:20:00,65,5.96,38.51,2.4,CLOSED
PING-31705,SHP-1317,5,2026-03-27 19:07:00,45,4.76,38.29,2.4,CLOSED
PING-31706,SHP-1317,6,2026-03-27 20:05:00,56,3.56,40.56,2.4,CLOSED
PING-31707,SHP-1317,7,2026-03-27 20:48:00,0,5.72,37.43,4.8,OPEN
PING-31708,SHP-1317,8,2026-03-27 21:35:00,65,4.52,38.02,2.4,CLOSED
PING-31709,SHP-1317,9,2026-03-27 22:23:00,45,3.32,36.63,2.4,CLOSED
PING-31710,SHP-1317,10,2026-03-27 23:05:00,54,3.61,40.17,2.4,CLOSED
PING-31711,SHP-1317,11,2026-03-27 23:47:00,53,3.37,36.74,2.4,CLOSED
PING-31712,SHP-1317,12,2026-03-28 00:46:00,75,3.47,39.83,2.4,CLOSED
PING-31801,SHP-1318,1,2026-03-27 18:00:00,71,2.63,32.56,2.4,CLOSED
PING-31802,SHP-1318,2,2026-03-27 18:49:00,48,2.62,32.17,2.4,CLOSED
PING-31803,SHP-1318,3,2026-03-27 19:42:00,0,4.57,28.7,4.8,OPEN
PING-31804,SHP-1318,4,2026-03-27 20:30:00,67,3.37,28.31,2.4,CLOSED
PING-31805,SHP-1318,5,2026-03-27 21:11:00,52,3.19,32.61,2.4,CLOSED
PING-31806,SHP-1318,6,2026-03-27 22:03:00,71,3.33,29.51,2.4,CLOSED
PING-31807,SHP-1318,7,2026-03-27 22:57:00,0,7.67,31.39,4.8,OPEN
PING-31808,SHP-1318,8,2026-03-27 23:42:00,68,6.47,32.5,2.4,CLOSED
PING-31809,SHP-1318,9,2026-03-28 00:20:00,53,5.27,32.61,2.4,CLOSED
PING-31810,SHP-1318,10,2026-03-28 01:18:00,60,4.07,29.61,2.4,CLOSED
PING-31901,SHP-1319,1,2026-03-27 20:00:00,49,3.71,29.32,2.4,CLOSED
PING-31902,SHP-1319,2,2026-03-27 20:44:00,48,3.78,30.81,2.4,CLOSED
PING-31903,SHP-1319,3,2026-03-27 21:29:00,0,5.99,31.87,4.8,OPEN
PING-31904,SHP-1319,4,2026-03-27 22:06:00,46,4.79,31.95,2.4,CLOSED
PING-31905,SHP-1319,5,2026-03-27 22:47:00,58,4.55,34.12,2.4,CLOSED
PING-31906,SHP-1319,6,2026-03-27 23:40:00,73,4.74,34.44,2.4,CLOSED
PING-31907,SHP-1319,7,2026-03-28 00:34:00,0,8.12,31.1,4.8,OPEN
PING-31908,SHP-1319,8,2026-03-28 01:13:00,67,6.92,34.56,2.4,CLOSED
PING-32001,SHP-1320,1,2026-03-27 22:00:00,59,1.92,34.36,2.4,CLOSED
PING-32002,SHP-1320,2,2026-03-27 22:42:00,75,1.74,29.95,2.4,CLOSED
PING-32003,SHP-1320,3,2026-03-27 23:18:00,68,1.97,31.69,2.4,CLOSED
PING-32004,SHP-1320,4,2026-03-28 00:11:00,46,2.11,33.09,2.4,CLOSED
PING-32005,SHP-1320,5,2026-03-28 01:02:00,76,2.39,31.45,2.4,CLOSED
PING-32006,SHP-1320,6,2026-03-28 01:51:00,47,2.17,31.75,2.4,CLOSED
PING-32007,SHP-1320,7,2026-03-28 02:43:00,59,2.21,33.87,2.4,CLOSED
PING-32008,SHP-1320,8,2026-03-28 03:37:00,47,2.35,33.75,2.4,CLOSED
PING-32009,SHP-1320,9,2026-03-28 04:34:00,58,2.09,34.81,2.4,CLOSED
PING-32010,SHP-1320,10,2026-03-28 05:23:00,50,2.1,32.48,2.4,CLOSED
PING-32101,SHP-1321,1,2026-03-28 00:00:00,54,3.71,32.02,2.4,CLOSED
PING-32102,SHP-1321,2,2026-03-28 00:36:00,67,3.75,32.8,2.4,CLOSED
PING-32103,SHP-1321,3,2026-03-28 01:26:00,0,5.69,31.56,4.8,OPEN
PING-32104,SHP-1321,4,2026-03-28 02:18:00,57,4.49,34.7,2.4,CLOSED
PING-32105,SHP-1321,5,2026-03-28 03:13:00,50,4.7,33.68,2.4,CLOSED
PING-32106,SHP-1321,6,2026-03-28 04:06:00,70,3.5,35.33,2.4,CLOSED
PING-32107,SHP-1321,7,2026-03-28 04:46:00,0,5.8,34.26,4.8,OPEN
PING-32108,SHP-1321,8,2026-03-28 05:39:00,55,4.6,31.59,2.4,CLOSED
PING-32109,SHP-1321,9,2026-03-28 06:31:00,54,3.4,31.92,2.4,CLOSED
PING-32110,SHP-1321,10,2026-03-28 07:09:00,64,3.29,32.98,2.4,CLOSED
PING-32111,SHP-1321,11,2026-03-28 07:44:00,54,3.05,34.64,2.4,CLOSED
PING-32112,SHP-1321,12,2026-03-28 08:21:00,48,3.09,32.17,2.4,CLOSED
PING-32201,SHP-1322,1,2026-03-28 02:00:00,58,3.41,40.76,2.4,CLOSED
PING-32202,SHP-1322,2,2026-03-28 02:54:00,67,3.52,38.12,2.4,CLOSED
PING-32203,SHP-1322,3,2026-03-28 03:37:00,68,3.25,42.54,2.4,CLOSED
PING-32204,SHP-1322,4,2026-03-28 04:18:00,60,3.0,42.01,2.4,CLOSED
PING-32205,SHP-1322,5,2026-03-28 05:06:00,77,2.73,41.86,2.4,CLOSED
PING-32206,SHP-1322,6,2026-03-28 05:44:00,59,2.98,39.35,2.4,CLOSED
PING-32207,SHP-1322,7,2026-03-28 06:30:00,66,3.18,37.63,2.4,CLOSED
PING-32208,SHP-1322,8,2026-03-28 07:28:00,69,2.97,40.8,2.4,CLOSED
PING-32209,SHP-1322,9,2026-03-28 08:07:00,73,2.77,39.61,2.4,CLOSED
PING-32210,SHP-1322,10,2026-03-28 08:58:00,69,2.77,39.94,2.4,CLOSED
PING-32301,SHP-1323,1,2026-03-28 04:00:00,70,3.29,38.49,2.4,CLOSED
PING-32302,SHP-1323,2,2026-03-28 04:44:00,57,3.25,41.01,2.4,CLOSED
PING-32303,SHP-1323,3,2026-03-28 05:38:00,57,3.07,38.72,2.4,CLOSED
PING-32304,SHP-1323,4,2026-03-28 06:28:00,71,3.05,39.95,2.4,CLOSED
PING-32305,SHP-1323,5,2026-03-28 07:15:00,69,3.26,40.01,2.4,CLOSED
PING-32306,SHP-1323,6,2026-03-28 08:13:00,53,3.12,40.62,2.4,CLOSED
PING-32307,SHP-1323,7,2026-03-28 09:07:00,47,3.38,39.18,2.4,CLOSED
PING-32308,SHP-1323,8,2026-03-28 09:45:00,50,3.38,36.43,2.4,CLOSED
PING-32309,SHP-1323,9,2026-03-28 10:20:00,56,3.46,36.31,2.4,CLOSED
PING-32310,SHP-1323,10,2026-03-28 11:03:00,76,3.26,37.49,2.4,CLOSED
PING-32401,SHP-1324,1,2026-03-28 06:00:00,55,2.32,36.15,2.4,CLOSED
PING-32402,SHP-1324,2,2026-03-28 06:48:00,47,2.44,31.3,2.4,CLOSED
PING-32403,SHP-1324,3,2026-03-28 07:29:00,0,5.04,34.86,4.8,OPEN
PING-32404,SHP-1324,4,2026-03-28 08:18:00,57,3.84,34.68,2.4,CLOSED
PING-32405,SHP-1324,5,2026-03-28 08:57:00,47,2.64,35.78,2.4,CLOSED
PING-32406,SHP-1324,6,2026-03-28 09:46:00,55,2.73,33.13,2.4,CLOSED
PING-32407,SHP-1324,7,2026-03-28 10:23:00,0,6.76,34.34,4.8,OPEN
PING-32408,SHP-1324,8,2026-03-28 11:00:00,71,5.56,33.52,2.4,CLOSED
PING-32501,SHP-1325,1,2026-03-28 08:00:00,53,3.68,37.27,2.4,CLOSED
PING-32502,SHP-1325,2,2026-03-28 08:39:00,75,3.78,34.84,2.4,CLOSED
PING-32503,SHP-1325,3,2026-03-28 09:36:00,55,3.78,37.99,2.4,CLOSED
PING-32504,SHP-1325,4,2026-03-28 10:11:00,64,3.5,37.44,2.4,CLOSED
PING-32505,SHP-1325,5,2026-03-28 11:04:00,76,3.25,36.93,2.4,CLOSED
PING-32506,SHP-1325,6,2026-03-28 12:02:00,67,3.15,37.79,2.4,CLOSED
PING-32507,SHP-1325,7,2026-03-28 12:46:00,53,3.43,34.8,2.4,CLOSED
PING-32508,SHP-1325,8,2026-03-28 13:44:00,54,3.71,33.81,2.4,CLOSED
PING-32601,SHP-1326,1,2026-03-28 10:00:00,66,-19.56,34.0,2.4,CLOSED
PING-32602,SHP-1326,2,2026-03-28 10:40:00,47,-19.54,34.76,2.4,CLOSED
PING-32603,SHP-1326,3,2026-03-28 11:31:00,0,-15.22,34.9,4.8,OPEN
PING-32604,SHP-1326,4,2026-03-28 12:11:00,71,-16.42,36.65,2.4,CLOSED
PING-32605,SHP-1326,5,2026-03-28 13:07:00,52,-17.62,34.79,2.4,CLOSED
PING-32606,SHP-1326,6,2026-03-28 14:06:00,50,-18.82,36.25,2.4,CLOSED
PING-32607,SHP-1326,7,2026-03-28 14:46:00,0,-15.72,36.96,4.8,OPEN
PING-32608,SHP-1326,8,2026-03-28 15:33:00,71,-16.92,34.9,2.4,CLOSED
PING-32609,SHP-1326,9,2026-03-28 16:32:00,59,-18.12,33.38,2.4,CLOSED
PING-32610,SHP-1326,10,2026-03-28 17:17:00,69,-19.32,37.22,2.4,CLOSED
PING-32701,SHP-1327,1,2026-03-28 12:00:00,53,4.16,31.72,2.4,CLOSED
PING-32702,SHP-1327,2,2026-03-28 12:51:00,49,3.89,27.61,2.4,CLOSED
PING-32703,SHP-1327,3,2026-03-28 13:32:00,0,7.59,27.05,4.8,OPEN
PING-32704,SHP-1327,4,2026-03-28 14:15:00,75,6.39,29.62,2.4,CLOSED
PING-32705,SHP-1327,5,2026-03-28 14:56:00,76,5.19,27.9,2.4,CLOSED
PING-32706,SHP-1327,6,2026-03-28 15:53:00,68,3.99,30.63,2.4,CLOSED
PING-32707,SHP-1327,7,2026-03-28 16:47:00,0,7.11,31.04,4.8,OPEN
PING-32708,SHP-1327,8,2026-03-28 17:42:00,56,5.91,28.76,2.4,CLOSED
PING-32709,SHP-1327,9,2026-03-28 18:39:00,62,4.71,31.33,2.4,CLOSED
PING-32710,SHP-1327,10,2026-03-28 19:29:00,46,4.77,28.09,2.4,CLOSED
PING-32801,SHP-1328,1,2026-03-28 14:00:00,54,3.73,30.07,2.4,CLOSED
PING-32802,SHP-1328,2,2026-03-28 14:48:00,66,3.49,30.02,2.4,CLOSED
PING-32803,SHP-1328,3,2026-03-28 15:38:00,50,3.69,33.35,2.4,CLOSED
PING-32804,SHP-1328,4,2026-03-28 16:26:00,51,3.94,31.56,2.4,CLOSED
PING-32805,SHP-1328,5,2026-03-28 17:11:00,64,4.1,30.95,2.4,CLOSED
PING-32806,SHP-1328,6,2026-03-28 18:08:00,52,4.03,31.57,2.4,CLOSED
PING-32807,SHP-1328,7,2026-03-28 18:58:00,61,3.99,33.51,2.4,CLOSED
PING-32808,SHP-1328,8,2026-03-28 19:51:00,52,3.76,33.6,2.4,CLOSED
PING-32901,SHP-1329,1,2026-03-28 16:00:00,50,-19.69,33.59,2.4,CLOSED
PING-32902,SHP-1329,2,2026-03-28 16:50:00,58,-19.97,32.05,2.4,CLOSED
PING-32903,SHP-1329,3,2026-03-28 17:38:00,0,-15.98,34.09,4.8,OPEN
PING-32904,SHP-1329,4,2026-03-28 18:13:00,45,-17.18,34.53,2.4,CLOSED
PING-32905,SHP-1329,5,2026-03-28 18:56:00,63,-18.38,32.1,2.4,CLOSED
PING-32906,SHP-1329,6,2026-03-28 19:50:00,73,-19.58,36.09,2.4,CLOSED
PING-32907,SHP-1329,7,2026-03-28 20:32:00,0,-16.06,32.73,4.8,OPEN
PING-32908,SHP-1329,8,2026-03-28 21:26:00,48,-17.26,35.4,2.4,CLOSED
PING-32909,SHP-1329,9,2026-03-28 22:11:00,73,-18.46,35.26,2.4,CLOSED
PING-32910,SHP-1329,10,2026-03-28 22:55:00,74,-19.66,32.76,2.4,CLOSED
PING-33001,SHP-1330,1,2026-03-28 18:00:00,56,2.8,33.44,2.4,CLOSED
PING-33002,SHP-1330,2,2026-03-28 18:41:00,47,3.03,33.81,2.4,CLOSED
PING-33003,SHP-1330,3,2026-03-28 19:18:00,0,4.98,31.21,4.8,OPEN
PING-33004,SHP-1330,4,2026-03-28 20:16:00,77,3.78,30.32,2.4,CLOSED
PING-33005,SHP-1330,5,2026-03-28 20:54:00,56,2.58,31.06,2.4,CLOSED
PING-33006,SHP-1330,6,2026-03-28 21:47:00,70,2.55,33.33,2.4,CLOSED
PING-33007,SHP-1330,7,2026-03-28 22:36:00,0,6.52,30.29,4.8,OPEN
PING-33008,SHP-1330,8,2026-03-28 23:15:00,69,5.32,30.56,2.4,CLOSED
PING-33009,SHP-1330,9,2026-03-28 23:50:00,75,4.12,32.64,2.4,CLOSED
PING-33010,SHP-1330,10,2026-03-29 00:36:00,68,2.92,31.04,2.4,CLOSED
PING-33101,SHP-1331,1,2026-03-28 20:00:00,66,3.37,38.43,2.4,CLOSED
PING-33102,SHP-1331,2,2026-03-28 20:41:00,55,3.33,43.19,2.4,CLOSED
PING-33103,SHP-1331,3,2026-03-28 21:35:00,0,6.76,40.19,4.8,OPEN
PING-33104,SHP-1331,4,2026-03-28 22:27:00,72,5.56,41.6,2.4,CLOSED
PING-33105,SHP-1331,5,2026-03-28 23:21:00,69,4.36,41.47,2.4,CLOSED
PING-33106,SHP-1331,6,2026-03-29 00:03:00,51,4.51,42.62,2.4,CLOSED
PING-33107,SHP-1331,7,2026-03-29 00:58:00,0,8.45,40.93,4.8,OPEN
PING-33108,SHP-1331,8,2026-03-29 01:37:00,48,7.25,42.42,2.4,CLOSED
PING-33109,SHP-1331,9,2026-03-29 02:34:00,66,6.05,39.12,2.4,CLOSED
PING-33110,SHP-1331,10,2026-03-29 03:32:00,77,4.85,40.71,2.4,CLOSED
PING-33111,SHP-1331,11,2026-03-29 04:21:00,70,3.65,42.38,2.4,CLOSED
PING-33112,SHP-1331,12,2026-03-29 05:20:00,64,3.42,42.14,2.4,CLOSED
PING-33201,SHP-1332,1,2026-03-28 22:00:00,75,-20.42,31.04,2.4,CLOSED
PING-33202,SHP-1332,2,2026-03-28 22:59:00,60,-20.42,31.22,2.4,CLOSED
PING-33203,SHP-1332,3,2026-03-28 23:50:00,0,-17.42,32.3,4.8,OPEN
PING-33204,SHP-1332,4,2026-03-29 00:31:00,47,-18.62,33.12,2.4,CLOSED
PING-33205,SHP-1332,5,2026-03-29 01:13:00,68,-19.82,34.24,2.4,CLOSED
PING-33206,SHP-1332,6,2026-03-29 01:56:00,53,-19.72,34.26,2.4,CLOSED
PING-33207,SHP-1332,7,2026-03-29 02:31:00,0,-17.53,31.61,4.8,OPEN
PING-33208,SHP-1332,8,2026-03-29 03:25:00,47,-18.73,31.29,2.4,CLOSED
PING-33209,SHP-1332,9,2026-03-29 04:08:00,45,-19.93,34.45,2.4,CLOSED
PING-33210,SHP-1332,10,2026-03-29 04:57:00,46,-19.69,31.75,2.4,CLOSED
PING-33211,SHP-1332,11,2026-03-29 05:50:00,53,-19.58,33.54,2.4,CLOSED
PING-33212,SHP-1332,12,2026-03-29 06:44:00,68,-19.86,31.65,2.4,CLOSED
PING-33301,SHP-1333,1,2026-03-29 00:00:00,70,3.71,27.45,2.4,CLOSED
PING-33302,SHP-1333,2,2026-03-29 00:41:00,53,3.47,28.74,2.4,CLOSED
PING-33303,SHP-1333,3,2026-03-29 01:17:00,0,7.54,29.31,4.8,OPEN
PING-33304,SHP-1333,4,2026-03-29 02:06:00,57,6.34,30.16,2.4,CLOSED
PING-33305,SHP-1333,5,2026-03-29 02:51:00,70,5.14,31.0,2.4,CLOSED
PING-33306,SHP-1333,6,2026-03-29 03:42:00,61,3.94,30.78,2.4,CLOSED
PING-33307,SHP-1333,7,2026-03-29 04:29:00,0,6.03,27.12,4.8,OPEN
PING-33308,SHP-1333,8,2026-03-29 05:27:00,52,4.83,30.97,2.4,CLOSED
PING-33309,SHP-1333,9,2026-03-29 06:08:00,66,4.79,27.35,2.4,CLOSED
PING-33310,SHP-1333,10,2026-03-29 07:01:00,62,4.9,29.59,2.4,CLOSED
PING-33401,SHP-1334,1,2026-03-29 02:00:00,72,4.48,39.42,2.4,CLOSED
PING-33402,SHP-1334,2,2026-03-29 02:57:00,60,4.25,34.42,2.4,CLOSED
PING-33403,SHP-1334,3,2026-03-29 03:44:00,0,8.45,35.52,4.8,OPEN
PING-33404,SHP-1334,4,2026-03-29 04:34:00,66,7.25,35.3,2.4,CLOSED
PING-33405,SHP-1334,5,2026-03-29 05:14:00,60,6.05,35.46,2.4,CLOSED
PING-33406,SHP-1334,6,2026-03-29 06:03:00,60,4.85,37.28,2.4,CLOSED
PING-33407,SHP-1334,7,2026-03-29 06:41:00,0,7.99,34.69,4.8,OPEN
PING-33408,SHP-1334,8,2026-03-29 07:38:00,56,6.79,39.13,2.4,CLOSED
PING-33409,SHP-1334,9,2026-03-29 08:30:00,70,5.59,36.15,2.4,CLOSED
PING-33410,SHP-1334,10,2026-03-29 09:10:00,58,4.39,34.55,2.4,CLOSED
PING-33411,SHP-1334,11,2026-03-29 10:07:00,77,4.32,38.61,2.4,CLOSED
PING-33412,SHP-1334,12,2026-03-29 10:44:00,53,4.42,35.76,2.4,CLOSED
PING-33501,SHP-1335,1,2026-03-29 04:00:00,57,-19.91,26.6,2.4,CLOSED
PING-33502,SHP-1335,2,2026-03-29 04:36:00,70,-20.16,27.92,2.4,CLOSED
PING-33503,SHP-1335,3,2026-03-29 05:29:00,49,-20.05,26.26,2.4,CLOSED
PING-33504,SHP-1335,4,2026-03-29 06:22:00,57,-19.92,25.9,2.4,CLOSED
PING-33505,SHP-1335,5,2026-03-29 06:57:00,45,-20.05,26.74,2.4,CLOSED
PING-33506,SHP-1335,6,2026-03-29 07:42:00,48,-20.28,30.4,2.4,CLOSED
PING-33507,SHP-1335,7,2026-03-29 08:31:00,56,-20.02,29.19,2.4,CLOSED
PING-33508,SHP-1335,8,2026-03-29 09:11:00,49,-19.95,25.48,2.4,CLOSED
PING-33601,SHP-1336,1,2026-03-29 06:00:00,68,4.06,37.94,2.4,CLOSED
PING-33602,SHP-1336,2,2026-03-29 06:35:00,69,4.1,33.94,2.4,CLOSED
PING-33603,SHP-1336,3,2026-03-29 07:15:00,0,6.06,33.07,4.8,OPEN
PING-33604,SHP-1336,4,2026-03-29 08:06:00,61,4.86,32.72,2.4,CLOSED
PING-33605,SHP-1336,5,2026-03-29 09:05:00,62,4.95,34.05,2.4,CLOSED
PING-33606,SHP-1336,6,2026-03-29 09:56:00,68,4.87,36.3,2.4,CLOSED
PING-33607,SHP-1336,7,2026-03-29 10:33:00,0,9.03,35.23,4.8,OPEN
PING-33608,SHP-1336,8,2026-03-29 11:17:00,76,7.83,34.96,2.4,CLOSED
PING-33609,SHP-1336,9,2026-03-29 12:10:00,66,6.63,33.46,2.4,CLOSED
PING-33610,SHP-1336,10,2026-03-29 13:09:00,60,5.43,34.72,2.4,CLOSED
PING-33611,SHP-1336,11,2026-03-29 14:06:00,62,4.23,36.43,2.4,CLOSED
PING-33612,SHP-1336,12,2026-03-29 15:02:00,50,4.07,32.93,2.4,CLOSED
PING-33701,SHP-1337,1,2026-03-29 08:00:00,72,3.65,36.24,2.4,CLOSED
PING-33702,SHP-1337,2,2026-03-29 08:42:00,69,3.8,35.98,2.4,CLOSED
PING-33703,SHP-1337,3,2026-03-29 09:18:00,0,5.8,37.57,4.8,OPEN
PING-33704,SHP-1337,4,2026-03-29 10:13:00,67,4.6,37.84,2.4,CLOSED
PING-33705,SHP-1337,5,2026-03-29 11:05:00,74,3.4,34.06,2.4,CLOSED
PING-33706,SHP-1337,6,2026-03-29 11:49:00,54,3.38,37.22,2.4,CLOSED
PING-33707,SHP-1337,7,2026-03-29 12:46:00,0,6.25,38.41,4.8,OPEN
PING-33708,SHP-1337,8,2026-03-29 13:33:00,62,5.05,36.53,2.4,CLOSED
PING-33709,SHP-1337,9,2026-03-29 14:14:00,57,3.85,36.27,2.4,CLOSED
PING-33710,SHP-1337,10,2026-03-29 15:12:00,55,3.94,33.29,2.4,CLOSED
PING-33711,SHP-1337,11,2026-03-29 16:11:00,75,3.94,36.25,2.4,CLOSED
PING-33712,SHP-1337,12,2026-03-29 17:01:00,55,4.07,37.07,2.4,CLOSED
PING-33801,SHP-1338,1,2026-03-29 10:00:00,67,2.65,29.68,2.4,CLOSED
PING-33802,SHP-1338,2,2026-03-29 10:43:00,74,2.63,29.35,2.4,CLOSED
PING-33803,SHP-1338,3,2026-03-29 11:28:00,69,2.7,31.27,2.4,CLOSED
PING-33804,SHP-1338,4,2026-03-29 12:03:00,59,2.81,30.11,2.4,CLOSED
PING-33805,SHP-1338,5,2026-03-29 12:52:00,72,2.95,30.78,2.4,CLOSED
PING-33806,SHP-1338,6,2026-03-29 13:41:00,49,2.87,32.5,2.4,CLOSED
PING-33807,SHP-1338,7,2026-03-29 14:27:00,69,2.91,27.61,2.4,CLOSED
PING-33808,SHP-1338,8,2026-03-29 15:23:00,70,3.09,27.35,2.4,CLOSED
PING-33901,SHP-1339,1,2026-03-29 12:00:00,68,3.73,36.85,2.4,CLOSED
PING-33902,SHP-1339,2,2026-03-29 12:58:00,77,3.45,36.83,2.4,CLOSED
PING-33903,SHP-1339,3,2026-03-29 13:42:00,69,3.65,36.4,2.4,CLOSED
PING-33904,SHP-1339,4,2026-03-29 14:22:00,45,3.74,36.71,2.4,CLOSED
PING-33905,SHP-1339,5,2026-03-29 15:20:00,61,3.84,36.03,2.4,CLOSED
PING-33906,SHP-1339,6,2026-03-29 16:03:00,68,3.92,32.82,2.4,CLOSED
PING-33907,SHP-1339,7,2026-03-29 16:41:00,59,4.05,36.93,2.4,CLOSED
PING-33908,SHP-1339,8,2026-03-29 17:23:00,66,3.78,35.8,2.4,CLOSED
PING-33909,SHP-1339,9,2026-03-29 18:11:00,62,3.89,35.85,2.4,CLOSED
PING-33910,SHP-1339,10,2026-03-29 18:47:00,51,3.81,32.59,2.4,CLOSED
PING-34001,SHP-1340,1,2026-03-29 14:00:00,77,3.57,32.7,2.4,CLOSED
PING-34002,SHP-1340,2,2026-03-29 14:39:00,68,3.57,31.16,2.4,CLOSED
PING-34003,SHP-1340,3,2026-03-29 15:29:00,0,7.6,32.14,4.8,OPEN
PING-34004,SHP-1340,4,2026-03-29 16:21:00,58,6.4,32.98,2.4,CLOSED
PING-34005,SHP-1340,5,2026-03-29 17:03:00,65,5.2,32.69,2.4,CLOSED
PING-34006,SHP-1340,6,2026-03-29 17:58:00,76,4.0,35.84,2.4,CLOSED
PING-34007,SHP-1340,7,2026-03-29 18:37:00,0,5.84,33.11,4.8,OPEN
PING-34008,SHP-1340,8,2026-03-29 19:30:00,77,4.64,35.01,2.4,CLOSED
PING-34009,SHP-1340,9,2026-03-29 20:19:00,45,3.44,35.24,2.4,CLOSED
PING-34010,SHP-1340,10,2026-03-29 20:58:00,73,3.17,33.81,2.4,CLOSED
PING-34011,SHP-1340,11,2026-03-29 21:36:00,47,3.1,34.21,2.4,CLOSED
PING-34012,SHP-1340,12,2026-03-29 22:18:00,56,3.32,33.42,2.4,CLOSED
PING-34101,SHP-1341,1,2026-03-29 16:00:00,51,4.03,37.93,2.4,CLOSED
PING-34102,SHP-1341,2,2026-03-29 16:40:00,75,3.9,38.73,2.4,CLOSED
PING-34103,SHP-1341,3,2026-03-29 17:19:00,54,3.64,36.92,2.4,CLOSED
PING-34104,SHP-1341,4,2026-03-29 18:15:00,58,3.41,35.21,2.4,CLOSED
PING-34105,SHP-1341,5,2026-03-29 18:50:00,71,3.58,34.94,2.4,CLOSED
PING-34106,SHP-1341,6,2026-03-29 19:28:00,60,3.37,35.08,2.4,CLOSED
PING-34107,SHP-1341,7,2026-03-29 20:15:00,51,3.3,37.85,2.4,CLOSED
PING-34108,SHP-1341,8,2026-03-29 20:53:00,63,3.48,38.3,2.4,CLOSED
PING-34109,SHP-1341,9,2026-03-29 21:28:00,46,3.63,38.95,2.4,CLOSED
PING-34110,SHP-1341,10,2026-03-29 22:20:00,55,3.52,38.46,2.4,CLOSED
PING-34111,SHP-1341,11,2026-03-29 23:17:00,71,3.75,38.22,2.4,CLOSED
PING-34112,SHP-1341,12,2026-03-30 00:06:00,47,3.47,37.29,2.4,CLOSED
PING-34201,SHP-1342,1,2026-03-29 18:00:00,61,4.63,38.86,2.4,CLOSED
PING-34202,SHP-1342,2,2026-03-29 18:38:00,70,4.41,40.65,2.4,CLOSED
PING-34203,SHP-1342,3,2026-03-29 19:32:00,54,4.61,38.5,2.4,CLOSED
PING-34204,SHP-1342,4,2026-03-29 20:18:00,76,4.91,39.23,2.4,CLOSED
PING-34205,SHP-1342,5,2026-03-29 20:56:00,57,4.77,40.74,2.4,CLOSED
PING-34206,SHP-1342,6,2026-03-29 21:35:00,56,4.6,41.04,2.4,CLOSED
PING-34207,SHP-1342,7,2026-03-29 22:22:00,57,4.69,36.98,2.4,CLOSED
PING-34208,SHP-1342,8,2026-03-29 23:02:00,74,4.87,38.65,2.4,CLOSED
PING-34301,SHP-1343,1,2026-03-29 20:00:00,76,2.45,29.41,2.4,CLOSED
PING-34302,SHP-1343,2,2026-03-29 20:35:00,62,2.42,31.78,2.4,CLOSED
PING-34303,SHP-1343,3,2026-03-29 21:28:00,0,6.73,31.67,4.8,OPEN
PING-34304,SHP-1343,4,2026-03-29 22:10:00,66,5.53,31.07,2.4,CLOSED
PING-34305,SHP-1343,5,2026-03-29 23:09:00,49,4.33,28.42,2.4,CLOSED
PING-34306,SHP-1343,6,2026-03-29 23:47:00,64,3.13,28.11,2.4,CLOSED
PING-34307,SHP-1343,7,2026-03-30 00:38:00,0,7.02,29.75,4.8,OPEN
PING-34308,SHP-1343,8,2026-03-30 01:27:00,75,5.82,30.5,2.4,CLOSED
PING-34309,SHP-1343,9,2026-03-30 02:07:00,56,4.62,30.28,2.4,CLOSED
PING-34310,SHP-1343,10,2026-03-30 02:45:00,65,3.42,32.87,2.4,CLOSED
PING-34401,SHP-1344,1,2026-03-29 22:00:00,56,3.6,38.93,2.4,CLOSED
PING-34402,SHP-1344,2,2026-03-29 22:53:00,54,3.66,39.96,2.4,CLOSED
PING-34403,SHP-1344,3,2026-03-29 23:41:00,52,3.83,36.76,2.4,CLOSED
PING-34404,SHP-1344,4,2026-03-30 00:37:00,61,3.56,37.52,2.4,CLOSED
PING-34405,SHP-1344,5,2026-03-30 01:30:00,52,3.43,39.96,2.4,CLOSED
PING-34406,SHP-1344,6,2026-03-30 02:19:00,51,3.19,40.36,2.4,CLOSED
PING-34407,SHP-1344,7,2026-03-30 02:58:00,58,3.26,39.74,2.4,CLOSED
PING-34408,SHP-1344,8,2026-03-30 03:51:00,45,3.32,39.71,2.4,CLOSED
PING-34501,SHP-1345,1,2026-03-30 00:00:00,63,-19.96,39.14,2.4,CLOSED
PING-34502,SHP-1345,2,2026-03-30 00:43:00,68,-20.12,41.43,2.4,CLOSED
PING-34503,SHP-1345,3,2026-03-30 01:36:00,47,-20.11,42.77,2.4,CLOSED
PING-34504,SHP-1345,4,2026-03-30 02:31:00,63,-19.87,42.87,2.4,CLOSED
PING-34505,SHP-1345,5,2026-03-30 03:24:00,50,-20.08,39.12,2.4,CLOSED
PING-34506,SHP-1345,6,2026-03-30 04:06:00,77,-20.1,41.1,2.4,CLOSED
PING-34507,SHP-1345,7,2026-03-30 04:59:00,51,-19.98,39.05,2.4,CLOSED
PING-34508,SHP-1345,8,2026-03-30 05:47:00,77,-19.86,40.7,2.4,CLOSED
PING-34509,SHP-1345,9,2026-03-30 06:44:00,67,-19.93,42.02,2.4,CLOSED
PING-34510,SHP-1345,10,2026-03-30 07:20:00,45,-20.18,40.77,2.4,CLOSED
PING-34601,SHP-1346,1,2026-03-30 02:00:00,64,3.45,27.17,2.4,CLOSED
PING-34602,SHP-1346,2,2026-03-30 02:38:00,52,3.39,27.45,2.4,CLOSED
PING-34603,SHP-1346,3,2026-03-30 03:35:00,60,3.41,29.9,2.4,CLOSED
PING-34604,SHP-1346,4,2026-03-30 04:33:00,72,3.18,29.32,2.4,CLOSED
PING-34605,SHP-1346,5,2026-03-30 05:11:00,60,3.06,29.91,2.4,CLOSED
PING-34606,SHP-1346,6,2026-03-30 05:52:00,67,3.08,28.58,2.4,CLOSED
PING-34607,SHP-1346,7,2026-03-30 06:48:00,60,3.3,31.46,2.4,CLOSED
PING-34608,SHP-1346,8,2026-03-30 07:24:00,57,3.0,29.42,2.4,CLOSED
PING-34609,SHP-1346,9,2026-03-30 08:14:00,49,2.99,27.05,2.4,CLOSED
PING-34610,SHP-1346,10,2026-03-30 09:10:00,67,3.21,29.76,2.4,CLOSED
PING-34611,SHP-1346,11,2026-03-30 09:59:00,59,3.03,29.94,2.4,CLOSED
PING-34612,SHP-1346,12,2026-03-30 10:47:00,76,2.74,30.76,2.4,CLOSED
PING-34701,SHP-1347,1,2026-03-30 04:00:00,57,4.16,30.59,2.4,CLOSED
PING-34702,SHP-1347,2,2026-03-30 04:50:00,64,4.36,32.95,2.4,CLOSED
PING-34703,SHP-1347,3,2026-03-30 05:37:00,0,7.17,32.11,4.8,OPEN
PING-34704,SHP-1347,4,2026-03-30 06:36:00,69,5.97,31.96,2.4,CLOSED
PING-34705,SHP-1347,5,2026-03-30 07:22:00,61,4.77,33.22,2.4,CLOSED
PING-34706,SHP-1347,6,2026-03-30 08:08:00,55,4.88,31.85,2.4,CLOSED
PING-34707,SHP-1347,7,2026-03-30 09:04:00,0,7.54,34.89,4.8,OPEN
PING-34708,SHP-1347,8,2026-03-30 09:43:00,52,6.34,32.14,2.4,CLOSED
PING-34709,SHP-1347,9,2026-03-30 10:37:00,69,5.14,30.55,2.4,CLOSED
PING-34710,SHP-1347,10,2026-03-30 11:17:00,63,3.94,31.21,2.4,CLOSED
PING-34801,SHP-1348,1,2026-03-30 06:00:00,68,4.01,34.84,2.4,CLOSED
PING-34802,SHP-1348,2,2026-03-30 06:57:00,55,3.88,31.52,2.4,CLOSED
PING-34803,SHP-1348,3,2026-03-30 07:41:00,0,5.94,33.67,4.8,OPEN
PING-34804,SHP-1348,4,2026-03-30 08:25:00,74,4.74,34.58,2.4,CLOSED
PING-34805,SHP-1348,5,2026-03-30 09:00:00,68,5.03,32.34,2.4,CLOSED
PING-34806,SHP-1348,6,2026-03-30 09:44:00,62,3.83,31.27,2.4,CLOSED
PING-34807,SHP-1348,7,2026-03-30 10:34:00,0,5.87,32.9,4.8,OPEN
PING-34808,SHP-1348,8,2026-03-30 11:15:00,45,4.67,32.52,2.4,CLOSED
PING-34809,SHP-1348,9,2026-03-30 12:04:00,47,4.63,34.39,2.4,CLOSED
PING-34810,SHP-1348,10,2026-03-30 12:54:00,61,4.4,32.21,2.4,CLOSED
PING-34901,SHP-1349,1,2026-03-30 08:00:00,62,4.19,28.25,2.4,CLOSED
PING-34902,SHP-1349,2,2026-03-30 08:54:00,56,4.45,30.94,2.4,CLOSED
PING-34903,SHP-1349,3,2026-03-30 09:41:00,75,4.39,29.32,2.4,CLOSED
PING-34904,SHP-1349,4,2026-03-30 10:27:00,53,4.49,28.3,2.4,CLOSED
PING-34905,SHP-1349,5,2026-03-30 11:25:00,72,4.6,28.0,2.4,CLOSED
PING-34906,SHP-1349,6,2026-03-30 12:13:00,55,4.88,27.39,2.4,CLOSED
PING-34907,SHP-1349,7,2026-03-30 13:00:00,50,4.81,31.4,2.4,CLOSED
PING-34908,SHP-1349,8,2026-03-30 13:59:00,70,4.85,31.23,2.4,CLOSED
